[1785240282] [NOISE_PROTOCOL_DEBUG] HANDSHAKE_INIT - Protocol name: Noise_XX_25519_ChaChaPoly_SHA256
[1785240282] [NOISE_PROTOCOL_DEBUG] HANDSHAKE_INIT - Protocol name: Noise_XX_25519_ChaChaPoly_SHA256
[1785240282] [NOISE_PROTOCOL_DEBUG] HANDSHAKE_INIT - Initial hash: [78, 111, 105, 115, 101, 95, 88, 88]
[1785240282] [NOISE_PROTOCOL_DEBUG] HANDSHAKE_INIT - Initial hash: [78, 111, 105, 115, 101, 95, 88, 88]
[1785240282] [NOISE_PROTOCOL_DEBUG] HANDSHAKE_INIT - Initial chaining key: [78, 111, 105, 115, 101, 95, 88, 88]
[1785240282] [NOISE_PROTOCOL_DEBUG] HANDSHAKE_INIT - Initial chaining key: [78, 111, 105, 115, 101, 95, 88, 88]
[1785240282] [NOISE_PROTOCOL_DEBUG] HANDSHAKE_INIT - Protocol name: Noise_XX_25519_ChaChaPoly_SHA256
[1785240282] [NOISE_PROTOCOL_DEBUG] HANDSHAKE_INIT - Protocol name: Noise_XX_25519_ChaChaPoly_SHA256
[1785240282] [NOISE_PROTOCOL_DEBUG] HANDSHAKE_INIT - Initial hash: [78, 111, 105, 115, 101, 95, 88, 88]
[1785240282] [NOISE_PROTOCOL_DEBUG] HANDSHAKE_INIT - Initial hash: [78, 111, 105, 115, 101, 95, 88, 88]
[1785240282] [NOISE_PROTOCOL_DEBUG] HANDSHAKE_INIT - Initial chaining key: [78, 111, 105, 115, 101, 95, 88, 88]
[1785240282] [NOISE_PROTOCOL_DEBUG] HANDSHAKE_INIT - Initial chaining key: [78, 111, 105, 115, 101, 95, 88, 88]
[1785240282] [NOISE_PROTOCOL_DEBUG] WRITE_MESSAGE_START - Pattern: XX, Current: 0/3
[1785240282] [NOISE_PROTOCOL_DEBUG] WRITE_MESSAGE_START - Pattern: XX, Current: 0/3
[1785240282] [NOISE_PROTOCOL_DEBUG] WRITE_MESSAGE_PATTERNS - Processing patterns: [E]
[1785240282] [NOISE_PROTOCOL_DEBUG] WRITE_MESSAGE_PATTERNS - Processing patterns: [E]
[1785240282] [NOISE_PROTOCOL_DEBUG] WRITE_MESSAGE_PATTERN - Processing pattern: E
[1785240282] [NOISE_PROTOCOL_DEBUG] WRITE_MESSAGE_PATTERN - Processing pattern: E
[1785240282] [NOISE_PROTOCOL_DEBUG] WRITE_MESSAGE_E - Generating ephemeral key
[1785240282] [NOISE_PROTOCOL_DEBUG] WRITE_MESSAGE_E - Generating ephemeral key
[1785240282] [NOISE_PROTOCOL_DEBUG] WRITE_MESSAGE_START - Pattern: XX, Current: 0/3
[1785240282] [NOISE_PROTOCOL_DEBUG] WRITE_MESSAGE_PATTERNS - Processing patterns: [E]
[1785240282] [NOISE_PROTOCOL_DEBUG] WRITE_MESSAGE_START - Pattern: XX, Current: 0/3
[1785240282] [NOISE_PROTOCOL_DEBUG] WRITE_MESSAGE_PATTERN - Processing pattern: E
[1785240282] [NOISE_PROTOCOL_DEBUG] WRITE_MESSAGE_PATTERNS - Processing patterns: [E]
[1785240282] [NOISE_PROTOCOL_DEBUG] WRITE_MESSAGE_E - Generating ephemeral key
[1785240282] [NOISE_PROTOCOL_DEBUG] WRITE_MESSAGE_PATTERN - Processing pattern: E
[1785240282] [NOISE_PROTOCOL_DEBUG] WRITE_MESSAGE_E - Generating ephemeral key
[1785240282] [NOISE_PROTOCOL_DEBUG] WRITE_MESSAGE_E_DONE - Ephemeral key generated, buffer size: 32
[1785240282] [NOISE_PROTOCOL_DEBUG] WRITE_MESSAGE_E_DONE - Ephemeral key generated, buffer size: 32
[1785240282] [NOISE_PROTOCOL_DEBUG] WRITE_MESSAGE_ENCRYPT - Encrypting payload of 0 bytes
[1785240282] [NOISE_PROTOCOL_DEBUG] WRITE_MESSAGE_ENCRYPT - Encrypting payload of 0 bytes
[1785240282] [NOISE_PROTOCOL_DEBUG] WRITE_MESSAGE_ENCRYPT_DONE - Payload encrypted, total buffer size: 32
[1785240282] [NOISE_PROTOCOL_DEBUG] WRITE_MESSAGE_ENCRYPT_DONE - Payload encrypted, total buffer size: 32
[1785240282] [NOISE_PROTOCOL_DEBUG] WRITE_MESSAGE_COMPLETE - Message written, pattern 0 complete
[1785240282] [NOISE_PROTOCOL_DEBUG] WRITE_MESSAGE_COMPLETE - Message written, pattern 0 complete
[1785240282] [NOISE_PROTOCOL_DEBUG] WRITE_MESSAGE_E_DONE - Ephemeral key generated, buffer size: 32
[1785240282] [NOISE_PROTOCOL_DEBUG] WRITE_MESSAGE_E_DONE - Ephemeral key generated, buffer size: 32
[1785240282] [NOISE_PROTOCOL_DEBUG] WRITE_MESSAGE_ENCRYPT - Encrypting payload of 0 bytes
[1785240282] [NOISE_PROTOCOL_DEBUG] WRITE_MESSAGE_ENCRYPT - Encrypting payload of 0 bytes
[1785240282] [NOISE_PROTOCOL_DEBUG] HANDSHAKE_INIT - Protocol name: Noise_XX_25519_ChaChaPoly_SHA256
[1785240282] [NOISE_PROTOCOL_DEBUG] HANDSHAKE_INIT - Protocol name: Noise_XX_25519_ChaChaPoly_SHA256
[1785240282] [NOISE_PROTOCOL_DEBUG] WRITE_MESSAGE_ENCRYPT_DONE - Payload encrypted, total buffer size: 32
[1785240282] [NOISE_PROTOCOL_DEBUG] WRITE_MESSAGE_ENCRYPT_DONE - Payload encrypted, total buffer size: 32
[1785240282] [NOISE_PROTOCOL_DEBUG] HANDSHAKE_INIT - Initial hash: [78, 111, 105, 115, 101, 95, 88, 88]
[1785240282] [NOISE_PROTOCOL_DEBUG] HANDSHAKE_INIT - Initial hash: [78, 111, 105, 115, 101, 95, 88, 88]
[1785240282] [NOISE_PROTOCOL_DEBUG] WRITE_MESSAGE_COMPLETE - Message written, pattern 0 complete
[1785240282] [NOISE_PROTOCOL_DEBUG] WRITE_MESSAGE_COMPLETE - Message written, pattern 0 complete
[1785240282] [NOISE_PROTOCOL_DEBUG] HANDSHAKE_INIT - Initial chaining key: [78, 111, 105, 115, 101, 95, 88, 88]
[1785240282] [NOISE_PROTOCOL_DEBUG] HANDSHAKE_INIT - Initial chaining key: [78, 111, 105, 115, 101, 95, 88, 88]
[1785240282] [NOISE_PROTOCOL_DEBUG] HANDSHAKE_INIT - Protocol name: Noise_XX_25519_ChaChaPoly_SHA256
[1785240282] [NOISE_PROTOCOL_DEBUG] HANDSHAKE_INIT - Initial hash: [78, 111, 105, 115, 101, 95, 88, 88]
[1785240282] [NOISE_PROTOCOL_DEBUG] HANDSHAKE_INIT - Protocol name: Noise_XX_25519_ChaChaPoly_SHA256
[1785240282] [NOISE_PROTOCOL_DEBUG] HANDSHAKE_INIT - Initial chaining key: [78, 111, 105, 115, 101, 95, 88, 88]
[1785240282] [NOISE_PROTOCOL_DEBUG] HANDSHAKE_INIT - Initial hash: [78, 111, 105, 115, 101, 95, 88, 88]
[1785240282] [NOISE_PROTOCOL_DEBUG] HANDSHAKE_INIT - Initial chaining key: [78, 111, 105, 115, 101, 95, 88, 88]
[1785240282] [NOISE_PROTOCOL_DEBUG] READ_MESSAGE_START - Pattern: XX, Current: 0/3
[1785240282] [NOISE_PROTOCOL_DEBUG] READ_MESSAGE_START - Pattern: XX, Current: 0/3
[1785240282] [NOISE_PROTOCOL_DEBUG] READ_MESSAGE_HASH_BEFORE - Hash before read: [243, 209, 94, 97, 8, 237, 149, 86]
[1785240282] [NOISE_PROTOCOL_DEBUG] READ_MESSAGE_HASH_BEFORE - Hash before read: [243, 209, 94, 97, 8, 237, 149, 86]
[1785240282] [NOISE_PROTOCOL_DEBUG] READ_MESSAGE_PATTERNS - Processing patterns: [E]
[1785240282] [NOISE_PROTOCOL_DEBUG] READ_MESSAGE_PATTERNS - Processing patterns: [E]
[1785240282] [NOISE_PROTOCOL_DEBUG] READ_MESSAGE_PATTERN - Processing pattern: E
[1785240282] [NOISE_PROTOCOL_DEBUG] READ_MESSAGE_PATTERN - Processing pattern: E
[1785240282] [NOISE_PROTOCOL_DEBUG] READ_MESSAGE_HASH_BEFORE_PATTERN - Hash before pattern: [243, 209, 94, 97, 8, 237, 149, 86]
[1785240282] [NOISE_PROTOCOL_DEBUG] READ_MESSAGE_START - Pattern: XX, Current: 0/3
[1785240282] [NOISE_PROTOCOL_DEBUG] READ_MESSAGE_HASH_BEFORE_PATTERN - Hash before pattern: [243, 209, 94, 97, 8, 237, 149, 86]
[1785240282] [NOISE_PROTOCOL_DEBUG] READ_MESSAGE_E - Reading ephemeral key
[1785240282] [NOISE_PROTOCOL_DEBUG] READ_MESSAGE_HASH_BEFORE - Hash before read: [243, 209, 94, 97, 8, 237, 149, 86]
[1785240282] [NOISE_PROTOCOL_DEBUG] READ_MESSAGE_E - Reading ephemeral key
[1785240282] [NOISE_PROTOCOL_DEBUG] READ_MESSAGE_E_BYTES - Ephemeral key bytes: [53, 243, 196, 206, 54, 102, 21, 106]
[1785240282] [NOISE_PROTOCOL_DEBUG] READ_MESSAGE_START - Pattern: XX, Current: 0/3
[1785240282] [NOISE_PROTOCOL_DEBUG] READ_MESSAGE_PATTERNS - Processing patterns: [E]
[1785240282] [NOISE_PROTOCOL_DEBUG] READ_MESSAGE_E_BYTES - Ephemeral key bytes: [102, 18, 90, 65, 197, 162, 64, 159]
[1785240282] [NOISE_PROTOCOL_DEBUG] READ_MESSAGE_HASH_BEFORE - Hash before read: [243, 209, 94, 97, 8, 237, 149, 86]
[1785240282] [NOISE_PROTOCOL_DEBUG] READ_MESSAGE_PATTERN - Processing pattern: E
[1785240282] [NOISE_PROTOCOL_DEBUG] READ_MESSAGE_E_DONE - Ephemeral key read, offset: 32
[1785240282] [NOISE_PROTOCOL_DEBUG] READ_MESSAGE_PATTERNS - Processing patterns: [E]
[1785240282] [NOISE_PROTOCOL_DEBUG] READ_MESSAGE_E_DONE - Ephemeral key read, offset: 32
[1785240282] [NOISE_PROTOCOL_DEBUG] READ_MESSAGE_HASH_BEFORE_PATTERN - Hash before pattern: [243, 209, 94, 97, 8, 237, 149, 86]
[1785240282] [NOISE_PROTOCOL_DEBUG] READ_MESSAGE_PATTERN - Processing pattern: E
[1785240282] [NOISE_PROTOCOL_DEBUG] READ_MESSAGE_HASH_AFTER_PATTERN - Hash after pattern E: [30, 101, 119, 194, 137, 5, 55, 158]
[1785240282] [NOISE_PROTOCOL_DEBUG] READ_MESSAGE_E - Reading ephemeral key
[1785240282] [NOISE_PROTOCOL_DEBUG] READ_MESSAGE_HASH_AFTER_PATTERN - Hash after pattern E: [232, 64, 182, 33, 185, 126, 243, 193]
[1785240282] [NOISE_PROTOCOL_DEBUG] READ_MESSAGE_HASH_BEFORE_PATTERN - Hash before pattern: [243, 209, 94, 97, 8, 237, 149, 86]
[1785240282] [NOISE_PROTOCOL_DEBUG] READ_MESSAGE_PAYLOAD - Decrypting payload, length: 0
[1785240282] [NOISE_PROTOCOL_DEBUG] READ_MESSAGE_E_BYTES - Ephemeral key bytes: [186, 186, 254, 207, 243, 141, 211, 53]
[1785240282] [NOISE_PROTOCOL_DEBUG] READ_MESSAGE_PAYLOAD - Decrypting payload, length: 0
[1785240282] [NOISE_PROTOCOL_DEBUG] READ_MESSAGE_E - Reading ephemeral key
[1785240282] [NOISE_PROTOCOL_DEBUG] DECRYPT_AND_HASH - No cipher key, treating as plaintext, length: 0
[1785240282] [NOISE_PROTOCOL_DEBUG] DECRYPT_AND_HASH - No cipher key, treating as plaintext, length: 0
[1785240282] [NOISE_PROTOCOL_DEBUG] READ_MESSAGE_E_DONE - Ephemeral key read, offset: 32
[1785240282] [NOISE_PROTOCOL_DEBUG] READ_MESSAGE_E_BYTES - Ephemeral key bytes: [68, 218, 196, 217, 73, 106, 66, 119]
[1785240282] [NOISE_PROTOCOL_DEBUG] DECRYPT_AND_HASH_PLAINTEXT - Hash mixed with plaintext
[1785240282] [NOISE_PROTOCOL_DEBUG] DECRYPT_AND_HASH_PLAINTEXT - Hash mixed with plaintext
[1785240282] [NOISE_PROTOCOL_DEBUG] READ_MESSAGE_HASH_AFTER_PATTERN - Hash after pattern E: [163, 251, 62, 77, 64, 62, 107, 160]
[1785240282] [NOISE_PROTOCOL_DEBUG] READ_MESSAGE_PAYLOAD_SUCCESS - Payload decrypted successfully, length: 0
[1785240282] [NOISE_PROTOCOL_DEBUG] READ_MESSAGE_PAYLOAD_SUCCESS - Payload decrypted successfully, length: 0
[1785240282] [NOISE_PROTOCOL_DEBUG] READ_MESSAGE_E_DONE - Ephemeral key read, offset: 32
[1785240282] [NOISE_PROTOCOL_DEBUG] READ_MESSAGE_COMPLETE - Message read successfully, new pattern: 1/3
[1785240282] [NOISE_PROTOCOL_DEBUG] READ_MESSAGE_PAYLOAD - Decrypting payload, length: 0
[1785240282] [NOISE_PROTOCOL_DEBUG] READ_MESSAGE_COMPLETE - Message read successfully, new pattern: 1/3
[1785240282] [NOISE_PROTOCOL_DEBUG] READ_MESSAGE_HASH_AFTER - Hash after read: [21, 192, 13, 208, 38, 48, 195, 204]
[1785240282] [NOISE_PROTOCOL_DEBUG] READ_MESSAGE_HASH_AFTER_PATTERN - Hash after pattern E: [123, 124, 214, 243, 208, 162, 162, 72]
[1785240282] [NOISE_PROTOCOL_DEBUG] DECRYPT_AND_HASH - No cipher key, treating as plaintext, length: 0
[1785240282] [NOISE_PROTOCOL_DEBUG] READ_MESSAGE_HASH_AFTER - Hash after read: [255, 172, 50, 138, 223, 243, 114, 5]
[1785240282] [NOISE_PROTOCOL_DEBUG] READ_MESSAGE_PAYLOAD - Decrypting payload, length: 0
[1785240282] [NOISE_PROTOCOL_DEBUG] WRITE_MESSAGE_START - Pattern: XX, Current: 1/3
[1785240282] [NOISE_PROTOCOL_DEBUG] DECRYPT_AND_HASH_PLAINTEXT - Hash mixed with plaintext
[1785240282] [NOISE_PROTOCOL_DEBUG] WRITE_MESSAGE_START - Pattern: XX, Current: 1/3
[1785240282] [NOISE_PROTOCOL_DEBUG] DECRYPT_AND_HASH - No cipher key, treating as plaintext, length: 0
[1785240282] [NOISE_PROTOCOL_DEBUG] WRITE_MESSAGE_PATTERNS - Processing patterns: [E, EE, S, ES]
[1785240282] [NOISE_PROTOCOL_DEBUG] READ_MESSAGE_PAYLOAD_SUCCESS - Payload decrypted successfully, length: 0
[1785240282] [NOISE_PROTOCOL_DEBUG] WRITE_MESSAGE_PATTERNS - Processing patterns: [E, EE, S, ES]
[1785240282] [NOISE_PROTOCOL_DEBUG] WRITE_MESSAGE_PATTERN - Processing pattern: E
[1785240282] [NOISE_PROTOCOL_DEBUG] DECRYPT_AND_HASH_PLAINTEXT - Hash mixed with plaintext
[1785240282] [NOISE_PROTOCOL_DEBUG] READ_MESSAGE_COMPLETE - Message read successfully, new pattern: 1/3
[1785240282] [NOISE_PROTOCOL_DEBUG] WRITE_MESSAGE_PATTERN - Processing pattern: E
[1785240282] [NOISE_PROTOCOL_DEBUG] READ_MESSAGE_PAYLOAD_SUCCESS - Payload decrypted successfully, length: 0
[1785240282] [NOISE_PROTOCOL_DEBUG] WRITE_MESSAGE_E - Generating ephemeral key
[1785240282] [NOISE_PROTOCOL_DEBUG] READ_MESSAGE_HASH_AFTER - Hash after read: [222, 1, 205, 75, 76, 103, 91, 174]
[1785240282] [NOISE_PROTOCOL_DEBUG] WRITE_MESSAGE_E - Generating ephemeral key
[1785240282] [NOISE_PROTOCOL_DEBUG] READ_MESSAGE_COMPLETE - Message read successfully, new pattern: 1/3
[1785240282] [NOISE_PROTOCOL_DEBUG] WRITE_MESSAGE_START - Pattern: XX, Current: 1/3
[1785240282] [NOISE_PROTOCOL_DEBUG] READ_MESSAGE_HASH_AFTER - Hash after read: [11, 190, 157, 205, 39, 208, 101, 50]
[1785240282] [NOISE_PROTOCOL_DEBUG] WRITE_MESSAGE_PATTERNS - Processing patterns: [E, EE, S, ES]
[1785240282] [NOISE_PROTOCOL_DEBUG] WRITE_MESSAGE_START - Pattern: XX, Current: 1/3
[1785240282] [NOISE_PROTOCOL_DEBUG] WRITE_MESSAGE_PATTERN - Processing pattern: E
[1785240282] [NOISE_PROTOCOL_DEBUG] WRITE_MESSAGE_PATTERNS - Processing patterns: [E, EE, S, ES]
[1785240282] [NOISE_PROTOCOL_DEBUG] WRITE_MESSAGE_E - Generating ephemeral key
[1785240282] [NOISE_PROTOCOL_DEBUG] WRITE_MESSAGE_PATTERN - Processing pattern: E
[1785240282] [NOISE_PROTOCOL_DEBUG] WRITE_MESSAGE_E - Generating ephemeral key
[1785240282] [NOISE_PROTOCOL_DEBUG] WRITE_MESSAGE_E_DONE - Ephemeral key generated, buffer size: 32
[1785240282] [NOISE_PROTOCOL_DEBUG] WRITE_MESSAGE_E_DONE - Ephemeral key generated, buffer size: 32
[1785240282] [NOISE_PROTOCOL_DEBUG] WRITE_MESSAGE_PATTERN - Processing pattern: EE
[1785240282] [NOISE_PROTOCOL_DEBUG] WRITE_MESSAGE_PATTERN - Processing pattern: EE
[1785240282] [NOISE_PROTOCOL_DEBUG] WRITE_MESSAGE_EE - Performing DH(ephemeral, ephemeral)
[1785240282] [NOISE_PROTOCOL_DEBUG] WRITE_MESSAGE_EE - Performing DH(ephemeral, ephemeral)
[1785240282] [NOISE_PROTOCOL_DEBUG] WRITE_MESSAGE_E_DONE - Ephemeral key generated, buffer size: 32
[1785240282] [NOISE_PROTOCOL_DEBUG] WRITE_MESSAGE_PATTERN - Processing pattern: EE
[1785240282] [NOISE_PROTOCOL_DEBUG] WRITE_MESSAGE_EE - Performing DH(ephemeral, ephemeral)
[1785240282] [NOISE_PROTOCOL_DEBUG] WRITE_MESSAGE_E_DONE - Ephemeral key generated, buffer size: 32
[1785240282] [NOISE_PROTOCOL_DEBUG] WRITE_MESSAGE_PATTERN - Processing pattern: EE
[1785240282] [NOISE_PROTOCOL_DEBUG] WRITE_MESSAGE_EE - Performing DH(ephemeral, ephemeral)
[1785240282] [NOISE_PROTOCOL_DEBUG] WRITE_MESSAGE_EE_DONE - DH(ephemeral, ephemeral) completed
[1785240282] [NOISE_PROTOCOL_DEBUG] WRITE_MESSAGE_EE_DONE - DH(ephemeral, ephemeral) completed
[1785240282] [NOISE_PROTOCOL_DEBUG] WRITE_MESSAGE_PATTERN - Processing pattern: S
[1785240282] [NOISE_PROTOCOL_DEBUG] WRITE_MESSAGE_PATTERN - Processing pattern: S
[1785240282] [NOISE_PROTOCOL_DEBUG] WRITE_MESSAGE_S - Sending static key
[1785240282] [NOISE_PROTOCOL_DEBUG] WRITE_MESSAGE_S - Sending static key
[1785240282] [NOISE_PROTOCOL_DEBUG] WRITE_MESSAGE_EE_DONE - DH(ephemeral, ephemeral) completed
[1785240282] [NOISE_PROTOCOL_DEBUG] CIPHER_ENCRYPT - Encrypting with key, plaintext length: 32
[1785240282] [NOISE_PROTOCOL_DEBUG] CIPHER_ENCRYPT - Encrypting with key, plaintext length: 32
[1785240282] [NOISE_PROTOCOL_DEBUG] WRITE_MESSAGE_PATTERN - Processing pattern: S
[1785240282] [NOISE_PROTOCOL_DEBUG] CIPHER_ENCRYPT_KEY - Key length: 32
[1785240282] [NOISE_PROTOCOL_DEBUG] CIPHER_ENCRYPT_KEY - Key length: 32
[1785240282] [NOISE_PROTOCOL_DEBUG] WRITE_MESSAGE_S - Sending static key
[1785240282] [NOISE_PROTOCOL_DEBUG] CIPHER_ENCRYPT_NONCE - Current nonce: 0
[1785240282] [NOISE_PROTOCOL_DEBUG] WRITE_MESSAGE_EE_DONE - DH(ephemeral, ephemeral) completed
[1785240282] [NOISE_PROTOCOL_DEBUG] CIPHER_ENCRYPT_NONCE - Current nonce: 0
[1785240282] [NOISE_PROTOCOL_DEBUG] CIPHER_ENCRYPT - Encrypting with key, plaintext length: 32
[1785240282] [NOISE_PROTOCOL_DEBUG] CIPHER_ENCRYPT_ASSOCIATED_DATA - Associated data length: 32
[1785240282] [NOISE_PROTOCOL_DEBUG] CIPHER_ENCRYPT_ASSOCIATED_DATA - Associated data length: 32
[1785240282] [NOISE_PROTOCOL_DEBUG] WRITE_MESSAGE_PATTERN - Processing pattern: S
[1785240282] [NOISE_PROTOCOL_DEBUG] CIPHER_ENCRYPT_KEY - Key length: 32
[1785240282] [NOISE_PROTOCOL_DEBUG] WRITE_MESSAGE_S - Sending static key
[1785240282] [NOISE_PROTOCOL_DEBUG] CIPHER_ENCRYPT_NONCE - Current nonce: 0
[1785240282] [NOISE_PROTOCOL_DEBUG] CIPHER_ENCRYPT - Encrypting with key, plaintext length: 32
[1785240282] [NOISE_PROTOCOL_DEBUG] CIPHER_ENCRYPT_ASSOCIATED_DATA - Associated data length: 32
[1785240282] [NOISE_PROTOCOL_DEBUG] CIPHER_ENCRYPT_KEY - Key length: 32
[1785240282] [NOISE_PROTOCOL_DEBUG] CIPHER_ENCRYPT_NONCE - Current nonce: 0
[1785240282] [NOISE_PROTOCOL_DEBUG] CIPHER_ENCRYPT_ASSOCIATED_DATA - Associated data length: 32
[1785240282] [NOISE_PROTOCOL_DEBUG] CIPHER_ENCRYPT_SUCCESS - Encryption successful, ciphertext length: 48
[1785240282] [NOISE_PROTOCOL_DEBUG] CIPHER_ENCRYPT_SUCCESS - Encryption successful, ciphertext length: 48
[1785240282] [NOISE_PROTOCOL_DEBUG] CIPHER_ENCRYPT_SUCCESS - Encryption successful, ciphertext length: 48
[1785240282] [NOISE_PROTOCOL_DEBUG] CIPHER_ENCRYPT_SUCCESS - Encryption successful, ciphertext length: 48
[1785240282] [NOISE_PROTOCOL_DEBUG] WRITE_MESSAGE_S_DONE - Static key encrypted and sent, buffer size: 80
[1785240282] [NOISE_PROTOCOL_DEBUG] WRITE_MESSAGE_S_DONE - Static key encrypted and sent, buffer size: 80
[1785240282] [NOISE_PROTOCOL_DEBUG] WRITE_MESSAGE_S_DONE - Static key encrypted and sent, buffer size: 80
[1785240282] [NOISE_PROTOCOL_DEBUG] WRITE_MESSAGE_PATTERN - Processing pattern: ES
[1785240282] [NOISE_PROTOCOL_DEBUG] WRITE_MESSAGE_PATTERN - Processing pattern: ES
[1785240282] [NOISE_PROTOCOL_DEBUG] WRITE_MESSAGE_PATTERN - Processing pattern: ES
[1785240282] [NOISE_PROTOCOL_DEBUG] WRITE_MESSAGE_S_DONE - Static key encrypted and sent, buffer size: 80
[1785240282] [NOISE_PROTOCOL_DEBUG] WRITE_MESSAGE_ES - Performing DH(ephemeral, static), role: Responder
[1785240282] [NOISE_PROTOCOL_DEBUG] WRITE_MESSAGE_ES - Performing DH(ephemeral, static), role: Responder
[1785240282] [NOISE_PROTOCOL_DEBUG] WRITE_MESSAGE_ES - Performing DH(ephemeral, static), role: Responder
[1785240282] [NOISE_PROTOCOL_DEBUG] WRITE_MESSAGE_PATTERN - Processing pattern: ES
[1785240282] [NOISE_PROTOCOL_DEBUG] WRITE_MESSAGE_ES - Performing DH(ephemeral, static), role: Responder
[1785240282] [NOISE_PROTOCOL_DEBUG] WRITE_MESSAGE_ES_DONE - DH(ephemeral, static) completed for responder
[1785240282] [NOISE_PROTOCOL_DEBUG] WRITE_MESSAGE_ES_DONE - DH(ephemeral, static) completed for responder
[1785240282] [NOISE_PROTOCOL_DEBUG] WRITE_MESSAGE_ES_DONE - DH(ephemeral, static) completed for responder
[1785240282] [NOISE_PROTOCOL_DEBUG] WRITE_MESSAGE_ENCRYPT - Encrypting payload of 0 bytes
[1785240282] [NOISE_PROTOCOL_DEBUG] WRITE_MESSAGE_ENCRYPT - Encrypting payload of 0 bytes
[1785240282] [NOISE_PROTOCOL_DEBUG] WRITE_MESSAGE_ENCRYPT - Encrypting payload of 0 bytes
[1785240282] [NOISE_PROTOCOL_DEBUG] CIPHER_ENCRYPT - Encrypting with key, plaintext length: 0
[1785240282] [NOISE_PROTOCOL_DEBUG] CIPHER_ENCRYPT - Encrypting with key, plaintext length: 0
[1785240282] [NOISE_PROTOCOL_DEBUG] CIPHER_ENCRYPT - Encrypting with key, plaintext length: 0
[1785240282] [NOISE_PROTOCOL_DEBUG] CIPHER_ENCRYPT_KEY - Key length: 32
[1785240282] [NOISE_PROTOCOL_DEBUG] CIPHER_ENCRYPT_KEY - Key length: 32
[1785240282] [NOISE_PROTOCOL_DEBUG] CIPHER_ENCRYPT_KEY - Key length: 32
[1785240282] [NOISE_PROTOCOL_DEBUG] CIPHER_ENCRYPT_NONCE - Current nonce: 0
[1785240282] [NOISE_PROTOCOL_DEBUG] WRITE_MESSAGE_ES_DONE - DH(ephemeral, static) completed for responder
[1785240282] [NOISE_PROTOCOL_DEBUG] CIPHER_ENCRYPT_NONCE - Current nonce: 0
[1785240282] [NOISE_PROTOCOL_DEBUG] CIPHER_ENCRYPT_ASSOCIATED_DATA - Associated data length: 32
[1785240282] [NOISE_PROTOCOL_DEBUG] CIPHER_ENCRYPT_NONCE - Current nonce: 0
[1785240282] [NOISE_PROTOCOL_DEBUG] WRITE_MESSAGE_ENCRYPT - Encrypting payload of 0 bytes
[1785240282] [NOISE_PROTOCOL_DEBUG] CIPHER_ENCRYPT_ASSOCIATED_DATA - Associated data length: 32
[1785240282] [NOISE_PROTOCOL_DEBUG] CIPHER_ENCRYPT_ASSOCIATED_DATA - Associated data length: 32
[1785240282] [NOISE_PROTOCOL_DEBUG] CIPHER_ENCRYPT - Encrypting with key, plaintext length: 0
[1785240282] [NOISE_PROTOCOL_DEBUG] CIPHER_ENCRYPT_KEY - Key length: 32
[1785240282] [NOISE_PROTOCOL_DEBUG] CIPHER_ENCRYPT_NONCE - Current nonce: 0
[1785240282] [NOISE_PROTOCOL_DEBUG] CIPHER_ENCRYPT_ASSOCIATED_DATA - Associated data length: 32
[1785240282] [NOISE_PROTOCOL_DEBUG] CIPHER_ENCRYPT_SUCCESS - Encryption successful, ciphertext length: 16
[1785240282] [NOISE_PROTOCOL_DEBUG] CIPHER_ENCRYPT_SUCCESS - Encryption successful, ciphertext length: 16
[1785240282] [NOISE_PROTOCOL_DEBUG] CIPHER_ENCRYPT_SUCCESS - Encryption successful, ciphertext length: 16
[1785240282] [NOISE_PROTOCOL_DEBUG] WRITE_MESSAGE_ENCRYPT_DONE - Payload encrypted, total buffer size: 96
[1785240282] [NOISE_PROTOCOL_DEBUG] WRITE_MESSAGE_ENCRYPT_DONE - Payload encrypted, total buffer size: 96
[1785240282] [NOISE_PROTOCOL_DEBUG] WRITE_MESSAGE_COMPLETE - Message written, pattern 1 complete
[1785240282] [NOISE_PROTOCOL_DEBUG] WRITE_MESSAGE_ENCRYPT_DONE - Payload encrypted, total buffer size: 96
[1785240282] [NOISE_PROTOCOL_DEBUG] WRITE_MESSAGE_COMPLETE - Message written, pattern 1 complete
[1785240282] [NOISE_PROTOCOL_DEBUG] CIPHER_ENCRYPT_SUCCESS - Encryption successful, ciphertext length: 16
[1785240282] [NOISE_PROTOCOL_DEBUG] WRITE_MESSAGE_COMPLETE - Message written, pattern 1 complete
[1785240282] [NOISE_PROTOCOL_DEBUG] WRITE_MESSAGE_ENCRYPT_DONE - Payload encrypted, total buffer size: 96
[1785240282] [NOISE_PROTOCOL_DEBUG] READ_MESSAGE_START - Pattern: XX, Current: 1/3
[1785240282] [NOISE_PROTOCOL_DEBUG] READ_MESSAGE_START - Pattern: XX, Current: 1/3
[1785240282] [NOISE_PROTOCOL_DEBUG] READ_MESSAGE_HASH_BEFORE - Hash before read: [255, 172, 50, 138, 223, 243, 114, 5]
[1785240282] [NOISE_PROTOCOL_DEBUG] WRITE_MESSAGE_COMPLETE - Message written, pattern 1 complete
[1785240282] [NOISE_PROTOCOL_DEBUG] READ_MESSAGE_START - Pattern: XX, Current: 1/3
[1785240282] [NOISE_PROTOCOL_DEBUG] READ_MESSAGE_HASH_BEFORE - Hash before read: [222, 1, 205, 75, 76, 103, 91, 174]
[1785240282] [NOISE_PROTOCOL_DEBUG] READ_MESSAGE_PATTERNS - Processing patterns: [E, EE, S, ES]
[1785240282] [NOISE_PROTOCOL_DEBUG] READ_MESSAGE_HASH_BEFORE - Hash before read: [21, 192, 13, 208, 38, 48, 195, 204]
[1785240282] [NOISE_PROTOCOL_DEBUG] READ_MESSAGE_PATTERNS - Processing patterns: [E, EE, S, ES]
[1785240282] [NOISE_PROTOCOL_DEBUG] READ_MESSAGE_PATTERN - Processing pattern: E
[1785240282] [NOISE_PROTOCOL_DEBUG] READ_MESSAGE_PATTERNS - Processing patterns: [E, EE, S, ES]
[1785240282] [NOISE_PROTOCOL_DEBUG] READ_MESSAGE_HASH_BEFORE_PATTERN - Hash before pattern: [255, 172, 50, 138, 223, 243, 114, 5]
[1785240282] [NOISE_PROTOCOL_DEBUG] READ_MESSAGE_PATTERN - Processing pattern: E
[1785240282] [NOISE_PROTOCOL_DEBUG] READ_MESSAGE_PATTERN - Processing pattern: E
[1785240282] [NOISE_PROTOCOL_DEBUG] READ_MESSAGE_START - Pattern: XX, Current: 1/3
[1785240282] [NOISE_PROTOCOL_DEBUG] READ_MESSAGE_E - Reading ephemeral key
[1785240282] [NOISE_PROTOCOL_DEBUG] READ_MESSAGE_HASH_BEFORE_PATTERN - Hash before pattern: [222, 1, 205, 75, 76, 103, 91, 174]
[1785240282] [NOISE_PROTOCOL_DEBUG] READ_MESSAGE_HASH_BEFORE_PATTERN - Hash before pattern: [21, 192, 13, 208, 38, 48, 195, 204]
[1785240282] [NOISE_PROTOCOL_DEBUG] READ_MESSAGE_HASH_BEFORE - Hash before read: [11, 190, 157, 205, 39, 208, 101, 50]
[1785240282] [NOISE_PROTOCOL_DEBUG] READ_MESSAGE_E_BYTES - Ephemeral key bytes: [189, 12, 3, 226, 97, 20, 145, 251]
[1785240282] [NOISE_PROTOCOL_DEBUG] READ_MESSAGE_E - Reading ephemeral key
[1785240282] [NOISE_PROTOCOL_DEBUG] READ_MESSAGE_E - Reading ephemeral key
[1785240282] [NOISE_PROTOCOL_DEBUG] READ_MESSAGE_PATTERNS - Processing patterns: [E, EE, S, ES]
[1785240282] [NOISE_PROTOCOL_DEBUG] READ_MESSAGE_E_BYTES - Ephemeral key bytes: [71, 97, 222, 254, 70, 86, 28, 140]
[1785240282] [NOISE_PROTOCOL_DEBUG] READ_MESSAGE_E_BYTES - Ephemeral key bytes: [219, 171, 73, 129, 93, 166, 92, 20]
[1785240282] [NOISE_PROTOCOL_DEBUG] READ_MESSAGE_PATTERN - Processing pattern: E
[1785240282] [NOISE_PROTOCOL_DEBUG] READ_MESSAGE_E_DONE - Ephemeral key read, offset: 32
[1785240282] [NOISE_PROTOCOL_DEBUG] READ_MESSAGE_HASH_BEFORE_PATTERN - Hash before pattern: [11, 190, 157, 205, 39, 208, 101, 50]
[1785240282] [NOISE_PROTOCOL_DEBUG] READ_MESSAGE_E_DONE - Ephemeral key read, offset: 32
[1785240282] [NOISE_PROTOCOL_DEBUG] READ_MESSAGE_HASH_AFTER_PATTERN - Hash after pattern E: [145, 99, 183, 202, 69, 203, 102, 108]
[1785240282] [NOISE_PROTOCOL_DEBUG] READ_MESSAGE_E - Reading ephemeral key
[1785240282] [NOISE_PROTOCOL_DEBUG] READ_MESSAGE_E_DONE - Ephemeral key read, offset: 32
[1785240282] [NOISE_PROTOCOL_DEBUG] READ_MESSAGE_HASH_AFTER_PATTERN - Hash after pattern E: [48, 239, 216, 200, 26, 107, 69, 121]
[1785240282] [NOISE_PROTOCOL_DEBUG] READ_MESSAGE_PATTERN - Processing pattern: EE
[1785240282] [NOISE_PROTOCOL_DEBUG] READ_MESSAGE_E_BYTES - Ephemeral key bytes: [190, 19, 183, 67, 168, 34, 191, 168]
[1785240282] [NOISE_PROTOCOL_DEBUG] READ_MESSAGE_HASH_AFTER_PATTERN - Hash after pattern E: [238, 215, 110, 219, 48, 144, 129, 73]
[1785240282] [NOISE_PROTOCOL_DEBUG] READ_MESSAGE_PATTERN - Processing pattern: EE
[1785240282] [NOISE_PROTOCOL_DEBUG] READ_MESSAGE_HASH_BEFORE_PATTERN - Hash before pattern: [145, 99, 183, 202, 69, 203, 102, 108]
[1785240282] [NOISE_PROTOCOL_DEBUG] READ_MESSAGE_PATTERN - Processing pattern: EE
[1785240282] [NOISE_PROTOCOL_DEBUG] READ_MESSAGE_HASH_BEFORE_PATTERN - Hash before pattern: [48, 239, 216, 200, 26, 107, 69, 121]
[1785240282] [NOISE_PROTOCOL_DEBUG] READ_MESSAGE_EE - Performing DH(ephemeral, ephemeral)
[1785240282] [NOISE_PROTOCOL_DEBUG] READ_MESSAGE_E_DONE - Ephemeral key read, offset: 32
[1785240282] [NOISE_PROTOCOL_DEBUG] READ_MESSAGE_HASH_BEFORE_PATTERN - Hash before pattern: [238, 215, 110, 219, 48, 144, 129, 73]
[1785240282] [NOISE_PROTOCOL_DEBUG] READ_MESSAGE_EE - Performing DH(ephemeral, ephemeral)
[1785240282] [NOISE_PROTOCOL_DEBUG] READ_MESSAGE_EE - Performing DH(ephemeral, ephemeral)
[1785240282] [NOISE_PROTOCOL_DEBUG] READ_MESSAGE_HASH_AFTER_PATTERN - Hash after pattern E: [38, 178, 138, 179, 63, 72, 172, 83]
[1785240282] [NOISE_PROTOCOL_DEBUG] READ_MESSAGE_PATTERN - Processing pattern: EE
[1785240282] [NOISE_PROTOCOL_DEBUG] READ_MESSAGE_HASH_BEFORE_PATTERN - Hash before pattern: [38, 178, 138, 179, 63, 72, 172, 83]
[1785240282] [NOISE_PROTOCOL_DEBUG] READ_MESSAGE_EE - Performing DH(ephemeral, ephemeral)
[1785240282] [NOISE_PROTOCOL_DEBUG] READ_MESSAGE_EE_DONE - DH(ephemeral, ephemeral) completed
[1785240282] [NOISE_PROTOCOL_DEBUG] READ_MESSAGE_HASH_AFTER_PATTERN - Hash after pattern EE: [145, 99, 183, 202, 69, 203, 102, 108]
[1785240282] [NOISE_PROTOCOL_DEBUG] READ_MESSAGE_EE_DONE - DH(ephemeral, ephemeral) completed
[1785240282] [NOISE_PROTOCOL_DEBUG] READ_MESSAGE_PATTERN - Processing pattern: S
[1785240282] [NOISE_PROTOCOL_DEBUG] READ_MESSAGE_HASH_AFTER_PATTERN - Hash after pattern EE: [48, 239, 216, 200, 26, 107, 69, 121]
[1785240282] [NOISE_PROTOCOL_DEBUG] READ_MESSAGE_HASH_BEFORE_PATTERN - Hash before pattern: [145, 99, 183, 202, 69, 203, 102, 108]
[1785240282] [NOISE_PROTOCOL_DEBUG] READ_MESSAGE_EE_DONE - DH(ephemeral, ephemeral) completed
[1785240282] [NOISE_PROTOCOL_DEBUG] READ_MESSAGE_PATTERN - Processing pattern: S
[1785240282] [NOISE_PROTOCOL_DEBUG] READ_MESSAGE_S - Reading static key
[1785240282] [NOISE_PROTOCOL_DEBUG] READ_MESSAGE_HASH_AFTER_PATTERN - Hash after pattern EE: [238, 215, 110, 219, 48, 144, 129, 73]
[1785240282] [NOISE_PROTOCOL_DEBUG] READ_MESSAGE_HASH_BEFORE_PATTERN - Hash before pattern: [48, 239, 216, 200, 26, 107, 69, 121]
[1785240282] [NOISE_PROTOCOL_DEBUG] READ_MESSAGE_S_CHECK - Checking static key length: need 48 bytes, available 64 bytes, has_cipher_key: true
[1785240282] [NOISE_PROTOCOL_DEBUG] READ_MESSAGE_PATTERN - Processing pattern: S
[1785240282] [NOISE_PROTOCOL_DEBUG] READ_MESSAGE_S - Reading static key
[1785240282] [NOISE_PROTOCOL_DEBUG] READ_MESSAGE_S_DATA - Static key data length: 48, has_cipher_key: true
[1785240282] [NOISE_PROTOCOL_DEBUG] READ_MESSAGE_HASH_BEFORE_PATTERN - Hash before pattern: [238, 215, 110, 219, 48, 144, 129, 73]
[1785240282] [NOISE_PROTOCOL_DEBUG] READ_MESSAGE_EE_DONE - DH(ephemeral, ephemeral) completed
[1785240282] [NOISE_PROTOCOL_DEBUG] READ_MESSAGE_S_CHECK - Checking static key length: need 48 bytes, available 64 bytes, has_cipher_key: true
[1785240282] [NOISE_PROTOCOL_DEBUG] DECRYPT_AND_HASH - Decrypting with cipher key, ciphertext length: 48
[1785240282] [NOISE_PROTOCOL_DEBUG] READ_MESSAGE_S - Reading static key
[1785240282] [NOISE_PROTOCOL_DEBUG] READ_MESSAGE_HASH_AFTER_PATTERN - Hash after pattern EE: [38, 178, 138, 179, 63, 72, 172, 83]
[1785240282] [NOISE_PROTOCOL_DEBUG] READ_MESSAGE_S_DATA - Static key data length: 48, has_cipher_key: true
[1785240282] [NOISE_PROTOCOL_DEBUG] DECRYPT_AND_HASH_HASH - Current hash length: 32
[1785240282] [NOISE_PROTOCOL_DEBUG] READ_MESSAGE_S_CHECK - Checking static key length: need 48 bytes, available 64 bytes, has_cipher_key: true
[1785240282] [NOISE_PROTOCOL_DEBUG] READ_MESSAGE_PATTERN - Processing pattern: S
[1785240282] [NOISE_PROTOCOL_DEBUG] DECRYPT_AND_HASH - Decrypting with cipher key, ciphertext length: 48
[1785240282] [NOISE_PROTOCOL_DEBUG] DECRYPT_AND_HASH_HASH_BYTES - Hash bytes: [145, 99, 183, 202, 69, 203, 102, 108]
[1785240282] [NOISE_PROTOCOL_DEBUG] READ_MESSAGE_S_DATA - Static key data length: 48, has_cipher_key: true
[1785240282] [NOISE_PROTOCOL_DEBUG] READ_MESSAGE_HASH_BEFORE_PATTERN - Hash before pattern: [38, 178, 138, 179, 63, 72, 172, 83]
[1785240282] [NOISE_PROTOCOL_DEBUG] DECRYPT_AND_HASH_HASH - Current hash length: 32
[1785240282] [NOISE_PROTOCOL_DEBUG] CIPHER_DECRYPT - Decrypting with key, ciphertext length: 48
[1785240282] [NOISE_PROTOCOL_DEBUG] READ_MESSAGE_S - Reading static key
[1785240282] [NOISE_PROTOCOL_DEBUG] DECRYPT_AND_HASH - Decrypting with cipher key, ciphertext length: 48
[1785240282] [NOISE_PROTOCOL_DEBUG] DECRYPT_AND_HASH_HASH_BYTES - Hash bytes: [48, 239, 216, 200, 26, 107, 69, 121]
[1785240282] [NOISE_PROTOCOL_DEBUG] READ_MESSAGE_S_CHECK - Checking static key length: need 48 bytes, available 64 bytes, has_cipher_key: true
[1785240282] [NOISE_PROTOCOL_DEBUG] DECRYPT_AND_HASH_HASH - Current hash length: 32
[1785240282] [NOISE_PROTOCOL_DEBUG] CIPHER_DECRYPT - Decrypting with key, ciphertext length: 48
[1785240282] [NOISE_PROTOCOL_DEBUG] READ_MESSAGE_S_DATA - Static key data length: 48, has_cipher_key: true
[1785240282] [NOISE_PROTOCOL_DEBUG] DECRYPT_AND_HASH_HASH_BYTES - Hash bytes: [238, 215, 110, 219, 48, 144, 129, 73]
[1785240282] [NOISE_PROTOCOL_DEBUG] DECRYPT_AND_HASH - Decrypting with cipher key, ciphertext length: 48
[1785240282] [NOISE_PROTOCOL_DEBUG] CIPHER_DECRYPT - Decrypting with key, ciphertext length: 48
[1785240282] [NOISE_PROTOCOL_DEBUG] DECRYPT_AND_HASH_HASH - Current hash length: 32
[1785240282] [NOISE_PROTOCOL_DEBUG] DECRYPT_AND_HASH_HASH_BYTES - Hash bytes: [38, 178, 138, 179, 63, 72, 172, 83]
[1785240282] [NOISE_PROTOCOL_DEBUG] CIPHER_DECRYPT - Decrypting with key, ciphertext length: 48
[1785240282] [NOISE_PROTOCOL_DEBUG] CIPHER_DECRYPT_SUCCESS - Decryption successful, plaintext length: 32
[1785240282] [NOISE_PROTOCOL_DEBUG] DECRYPT_AND_HASH_SUCCESS - Decryption successful, plaintext length: 32
[1785240282] [NOISE_PROTOCOL_DEBUG] CIPHER_DECRYPT_SUCCESS - Decryption successful, plaintext length: 32
[1785240282] [NOISE_PROTOCOL_DEBUG] DECRYPT_AND_HASH_HASH_MIXED - Hash mixed with ciphertext
[1785240282] [NOISE_PROTOCOL_DEBUG] DECRYPT_AND_HASH_SUCCESS - Decryption successful, plaintext length: 32
[1785240282] [NOISE_PROTOCOL_DEBUG] CIPHER_DECRYPT_SUCCESS - Decryption successful, plaintext length: 32
[1785240282] [NOISE_PROTOCOL_DEBUG] READ_MESSAGE_S_DONE - Static key read and validated successfully
[1785240282] [NOISE_PROTOCOL_DEBUG] READ_MESSAGE_HASH_AFTER_PATTERN - Hash after pattern S: [142, 41, 197, 202, 191, 43, 77, 218]
[1785240282] [NOISE_PROTOCOL_DEBUG] DECRYPT_AND_HASH_SUCCESS - Decryption successful, plaintext length: 32
[1785240282] [NOISE_PROTOCOL_DEBUG] DECRYPT_AND_HASH_HASH_MIXED - Hash mixed with ciphertext
[1785240282] [NOISE_PROTOCOL_DEBUG] READ_MESSAGE_PATTERN - Processing pattern: ES
[1785240282] [NOISE_PROTOCOL_DEBUG] READ_MESSAGE_S_DONE - Static key read and validated successfully
[1785240282] [NOISE_PROTOCOL_DEBUG] READ_MESSAGE_HASH_BEFORE_PATTERN - Hash before pattern: [142, 41, 197, 202, 191, 43, 77, 218]
[1785240282] [NOISE_PROTOCOL_DEBUG] DECRYPT_AND_HASH_HASH_MIXED - Hash mixed with ciphertext
[1785240282] [NOISE_PROTOCOL_DEBUG] READ_MESSAGE_HASH_AFTER_PATTERN - Hash after pattern S: [201, 164, 148, 216, 59, 109, 150, 238]
[1785240282] [NOISE_PROTOCOL_DEBUG] READ_MESSAGE_ES - Performing DH(ephemeral, static)
[1785240282] [NOISE_PROTOCOL_DEBUG] READ_MESSAGE_S_DONE - Static key read and validated successfully
[1785240282] [NOISE_PROTOCOL_DEBUG] READ_MESSAGE_PATTERN - Processing pattern: ES
[1785240282] [NOISE_PROTOCOL_DEBUG] READ_MESSAGE_HASH_AFTER_PATTERN - Hash after pattern S: [226, 95, 68, 156, 159, 170, 6, 6]
[1785240282] [NOISE_PROTOCOL_DEBUG] READ_MESSAGE_HASH_BEFORE_PATTERN - Hash before pattern: [201, 164, 148, 216, 59, 109, 150, 238]
[1785240282] [NOISE_PROTOCOL_DEBUG] READ_MESSAGE_PATTERN - Processing pattern: ES
[1785240282] [NOISE_PROTOCOL_DEBUG] READ_MESSAGE_ES - Performing DH(ephemeral, static)
[1785240282] [NOISE_PROTOCOL_DEBUG] READ_MESSAGE_HASH_BEFORE_PATTERN - Hash before pattern: [226, 95, 68, 156, 159, 170, 6, 6]
[1785240282] [NOISE_PROTOCOL_DEBUG] READ_MESSAGE_ES - Performing DH(ephemeral, static)
[1785240282] [NOISE_PROTOCOL_DEBUG] CIPHER_DECRYPT_SUCCESS - Decryption successful, plaintext length: 32
[1785240282] [NOISE_PROTOCOL_DEBUG] DECRYPT_AND_HASH_SUCCESS - Decryption successful, plaintext length: 32
[1785240282] [NOISE_PROTOCOL_DEBUG] DECRYPT_AND_HASH_HASH_MIXED - Hash mixed with ciphertext
[1785240282] [NOISE_PROTOCOL_DEBUG] READ_MESSAGE_S_DONE - Static key read and validated successfully
[1785240282] [NOISE_PROTOCOL_DEBUG] READ_MESSAGE_HASH_AFTER_PATTERN - Hash after pattern S: [211, 221, 208, 2, 153, 171, 75, 58]
[1785240282] [NOISE_PROTOCOL_DEBUG] READ_MESSAGE_PATTERN - Processing pattern: ES
[1785240282] [NOISE_PROTOCOL_DEBUG] READ_MESSAGE_HASH_BEFORE_PATTERN - Hash before pattern: [211, 221, 208, 2, 153, 171, 75, 58]
[1785240282] [NOISE_PROTOCOL_DEBUG] READ_MESSAGE_ES - Performing DH(ephemeral, static)
[1785240282] [NOISE_PROTOCOL_DEBUG] READ_MESSAGE_ES_DONE - DH(ephemeral, static) completed
[1785240282] [NOISE_PROTOCOL_DEBUG] READ_MESSAGE_HASH_AFTER_PATTERN - Hash after pattern ES: [142, 41, 197, 202, 191, 43, 77, 218]
[1785240282] [NOISE_PROTOCOL_DEBUG] READ_MESSAGE_PAYLOAD - Decrypting payload, length: 16
[1785240282] [NOISE_PROTOCOL_DEBUG] DECRYPT_AND_HASH - Decrypting with cipher key, ciphertext length: 16
[1785240282] [NOISE_PROTOCOL_DEBUG] DECRYPT_AND_HASH_HASH - Current hash length: 32
[1785240282] [NOISE_PROTOCOL_DEBUG] DECRYPT_AND_HASH_HASH_BYTES - Hash bytes: [142, 41, 197, 202, 191, 43, 77, 218]
[1785240282] [NOISE_PROTOCOL_DEBUG] READ_MESSAGE_ES_DONE - DH(ephemeral, static) completed
[1785240282] [NOISE_PROTOCOL_DEBUG] CIPHER_DECRYPT - Decrypting with key, ciphertext length: 16
[1785240282] [NOISE_PROTOCOL_DEBUG] READ_MESSAGE_HASH_AFTER_PATTERN - Hash after pattern ES: [201, 164, 148, 216, 59, 109, 150, 238]
[1785240282] [NOISE_PROTOCOL_DEBUG] READ_MESSAGE_PAYLOAD - Decrypting payload, length: 16
[1785240282] [NOISE_PROTOCOL_DEBUG] READ_MESSAGE_ES_DONE - DH(ephemeral, static) completed
[1785240282] [NOISE_PROTOCOL_DEBUG] DECRYPT_AND_HASH - Decrypting with cipher key, ciphertext length: 16
[1785240282] [NOISE_PROTOCOL_DEBUG] READ_MESSAGE_HASH_AFTER_PATTERN - Hash after pattern ES: [226, 95, 68, 156, 159, 170, 6, 6]
[1785240282] [NOISE_PROTOCOL_DEBUG] DECRYPT_AND_HASH_HASH - Current hash length: 32
[1785240282] [NOISE_PROTOCOL_DEBUG] READ_MESSAGE_PAYLOAD - Decrypting payload, length: 16
[1785240282] [NOISE_PROTOCOL_DEBUG] DECRYPT_AND_HASH - Decrypting with cipher key, ciphertext length: 16
[1785240282] [NOISE_PROTOCOL_DEBUG] DECRYPT_AND_HASH_HASH_BYTES - Hash bytes: [201, 164, 148, 216, 59, 109, 150, 238]
[1785240282] [NOISE_PROTOCOL_DEBUG] DECRYPT_AND_HASH_HASH - Current hash length: 32
[1785240282] [NOISE_PROTOCOL_DEBUG] CIPHER_DECRYPT - Decrypting with key, ciphertext length: 16
[1785240282] [NOISE_PROTOCOL_DEBUG] CIPHER_DECRYPT_SUCCESS - Decryption successful, plaintext length: 0
[1785240282] [NOISE_PROTOCOL_DEBUG] DECRYPT_AND_HASH_HASH_BYTES - Hash bytes: [226, 95, 68, 156, 159, 170, 6, 6]
[1785240282] [NOISE_PROTOCOL_DEBUG] DECRYPT_AND_HASH_SUCCESS - Decryption successful, plaintext length: 0
[1785240282] [NOISE_PROTOCOL_DEBUG] CIPHER_DECRYPT - Decrypting with key, ciphertext length: 16
[1785240282] [NOISE_PROTOCOL_DEBUG] DECRYPT_AND_HASH_HASH_MIXED - Hash mixed with ciphertext
[1785240282] [NOISE_PROTOCOL_DEBUG] READ_MESSAGE_PAYLOAD_SUCCESS - Payload decrypted successfully, length: 0
[1785240282] [NOISE_PROTOCOL_DEBUG] READ_MESSAGE_COMPLETE - Message read successfully, new pattern: 2/3
[1785240282] [NOISE_PROTOCOL_DEBUG] READ_MESSAGE_HASH_AFTER - Hash after read: [43, 9, 53, 200, 173, 98, 158, 104]
[1785240282] [NOISE_PROTOCOL_DEBUG] READ_MESSAGE_ES_DONE - DH(ephemeral, static) completed
[1785240282] [NOISE_PROTOCOL_DEBUG] WRITE_MESSAGE_START - Pattern: XX, Current: 2/3
[1785240282] [NOISE_PROTOCOL_DEBUG] CIPHER_DECRYPT_SUCCESS - Decryption successful, plaintext length: 0
[1785240282] [NOISE_PROTOCOL_DEBUG] WRITE_MESSAGE_PATTERNS - Processing patterns: [S, SE]
[1785240282] [NOISE_PROTOCOL_DEBUG] DECRYPT_AND_HASH_SUCCESS - Decryption successful, plaintext length: 0
[1785240282] [NOISE_PROTOCOL_DEBUG] READ_MESSAGE_HASH_AFTER_PATTERN - Hash after pattern ES: [211, 221, 208, 2, 153, 171, 75, 58]
[1785240282] [NOISE_PROTOCOL_DEBUG] WRITE_MESSAGE_PATTERN - Processing pattern: S
[1785240282] [NOISE_PROTOCOL_DEBUG] CIPHER_DECRYPT_SUCCESS - Decryption successful, plaintext length: 0
[1785240282] [NOISE_PROTOCOL_DEBUG] DECRYPT_AND_HASH_HASH_MIXED - Hash mixed with ciphertext
[1785240282] [NOISE_PROTOCOL_DEBUG] READ_MESSAGE_PAYLOAD - Decrypting payload, length: 16
[1785240282] [NOISE_PROTOCOL_DEBUG] WRITE_MESSAGE_S - Sending static key
[1785240282] [NOISE_PROTOCOL_DEBUG] DECRYPT_AND_HASH_SUCCESS - Decryption successful, plaintext length: 0
[1785240282] [NOISE_PROTOCOL_DEBUG] READ_MESSAGE_PAYLOAD_SUCCESS - Payload decrypted successfully, length: 0
[1785240282] [NOISE_PROTOCOL_DEBUG] DECRYPT_AND_HASH - Decrypting with cipher key, ciphertext length: 16
[1785240282] [NOISE_PROTOCOL_DEBUG] CIPHER_ENCRYPT - Encrypting with key, plaintext length: 32
[1785240282] [NOISE_PROTOCOL_DEBUG] READ_MESSAGE_COMPLETE - Message read successfully, new pattern: 2/3
[1785240282] [NOISE_PROTOCOL_DEBUG] DECRYPT_AND_HASH_HASH_MIXED - Hash mixed with ciphertext
[1785240282] [NOISE_PROTOCOL_DEBUG] DECRYPT_AND_HASH_HASH - Current hash length: 32
[1785240282] [NOISE_PROTOCOL_DEBUG] CIPHER_ENCRYPT_KEY - Key length: 32
[1785240282] [NOISE_PROTOCOL_DEBUG] READ_MESSAGE_HASH_AFTER - Hash after read: [44, 165, 72, 129, 162, 237, 26, 174]
[1785240282] [NOISE_PROTOCOL_DEBUG] READ_MESSAGE_PAYLOAD_SUCCESS - Payload decrypted successfully, length: 0
[1785240282] [NOISE_PROTOCOL_DEBUG] DECRYPT_AND_HASH_HASH_BYTES - Hash bytes: [211, 221, 208, 2, 153, 171, 75, 58]
[1785240282] [NOISE_PROTOCOL_DEBUG] CIPHER_ENCRYPT_NONCE - Current nonce: 1
[1785240282] [NOISE_PROTOCOL_DEBUG] WRITE_MESSAGE_START - Pattern: XX, Current: 2/3
[1785240282] [NOISE_PROTOCOL_DEBUG] CIPHER_DECRYPT - Decrypting with key, ciphertext length: 16
[1785240282] [NOISE_PROTOCOL_DEBUG] CIPHER_ENCRYPT_ASSOCIATED_DATA - Associated data length: 32
[1785240282] [NOISE_PROTOCOL_DEBUG] READ_MESSAGE_COMPLETE - Message read successfully, new pattern: 2/3
[1785240282] [NOISE_PROTOCOL_DEBUG] WRITE_MESSAGE_PATTERNS - Processing patterns: [S, SE]
[1785240282] [NOISE_PROTOCOL_DEBUG] READ_MESSAGE_HASH_AFTER - Hash after read: [31, 198, 149, 138, 65, 183, 57, 134]
[1785240282] [NOISE_PROTOCOL_DEBUG] WRITE_MESSAGE_PATTERN - Processing pattern: S
[1785240282] [NOISE_PROTOCOL_DEBUG] WRITE_MESSAGE_START - Pattern: XX, Current: 2/3
[1785240282] [NOISE_PROTOCOL_DEBUG] WRITE_MESSAGE_S - Sending static key
[1785240282] [NOISE_PROTOCOL_DEBUG] WRITE_MESSAGE_PATTERNS - Processing patterns: [S, SE]
[1785240282] [NOISE_PROTOCOL_DEBUG] CIPHER_ENCRYPT - Encrypting with key, plaintext length: 32
[1785240282] [NOISE_PROTOCOL_DEBUG] WRITE_MESSAGE_PATTERN - Processing pattern: S
[1785240282] [NOISE_PROTOCOL_DEBUG] CIPHER_ENCRYPT_KEY - Key length: 32
[1785240282] [NOISE_PROTOCOL_DEBUG] WRITE_MESSAGE_S - Sending static key
[1785240282] [NOISE_PROTOCOL_DEBUG] CIPHER_ENCRYPT_NONCE - Current nonce: 1
[1785240282] [NOISE_PROTOCOL_DEBUG] CIPHER_DECRYPT_SUCCESS - Decryption successful, plaintext length: 0
[1785240282] [NOISE_PROTOCOL_DEBUG] CIPHER_ENCRYPT - Encrypting with key, plaintext length: 32
[1785240282] [NOISE_PROTOCOL_DEBUG] CIPHER_ENCRYPT_ASSOCIATED_DATA - Associated data length: 32
[1785240282] [NOISE_PROTOCOL_DEBUG] DECRYPT_AND_HASH_SUCCESS - Decryption successful, plaintext length: 0
[1785240282] [NOISE_PROTOCOL_DEBUG] CIPHER_ENCRYPT_KEY - Key length: 32
[1785240282] [NOISE_PROTOCOL_DEBUG] CIPHER_ENCRYPT_NONCE - Current nonce: 1
[1785240282] [NOISE_PROTOCOL_DEBUG] DECRYPT_AND_HASH_HASH_MIXED - Hash mixed with ciphertext
[1785240282] [NOISE_PROTOCOL_DEBUG] CIPHER_ENCRYPT_SUCCESS - Encryption successful, ciphertext length: 48
[1785240282] [NOISE_PROTOCOL_DEBUG] CIPHER_ENCRYPT_ASSOCIATED_DATA - Associated data length: 32
[1785240282] [NOISE_PROTOCOL_DEBUG] READ_MESSAGE_PAYLOAD_SUCCESS - Payload decrypted successfully, length: 0
[1785240282] [NOISE_PROTOCOL_DEBUG] READ_MESSAGE_COMPLETE - Message read successfully, new pattern: 2/3
[1785240282] [NOISE_PROTOCOL_DEBUG] WRITE_MESSAGE_S_DONE - Static key encrypted and sent, buffer size: 48
[1785240282] [NOISE_PROTOCOL_DEBUG] READ_MESSAGE_HASH_AFTER - Hash after read: [160, 124, 7, 3, 38, 250, 123, 132]
[1785240282] [NOISE_PROTOCOL_DEBUG] WRITE_MESSAGE_PATTERN - Processing pattern: SE
[1785240282] [NOISE_PROTOCOL_DEBUG] WRITE_MESSAGE_START - Pattern: XX, Current: 2/3
[1785240282] [NOISE_PROTOCOL_DEBUG] WRITE_MESSAGE_SE - Performing DH(static, ephemeral), role: Initiator
[1785240282] [NOISE_PROTOCOL_DEBUG] WRITE_MESSAGE_PATTERNS - Processing patterns: [S, SE]
[1785240282] [NOISE_PROTOCOL_DEBUG] WRITE_MESSAGE_PATTERN - Processing pattern: S
[1785240282] [NOISE_PROTOCOL_DEBUG] WRITE_MESSAGE_S - Sending static key
[1785240282] [NOISE_PROTOCOL_DEBUG] CIPHER_ENCRYPT_SUCCESS - Encryption successful, ciphertext length: 48
[1785240282] [NOISE_PROTOCOL_DEBUG] CIPHER_ENCRYPT - Encrypting with key, plaintext length: 32
[1785240282] [NOISE_PROTOCOL_DEBUG] CIPHER_ENCRYPT_KEY - Key length: 32
[1785240282] [NOISE_PROTOCOL_DEBUG] WRITE_MESSAGE_S_DONE - Static key encrypted and sent, buffer size: 48
[1785240282] [NOISE_PROTOCOL_DEBUG] CIPHER_ENCRYPT_NONCE - Current nonce: 1
[1785240282] [NOISE_PROTOCOL_DEBUG] WRITE_MESSAGE_PATTERN - Processing pattern: SE
[1785240282] [NOISE_PROTOCOL_DEBUG] CIPHER_ENCRYPT_SUCCESS - Encryption successful, ciphertext length: 48
[1785240282] [NOISE_PROTOCOL_DEBUG] CIPHER_ENCRYPT_ASSOCIATED_DATA - Associated data length: 32
[1785240282] [NOISE_PROTOCOL_DEBUG] WRITE_MESSAGE_SE - Performing DH(static, ephemeral), role: Initiator
[1785240282] [NOISE_PROTOCOL_DEBUG] WRITE_MESSAGE_S_DONE - Static key encrypted and sent, buffer size: 48
[1785240282] [NOISE_PROTOCOL_DEBUG] WRITE_MESSAGE_PATTERN - Processing pattern: SE
[1785240282] [NOISE_PROTOCOL_DEBUG] WRITE_MESSAGE_SE - Performing DH(static, ephemeral), role: Initiator
[1785240282] [NOISE_PROTOCOL_DEBUG] CIPHER_ENCRYPT_SUCCESS - Encryption successful, ciphertext length: 48
[1785240282] [NOISE_PROTOCOL_DEBUG] WRITE_MESSAGE_S_DONE - Static key encrypted and sent, buffer size: 48
[1785240282] [NOISE_PROTOCOL_DEBUG] WRITE_MESSAGE_PATTERN - Processing pattern: SE
[1785240282] [NOISE_PROTOCOL_DEBUG] WRITE_MESSAGE_SE - Performing DH(static, ephemeral), role: Initiator
[1785240282] [NOISE_PROTOCOL_DEBUG] WRITE_MESSAGE_SE_DONE - DH(static, ephemeral) completed for initiator
[1785240282] [NOISE_PROTOCOL_DEBUG] WRITE_MESSAGE_ENCRYPT - Encrypting payload of 0 bytes
[1785240282] [NOISE_PROTOCOL_DEBUG] CIPHER_ENCRYPT - Encrypting with key, plaintext length: 0
[1785240282] [NOISE_PROTOCOL_DEBUG] CIPHER_ENCRYPT_KEY - Key length: 32
[1785240282] [NOISE_PROTOCOL_DEBUG] CIPHER_ENCRYPT_NONCE - Current nonce: 0
[1785240282] [NOISE_PROTOCOL_DEBUG] CIPHER_ENCRYPT_ASSOCIATED_DATA - Associated data length: 32
[1785240282] [NOISE_PROTOCOL_DEBUG] WRITE_MESSAGE_SE_DONE - DH(static, ephemeral) completed for initiator
[1785240282] [NOISE_PROTOCOL_DEBUG] WRITE_MESSAGE_ENCRYPT - Encrypting payload of 0 bytes
[1785240282] [NOISE_PROTOCOL_DEBUG] CIPHER_ENCRYPT - Encrypting with key, plaintext length: 0
[1785240282] [NOISE_PROTOCOL_DEBUG] CIPHER_ENCRYPT_KEY - Key length: 32
[1785240282] [NOISE_PROTOCOL_DEBUG] CIPHER_ENCRYPT_NONCE - Current nonce: 0
[1785240282] [NOISE_PROTOCOL_DEBUG] WRITE_MESSAGE_SE_DONE - DH(static, ephemeral) completed for initiator
[1785240282] [NOISE_PROTOCOL_DEBUG] CIPHER_ENCRYPT_SUCCESS - Encryption successful, ciphertext length: 16
[1785240282] [NOISE_PROTOCOL_DEBUG] CIPHER_ENCRYPT_ASSOCIATED_DATA - Associated data length: 32
[1785240282] [NOISE_PROTOCOL_DEBUG] WRITE_MESSAGE_ENCRYPT - Encrypting payload of 0 bytes
[1785240282] [NOISE_PROTOCOL_DEBUG] WRITE_MESSAGE_ENCRYPT_DONE - Payload encrypted, total buffer size: 64
[1785240282] [NOISE_PROTOCOL_DEBUG] CIPHER_ENCRYPT - Encrypting with key, plaintext length: 0
[1785240282] [NOISE_PROTOCOL_DEBUG] WRITE_MESSAGE_COMPLETE - Message written, pattern 2 complete
[1785240282] [NOISE_PROTOCOL_DEBUG] CIPHER_ENCRYPT_KEY - Key length: 32
[1785240282] [NOISE_PROTOCOL_DEBUG] CIPHER_ENCRYPT_NONCE - Current nonce: 0
[1785240282] [NOISE_PROTOCOL_DEBUG] CIPHER_ENCRYPT_ASSOCIATED_DATA - Associated data length: 32
[1785240282] [NOISE_PROTOCOL_DEBUG] CIPHER_ENCRYPT_SUCCESS - Encryption successful, ciphertext length: 16
[1785240282] [NOISE_PROTOCOL_DEBUG] WRITE_MESSAGE_ENCRYPT_DONE - Payload encrypted, total buffer size: 64
[1785240282] [NOISE_PROTOCOL_DEBUG] WRITE_MESSAGE_COMPLETE - Message written, pattern 2 complete
[1785240282] [NOISE_PROTOCOL_DEBUG] WRITE_MESSAGE_SE_DONE - DH(static, ephemeral) completed for initiator
[1785240282] [NOISE_PROTOCOL_DEBUG] WRITE_MESSAGE_ENCRYPT - Encrypting payload of 0 bytes
[1785240282] [NOISE_PROTOCOL_DEBUG] CIPHER_ENCRYPT_SUCCESS - Encryption successful, ciphertext length: 16
[1785240282] [NOISE_PROTOCOL_DEBUG] CIPHER_ENCRYPT - Encrypting with key, plaintext length: 0
[1785240282] [NOISE_PROTOCOL_DEBUG] CIPHER_ENCRYPT_KEY - Key length: 32
[1785240282] [NOISE_PROTOCOL_DEBUG] WRITE_MESSAGE_ENCRYPT_DONE - Payload encrypted, total buffer size: 64
[1785240282] [NOISE_PROTOCOL_DEBUG] CIPHER_ENCRYPT_NONCE - Current nonce: 0
[1785240282] [NOISE_PROTOCOL_DEBUG] WRITE_MESSAGE_COMPLETE - Message written, pattern 2 complete
[1785240282] [NOISE_PROTOCOL_DEBUG] CIPHER_ENCRYPT_ASSOCIATED_DATA - Associated data length: 32
[1785240282] [NOISE_PROTOCOL_DEBUG] READ_MESSAGE_START - Pattern: XX, Current: 2/3
[1785240282] [NOISE_PROTOCOL_DEBUG] READ_MESSAGE_HASH_BEFORE - Hash before read: [43, 9, 53, 200, 173, 98, 158, 104]
[1785240282] [NOISE_PROTOCOL_DEBUG] READ_MESSAGE_PATTERNS - Processing patterns: [S, SE]
[1785240282] [NOISE_PROTOCOL_DEBUG] READ_MESSAGE_PATTERN - Processing pattern: S
[1785240282] [NOISE_PROTOCOL_DEBUG] READ_MESSAGE_HASH_BEFORE_PATTERN - Hash before pattern: [43, 9, 53, 200, 173, 98, 158, 104]
[1785240282] [NOISE_PROTOCOL_DEBUG] READ_MESSAGE_S - Reading static key
[1785240282] [NOISE_PROTOCOL_DEBUG] READ_MESSAGE_S_CHECK - Checking static key length: need 48 bytes, available 64 bytes, has_cipher_key: true
[1785240282] [NOISE_PROTOCOL_DEBUG] READ_MESSAGE_START - Pattern: XX, Current: 2/3
[1785240282] [NOISE_PROTOCOL_DEBUG] READ_MESSAGE_S_DATA - Static key data length: 48, has_cipher_key: true
[1785240282] [NOISE_PROTOCOL_DEBUG] CIPHER_ENCRYPT_SUCCESS - Encryption successful, ciphertext length: 16
[1785240282] [NOISE_PROTOCOL_DEBUG] READ_MESSAGE_HASH_BEFORE - Hash before read: [44, 165, 72, 129, 162, 237, 26, 174]
[1785240282] [NOISE_PROTOCOL_DEBUG] DECRYPT_AND_HASH - Decrypting with cipher key, ciphertext length: 48
[1785240282] [NOISE_PROTOCOL_DEBUG] READ_MESSAGE_PATTERNS - Processing patterns: [S, SE]
[1785240282] [NOISE_PROTOCOL_DEBUG] DECRYPT_AND_HASH_HASH - Current hash length: 32
[1785240282] [NOISE_PROTOCOL_DEBUG] WRITE_MESSAGE_ENCRYPT_DONE - Payload encrypted, total buffer size: 64
[1785240282] [NOISE_PROTOCOL_DEBUG] READ_MESSAGE_PATTERN - Processing pattern: S
[1785240282] [NOISE_PROTOCOL_DEBUG] DECRYPT_AND_HASH_HASH_BYTES - Hash bytes: [43, 9, 53, 200, 173, 98, 158, 104]
[1785240282] [NOISE_PROTOCOL_DEBUG] CIPHER_DECRYPT - Decrypting with key, ciphertext length: 48
[1785240282] [NOISE_PROTOCOL_DEBUG] WRITE_MESSAGE_COMPLETE - Message written, pattern 2 complete
[1785240282] [NOISE_PROTOCOL_DEBUG] READ_MESSAGE_HASH_BEFORE_PATTERN - Hash before pattern: [44, 165, 72, 129, 162, 237, 26, 174]
[1785240282] [NOISE_PROTOCOL_DEBUG] READ_MESSAGE_START - Pattern: XX, Current: 2/3
[1785240282] [NOISE_PROTOCOL_DEBUG] READ_MESSAGE_S - Reading static key
[1785240282] [NOISE_PROTOCOL_DEBUG] READ_MESSAGE_HASH_BEFORE - Hash before read: [31, 198, 149, 138, 65, 183, 57, 134]
[1785240282] [NOISE_PROTOCOL_DEBUG] READ_MESSAGE_S_CHECK - Checking static key length: need 48 bytes, available 64 bytes, has_cipher_key: true
[1785240282] [NOISE_PROTOCOL_DEBUG] READ_MESSAGE_PATTERNS - Processing patterns: [S, SE]
[1785240282] [NOISE_PROTOCOL_DEBUG] READ_MESSAGE_S_DATA - Static key data length: 48, has_cipher_key: true
[1785240282] [NOISE_PROTOCOL_DEBUG] READ_MESSAGE_PATTERN - Processing pattern: S
[1785240282] [NOISE_PROTOCOL_DEBUG] DECRYPT_AND_HASH - Decrypting with cipher key, ciphertext length: 48
[1785240282] [NOISE_PROTOCOL_DEBUG] READ_MESSAGE_HASH_BEFORE_PATTERN - Hash before pattern: [31, 198, 149, 138, 65, 183, 57, 134]
[1785240282] [NOISE_PROTOCOL_DEBUG] DECRYPT_AND_HASH_HASH - Current hash length: 32
[1785240282] [NOISE_PROTOCOL_DEBUG] READ_MESSAGE_S - Reading static key
[1785240282] [NOISE_PROTOCOL_DEBUG] DECRYPT_AND_HASH_HASH_BYTES - Hash bytes: [44, 165, 72, 129, 162, 237, 26, 174]
[1785240282] [NOISE_PROTOCOL_DEBUG] READ_MESSAGE_S_CHECK - Checking static key length: need 48 bytes, available 64 bytes, has_cipher_key: true
[1785240282] [NOISE_PROTOCOL_DEBUG] CIPHER_DECRYPT - Decrypting with key, ciphertext length: 48
[1785240282] [NOISE_PROTOCOL_DEBUG] READ_MESSAGE_S_DATA - Static key data length: 48, has_cipher_key: true
[1785240282] [NOISE_PROTOCOL_DEBUG] CIPHER_DECRYPT_SUCCESS - Decryption successful, plaintext length: 32
[1785240282] [NOISE_PROTOCOL_DEBUG] DECRYPT_AND_HASH - Decrypting with cipher key, ciphertext length: 48
[1785240282] [NOISE_PROTOCOL_DEBUG] DECRYPT_AND_HASH_SUCCESS - Decryption successful, plaintext length: 32
[1785240282] [NOISE_PROTOCOL_DEBUG] READ_MESSAGE_START - Pattern: XX, Current: 2/3
[1785240282] [NOISE_PROTOCOL_DEBUG] DECRYPT_AND_HASH_HASH - Current hash length: 32
[1785240282] [NOISE_PROTOCOL_DEBUG] READ_MESSAGE_HASH_BEFORE - Hash before read: [160, 124, 7, 3, 38, 250, 123, 132]
[1785240282] [NOISE_PROTOCOL_DEBUG] DECRYPT_AND_HASH_HASH_MIXED - Hash mixed with ciphertext
[1785240282] [NOISE_PROTOCOL_DEBUG] READ_MESSAGE_PATTERNS - Processing patterns: [S, SE]
[1785240282] [NOISE_PROTOCOL_DEBUG] DECRYPT_AND_HASH_HASH_BYTES - Hash bytes: [31, 198, 149, 138, 65, 183, 57, 134]
[1785240282] [NOISE_PROTOCOL_DEBUG] READ_MESSAGE_S_DONE - Static key read and validated successfully
[1785240282] [NOISE_PROTOCOL_DEBUG] READ_MESSAGE_PATTERN - Processing pattern: S
[1785240282] [NOISE_PROTOCOL_DEBUG] CIPHER_DECRYPT - Decrypting with key, ciphertext length: 48
[1785240282] [NOISE_PROTOCOL_DEBUG] READ_MESSAGE_HASH_AFTER_PATTERN - Hash after pattern S: [126, 41, 51, 78, 229, 98, 247, 91]
[1785240282] [NOISE_PROTOCOL_DEBUG] READ_MESSAGE_HASH_BEFORE_PATTERN - Hash before pattern: [160, 124, 7, 3, 38, 250, 123, 132]
[1785240282] [NOISE_PROTOCOL_DEBUG] READ_MESSAGE_S - Reading static key
[1785240282] [NOISE_PROTOCOL_DEBUG] READ_MESSAGE_PATTERN - Processing pattern: SE
[1785240282] [NOISE_PROTOCOL_DEBUG] READ_MESSAGE_S_CHECK - Checking static key length: need 48 bytes, available 64 bytes, has_cipher_key: true
[1785240282] [NOISE_PROTOCOL_DEBUG] READ_MESSAGE_HASH_BEFORE_PATTERN - Hash before pattern: [126, 41, 51, 78, 229, 98, 247, 91]
[1785240282] [NOISE_PROTOCOL_DEBUG] CIPHER_DECRYPT_SUCCESS - Decryption successful, plaintext length: 32
[1785240282] [NOISE_PROTOCOL_DEBUG] READ_MESSAGE_S_DATA - Static key data length: 48, has_cipher_key: true
[1785240282] [NOISE_PROTOCOL_DEBUG] READ_MESSAGE_SE - Performing DH(static, ephemeral)
[1785240282] [NOISE_PROTOCOL_DEBUG] DECRYPT_AND_HASH_SUCCESS - Decryption successful, plaintext length: 32
[1785240282] [NOISE_PROTOCOL_DEBUG] DECRYPT_AND_HASH - Decrypting with cipher key, ciphertext length: 48
[1785240282] [NOISE_PROTOCOL_DEBUG] DECRYPT_AND_HASH_HASH - Current hash length: 32
[1785240282] [NOISE_PROTOCOL_DEBUG] DECRYPT_AND_HASH_HASH_MIXED - Hash mixed with ciphertext
[1785240282] [NOISE_PROTOCOL_DEBUG] DECRYPT_AND_HASH_HASH_BYTES - Hash bytes: [160, 124, 7, 3, 38, 250, 123, 132]
[1785240282] [NOISE_PROTOCOL_DEBUG] READ_MESSAGE_S_DONE - Static key read and validated successfully
[1785240282] [NOISE_PROTOCOL_DEBUG] CIPHER_DECRYPT - Decrypting with key, ciphertext length: 48
[1785240282] [NOISE_PROTOCOL_DEBUG] READ_MESSAGE_HASH_AFTER_PATTERN - Hash after pattern S: [231, 90, 142, 127, 226, 184, 12, 5]
[1785240282] [NOISE_PROTOCOL_DEBUG] CIPHER_DECRYPT_SUCCESS - Decryption successful, plaintext length: 32
[1785240282] [NOISE_PROTOCOL_DEBUG] READ_MESSAGE_PATTERN - Processing pattern: SE
[1785240282] [NOISE_PROTOCOL_DEBUG] DECRYPT_AND_HASH_SUCCESS - Decryption successful, plaintext length: 32
[1785240282] [NOISE_PROTOCOL_DEBUG] READ_MESSAGE_HASH_BEFORE_PATTERN - Hash before pattern: [231, 90, 142, 127, 226, 184, 12, 5]
[1785240282] [NOISE_PROTOCOL_DEBUG] READ_MESSAGE_SE - Performing DH(static, ephemeral)
[1785240282] [NOISE_PROTOCOL_DEBUG] DECRYPT_AND_HASH_HASH_MIXED - Hash mixed with ciphertext
[1785240282] [NOISE_PROTOCOL_DEBUG] READ_MESSAGE_S_DONE - Static key read and validated successfully
[1785240282] [NOISE_PROTOCOL_DEBUG] READ_MESSAGE_HASH_AFTER_PATTERN - Hash after pattern S: [120, 180, 37, 87, 52, 103, 105, 53]
[1785240282] [NOISE_PROTOCOL_DEBUG] READ_MESSAGE_PATTERN - Processing pattern: SE
[1785240282] [NOISE_PROTOCOL_DEBUG] READ_MESSAGE_HASH_BEFORE_PATTERN - Hash before pattern: [120, 180, 37, 87, 52, 103, 105, 53]
[1785240282] [NOISE_PROTOCOL_DEBUG] READ_MESSAGE_SE - Performing DH(static, ephemeral)
[1785240282] [NOISE_PROTOCOL_DEBUG] CIPHER_DECRYPT_SUCCESS - Decryption successful, plaintext length: 32
[1785240282] [NOISE_PROTOCOL_DEBUG] DECRYPT_AND_HASH_SUCCESS - Decryption successful, plaintext length: 32
[1785240282] [NOISE_PROTOCOL_DEBUG] DECRYPT_AND_HASH_HASH_MIXED - Hash mixed with ciphertext
[1785240282] [NOISE_PROTOCOL_DEBUG] READ_MESSAGE_S_DONE - Static key read and validated successfully
[1785240282] [NOISE_PROTOCOL_DEBUG] READ_MESSAGE_HASH_AFTER_PATTERN - Hash after pattern S: [28, 100, 28, 52, 81, 165, 48, 194]
[1785240282] [NOISE_PROTOCOL_DEBUG] READ_MESSAGE_PATTERN - Processing pattern: SE
[1785240282] [NOISE_PROTOCOL_DEBUG] READ_MESSAGE_HASH_BEFORE_PATTERN - Hash before pattern: [28, 100, 28, 52, 81, 165, 48, 194]
[1785240282] [NOISE_PROTOCOL_DEBUG] READ_MESSAGE_SE - Performing DH(static, ephemeral)
[1785240282] [NOISE_PROTOCOL_DEBUG] READ_MESSAGE_SE_DONE - DH(static, ephemeral) completed
[1785240282] [NOISE_PROTOCOL_DEBUG] READ_MESSAGE_HASH_AFTER_PATTERN - Hash after pattern SE: [126, 41, 51, 78, 229, 98, 247, 91]
[1785240282] [NOISE_PROTOCOL_DEBUG] READ_MESSAGE_PAYLOAD - Decrypting payload, length: 16
[1785240282] [NOISE_PROTOCOL_DEBUG] DECRYPT_AND_HASH - Decrypting with cipher key, ciphertext length: 16
[1785240282] [NOISE_PROTOCOL_DEBUG] DECRYPT_AND_HASH_HASH - Current hash length: 32
[1785240282] [NOISE_PROTOCOL_DEBUG] DECRYPT_AND_HASH_HASH_BYTES - Hash bytes: [126, 41, 51, 78, 229, 98, 247, 91]
[1785240282] [NOISE_PROTOCOL_DEBUG] CIPHER_DECRYPT - Decrypting with key, ciphertext length: 16
[1785240282] [NOISE_PROTOCOL_DEBUG] READ_MESSAGE_SE_DONE - DH(static, ephemeral) completed
[1785240282] [NOISE_PROTOCOL_DEBUG] READ_MESSAGE_HASH_AFTER_PATTERN - Hash after pattern SE: [231, 90, 142, 127, 226, 184, 12, 5]
[1785240282] [NOISE_PROTOCOL_DEBUG] READ_MESSAGE_PAYLOAD - Decrypting payload, length: 16
[1785240282] [NOISE_PROTOCOL_DEBUG] DECRYPT_AND_HASH - Decrypting with cipher key, ciphertext length: 16
[1785240282] [NOISE_PROTOCOL_DEBUG] DECRYPT_AND_HASH_HASH - Current hash length: 32
[1785240282] [NOISE_PROTOCOL_DEBUG] DECRYPT_AND_HASH_HASH_BYTES - Hash bytes: [231, 90, 142, 127, 226, 184, 12, 5]
[1785240282] [NOISE_PROTOCOL_DEBUG] CIPHER_DECRYPT_SUCCESS - Decryption successful, plaintext length: 0
[1785240282] [NOISE_PROTOCOL_DEBUG] CIPHER_DECRYPT - Decrypting with key, ciphertext length: 16
[1785240282] [NOISE_PROTOCOL_DEBUG] DECRYPT_AND_HASH_SUCCESS - Decryption successful, plaintext length: 0
[1785240282] [NOISE_PROTOCOL_DEBUG] READ_MESSAGE_SE_DONE - DH(static, ephemeral) completed
[1785240282] [NOISE_PROTOCOL_DEBUG] DECRYPT_AND_HASH_HASH_MIXED - Hash mixed with ciphertext
[1785240282] [NOISE_PROTOCOL_DEBUG] READ_MESSAGE_HASH_AFTER_PATTERN - Hash after pattern SE: [120, 180, 37, 87, 52, 103, 105, 53]
[1785240282] [NOISE_PROTOCOL_DEBUG] READ_MESSAGE_PAYLOAD_SUCCESS - Payload decrypted successfully, length: 0
[1785240282] [NOISE_PROTOCOL_DEBUG] READ_MESSAGE_PAYLOAD - Decrypting payload, length: 16
[1785240282] [NOISE_PROTOCOL_DEBUG] READ_MESSAGE_COMPLETE - Message read successfully, new pattern: 3/3
[1785240282] [NOISE_PROTOCOL_DEBUG] DECRYPT_AND_HASH - Decrypting with cipher key, ciphertext length: 16
[1785240282] [NOISE_PROTOCOL_DEBUG] READ_MESSAGE_HASH_AFTER - Hash after read: [157, 134, 38, 58, 170, 108, 204, 194]
[1785240282] [NOISE_PROTOCOL_DEBUG] CIPHER_DECRYPT_SUCCESS - Decryption successful, plaintext length: 0
[1785240282] [NOISE_PROTOCOL_DEBUG] DECRYPT_AND_HASH_HASH - Current hash length: 32
[1785240282] [NOISE_PROTOCOL_DEBUG] DECRYPT_AND_HASH_SUCCESS - Decryption successful, plaintext length: 0
[1785240282] [NOISE_PROTOCOL_DEBUG] DECRYPT_AND_HASH_HASH_BYTES - Hash bytes: [120, 180, 37, 87, 52, 103, 105, 53]
[1785240282] [NOISE_PROTOCOL_DEBUG] CIPHER_DECRYPT - Decrypting with key, ciphertext length: 16
[1785240282] [NOISE_PROTOCOL_DEBUG] DECRYPT_AND_HASH_HASH_MIXED - Hash mixed with ciphertext
[1785240282] [NOISE_PROTOCOL_DEBUG] READ_MESSAGE_SE_DONE - DH(static, ephemeral) completed
[1785240282] [NOISE_PROTOCOL_DEBUG] READ_MESSAGE_PAYLOAD_SUCCESS - Payload decrypted successfully, length: 0
[1785240282] [NOISE_PROTOCOL_DEBUG] READ_MESSAGE_HASH_AFTER_PATTERN - Hash after pattern SE: [28, 100, 28, 52, 81, 165, 48, 194]
[1785240282] [NOISE_PROTOCOL_DEBUG] READ_MESSAGE_COMPLETE - Message read successfully, new pattern: 3/3
[1785240282] [NOISE_PROTOCOL_DEBUG] READ_MESSAGE_PAYLOAD - Decrypting payload, length: 16
[1785240282] [NOISE_PROTOCOL_DEBUG] READ_MESSAGE_HASH_AFTER - Hash after read: [224, 7, 54, 134, 15, 153, 39, 29]
[1785240282] [NOISE_PROTOCOL_DEBUG] DECRYPT_AND_HASH - Decrypting with cipher key, ciphertext length: 16
[1785240282] [NOISE_PROTOCOL_DEBUG] DECRYPT_AND_HASH_HASH - Current hash length: 32
[1785240282] [NOISE_PROTOCOL_DEBUG] DECRYPT_AND_HASH_HASH_BYTES - Hash bytes: [28, 100, 28, 52, 81, 165, 48, 194]
[1785240282] [NOISE_PROTOCOL_DEBUG] CIPHER_DECRYPT_SUCCESS - Decryption successful, plaintext length: 0
[1785240282] [NOISE_PROTOCOL_DEBUG] CIPHER_DECRYPT - Decrypting with key, ciphertext length: 16
[1785240282] [NOISE_PROTOCOL_DEBUG] DECRYPT_AND_HASH_SUCCESS - Decryption successful, plaintext length: 0
[1785240282] [NOISE_PROTOCOL_DEBUG] DECRYPT_AND_HASH_HASH_MIXED - Hash mixed with ciphertext
[1785240282] [NOISE_PROTOCOL_DEBUG] READ_MESSAGE_PAYLOAD_SUCCESS - Payload decrypted successfully, length: 0
[1785240282] [NOISE_PROTOCOL_DEBUG] READ_MESSAGE_COMPLETE - Message read successfully, new pattern: 3/3
[1785240282] [NOISE_PROTOCOL_DEBUG] READ_MESSAGE_HASH_AFTER - Hash after read: [107, 133, 233, 72, 100, 202, 218, 138]
[1785240282] [NOISE_PROTOCOL_DEBUG] CIPHER_ENCRYPT - Encrypting with key, plaintext length: 5
[1785240282] [NOISE_PROTOCOL_DEBUG] CIPHER_DECRYPT_SUCCESS - Decryption successful, plaintext length: 0
[1785240282] [NOISE_PROTOCOL_DEBUG] DECRYPT_AND_HASH_SUCCESS - Decryption successful, plaintext length: 0
[1785240282] [NOISE_PROTOCOL_DEBUG] CIPHER_ENCRYPT_KEY - Key length: 32
[1785240282] [NOISE_PROTOCOL_DEBUG] CIPHER_ENCRYPT_NONCE - Current nonce: 0
[1785240282] [NOISE_PROTOCOL_DEBUG] DECRYPT_AND_HASH_HASH_MIXED - Hash mixed with ciphertext
[1785240282] [NOISE_PROTOCOL_DEBUG] CIPHER_ENCRYPT_ASSOCIATED_DATA - Associated data length: 0
[1785240282] [NOISE_PROTOCOL_DEBUG] READ_MESSAGE_PAYLOAD_SUCCESS - Payload decrypted successfully, length: 0
[1785240282] [NOISE_PROTOCOL_DEBUG] READ_MESSAGE_COMPLETE - Message read successfully, new pattern: 3/3
[1785240282] [NOISE_PROTOCOL_DEBUG] READ_MESSAGE_HASH_AFTER - Hash after read: [255, 38, 101, 27, 41, 202, 133, 130]
[1785240282] [NOISE_PROTOCOL_DEBUG] CIPHER_ENCRYPT_SUCCESS - Encryption successful, ciphertext length: 21
[1785240282] [NOISE_PROTOCOL_DEBUG] CIPHER_ENCRYPT_TRANSPORT - Transport message with nonce prefix, total length: 25
[1785240282] [NOISE_PROTOCOL_DEBUG] CIPHER_DECRYPT - Decrypting with key, ciphertext length: 25
[1785240282] [NOISE_PROTOCOL_DEBUG] CIPHER_DECRYPT_SUCCESS - Decryption successful, plaintext length: 5
[1785240312] [NOISE_PROTOCOL_DEBUG] HANDSHAKE_INIT - Protocol name: Noise_XX_25519_ChaChaPoly_SHA256
[1785240312] [NOISE_PROTOCOL_DEBUG] HANDSHAKE_INIT - Initial hash: [78, 111, 105, 115, 101, 95, 88, 88]
[1785240312] [NOISE_PROTOCOL_DEBUG] HANDSHAKE_INIT - Initial chaining key: [78, 111, 105, 115, 101, 95, 88, 88]
[1785240312] [NOISE_PROTOCOL_DEBUG] WRITE_MESSAGE_START - Pattern: XX, Current: 0/3
[1785240312] [NOISE_PROTOCOL_DEBUG] WRITE_MESSAGE_PATTERNS - Processing patterns: [E]
[1785240312] [NOISE_PROTOCOL_DEBUG] WRITE_MESSAGE_PATTERN - Processing pattern: E
[1785240312] [NOISE_PROTOCOL_DEBUG] WRITE_MESSAGE_E - Generating ephemeral key
[1785240312] [NOISE_PROTOCOL_DEBUG] WRITE_MESSAGE_E_DONE - Ephemeral key generated, buffer size: 32
[1785240312] [NOISE_PROTOCOL_DEBUG] WRITE_MESSAGE_ENCRYPT - Encrypting payload of 0 bytes
[1785240312] [NOISE_PROTOCOL_DEBUG] WRITE_MESSAGE_ENCRYPT_DONE - Payload encrypted, total buffer size: 32
[1785240312] [NOISE_PROTOCOL_DEBUG] WRITE_MESSAGE_COMPLETE - Message written, pattern 0 complete
[1785240312] [NOISE_PROTOCOL_DEBUG] HANDSHAKE_INIT - Protocol name: Noise_XX_25519_ChaChaPoly_SHA256
[1785240312] [NOISE_PROTOCOL_DEBUG] HANDSHAKE_INIT - Initial hash: [78, 111, 105, 115, 101, 95, 88, 88]
[1785240312] [NOISE_PROTOCOL_DEBUG] HANDSHAKE_INIT - Initial chaining key: [78, 111, 105, 115, 101, 95, 88, 88]
[1785240312] [NOISE_PROTOCOL_DEBUG] READ_MESSAGE_START - Pattern: XX, Current: 0/3
[1785240312] [NOISE_PROTOCOL_DEBUG] READ_MESSAGE_HASH_BEFORE - Hash before read: [243, 209, 94, 97, 8, 237, 149, 86]
[1785240312] [NOISE_PROTOCOL_DEBUG] READ_MESSAGE_PATTERNS - Processing patterns: [E]
[1785240312] [NOISE_PROTOCOL_DEBUG] READ_MESSAGE_PATTERN - Processing pattern: E
[1785240312] [NOISE_PROTOCOL_DEBUG] READ_MESSAGE_HASH_BEFORE_PATTERN - Hash before pattern: [243, 209, 94, 97, 8, 237, 149, 86]
[1785240312] [NOISE_PROTOCOL_DEBUG] READ_MESSAGE_E - Reading ephemeral key
[1785240312] [NOISE_PROTOCOL_DEBUG] READ_MESSAGE_E_BYTES - Ephemeral key bytes: [84, 166, 243, 235, 145, 127, 211, 22]
[1785240312] [NOISE_PROTOCOL_DEBUG] READ_MESSAGE_E_DONE - Ephemeral key read, offset: 32
[1785240312] [NOISE_PROTOCOL_DEBUG] READ_MESSAGE_HASH_AFTER_PATTERN - Hash after pattern E: [183, 222, 3, 210, 25, 231, 90, 151]
[1785240312] [NOISE_PROTOCOL_DEBUG] READ_MESSAGE_PAYLOAD - Decrypting payload, length: 0
[1785240312] [NOISE_PROTOCOL_DEBUG] DECRYPT_AND_HASH - No cipher key, treating as plaintext, length: 0
[1785240312] [NOISE_PROTOCOL_DEBUG] DECRYPT_AND_HASH_PLAINTEXT - Hash mixed with plaintext
[1785240312] [NOISE_PROTOCOL_DEBUG] READ_MESSAGE_PAYLOAD_SUCCESS - Payload decrypted successfully, length: 0
[1785240312] [NOISE_PROTOCOL_DEBUG] READ_MESSAGE_COMPLETE - Message read successfully, new pattern: 1/3
[1785240312] [NOISE_PROTOCOL_DEBUG] READ_MESSAGE_HASH_AFTER - Hash after read: [7, 246, 238, 206, 207, 188, 99, 79]
[1785240312] [NOISE_PROTOCOL_DEBUG] WRITE_MESSAGE_START - Pattern: XX, Current: 1/3
[1785240312] [NOISE_PROTOCOL_DEBUG] WRITE_MESSAGE_PATTERNS - Processing patterns: [E, EE, S, ES]
[1785240312] [NOISE_PROTOCOL_DEBUG] WRITE_MESSAGE_PATTERN - Processing pattern: E
[1785240312] [NOISE_PROTOCOL_DEBUG] WRITE_MESSAGE_E - Generating ephemeral key
[1785240312] [NOISE_PROTOCOL_DEBUG] WRITE_MESSAGE_E_DONE - Ephemeral key generated, buffer size: 32
[1785240312] [NOISE_PROTOCOL_DEBUG] WRITE_MESSAGE_PATTERN - Processing pattern: EE
[1785240312] [NOISE_PROTOCOL_DEBUG] WRITE_MESSAGE_EE - Performing DH(ephemeral, ephemeral)
[1785240312] [NOISE_PROTOCOL_DEBUG] WRITE_MESSAGE_EE_DONE - DH(ephemeral, ephemeral) completed
[1785240312] [NOISE_PROTOCOL_DEBUG] WRITE_MESSAGE_PATTERN - Processing pattern: S
[1785240312] [NOISE_PROTOCOL_DEBUG] WRITE_MESSAGE_S - Sending static key
[1785240312] [NOISE_PROTOCOL_DEBUG] CIPHER_ENCRYPT - Encrypting with key, plaintext length: 32
[1785240312] [NOISE_PROTOCOL_DEBUG] CIPHER_ENCRYPT_KEY - Key length: 32
[1785240312] [NOISE_PROTOCOL_DEBUG] CIPHER_ENCRYPT_NONCE - Current nonce: 0
[1785240312] [NOISE_PROTOCOL_DEBUG] CIPHER_ENCRYPT_ASSOCIATED_DATA - Associated data length: 32
[1785240312] [NOISE_PROTOCOL_DEBUG] CIPHER_ENCRYPT_SUCCESS - Encryption successful, ciphertext length: 48
[1785240312] [NOISE_PROTOCOL_DEBUG] WRITE_MESSAGE_S_DONE - Static key encrypted and sent, buffer size: 80
[1785240312] [NOISE_PROTOCOL_DEBUG] WRITE_MESSAGE_PATTERN - Processing pattern: ES
[1785240312] [NOISE_PROTOCOL_DEBUG] WRITE_MESSAGE_ES - Performing DH(ephemeral, static), role: Responder
[1785240312] [NOISE_PROTOCOL_DEBUG] WRITE_MESSAGE_ES_DONE - DH(ephemeral, static) completed for responder
[1785240312] [NOISE_PROTOCOL_DEBUG] WRITE_MESSAGE_ENCRYPT - Encrypting payload of 0 bytes
[1785240312] [NOISE_PROTOCOL_DEBUG] CIPHER_ENCRYPT - Encrypting with key, plaintext length: 0
[1785240312] [NOISE_PROTOCOL_DEBUG] CIPHER_ENCRYPT_KEY - Key length: 32
[1785240312] [NOISE_PROTOCOL_DEBUG] CIPHER_ENCRYPT_NONCE - Current nonce: 0
[1785240312] [NOISE_PROTOCOL_DEBUG] CIPHER_ENCRYPT_ASSOCIATED_DATA - Associated data length: 32
[1785240312] [NOISE_PROTOCOL_DEBUG] CIPHER_ENCRYPT_SUCCESS - Encryption successful, ciphertext length: 16
[1785240312] [NOISE_PROTOCOL_DEBUG] WRITE_MESSAGE_ENCRYPT_DONE - Payload encrypted, total buffer size: 96
[1785240312] [NOISE_PROTOCOL_DEBUG] WRITE_MESSAGE_COMPLETE - Message written, pattern 1 complete
[1785240312] [NOISE_PROTOCOL_DEBUG] READ_MESSAGE_START - Pattern: XX, Current: 1/3
[1785240312] [NOISE_PROTOCOL_DEBUG] READ_MESSAGE_HASH_BEFORE - Hash before read: [7, 246, 238, 206, 207, 188, 99, 79]
[1785240312] [NOISE_PROTOCOL_DEBUG] READ_MESSAGE_PATTERNS - Processing patterns: [E, EE, S, ES]
[1785240312] [NOISE_PROTOCOL_DEBUG] READ_MESSAGE_PATTERN - Processing pattern: E
[1785240312] [NOISE_PROTOCOL_DEBUG] READ_MESSAGE_HASH_BEFORE_PATTERN - Hash before pattern: [7, 246, 238, 206, 207, 188, 99, 79]
[1785240312] [NOISE_PROTOCOL_DEBUG] READ_MESSAGE_E - Reading ephemeral key
[1785240312] [NOISE_PROTOCOL_DEBUG] READ_MESSAGE_E_BYTES - Ephemeral key bytes: [91, 122, 38, 252, 247, 34, 54, 225]
[1785240312] [NOISE_PROTOCOL_DEBUG] READ_MESSAGE_E_DONE - Ephemeral key read, offset: 32
[1785240312] [NOISE_PROTOCOL_DEBUG] READ_MESSAGE_HASH_AFTER_PATTERN - Hash after pattern E: [19, 62, 161, 29, 93, 232, 121, 229]
[1785240312] [NOISE_PROTOCOL_DEBUG] READ_MESSAGE_PATTERN - Processing pattern: EE
[1785240312] [NOISE_PROTOCOL_DEBUG] READ_MESSAGE_HASH_BEFORE_PATTERN - Hash before pattern: [19, 62, 161, 29, 93, 232, 121, 229]
[1785240312] [NOISE_PROTOCOL_DEBUG] READ_MESSAGE_EE - Performing DH(ephemeral, ephemeral)
[1785240312] [NOISE_PROTOCOL_DEBUG] READ_MESSAGE_EE_DONE - DH(ephemeral, ephemeral) completed
[1785240312] [NOISE_PROTOCOL_DEBUG] READ_MESSAGE_HASH_AFTER_PATTERN - Hash after pattern EE: [19, 62, 161, 29, 93, 232, 121, 229]
[1785240312] [NOISE_PROTOCOL_DEBUG] READ_MESSAGE_PATTERN - Processing pattern: S
[1785240312] [NOISE_PROTOCOL_DEBUG] READ_MESSAGE_HASH_BEFORE_PATTERN - Hash before pattern: [19, 62, 161, 29, 93, 232, 121, 229]
[1785240312] [NOISE_PROTOCOL_DEBUG] READ_MESSAGE_S - Reading static key
[1785240312] [NOISE_PROTOCOL_DEBUG] READ_MESSAGE_S_CHECK - Checking static key length: need 48 bytes, available 64 bytes, has_cipher_key: true
[1785240312] [NOISE_PROTOCOL_DEBUG] READ_MESSAGE_S_DATA - Static key data length: 48, has_cipher_key: true
[1785240312] [NOISE_PROTOCOL_DEBUG] DECRYPT_AND_HASH - Decrypting with cipher key, ciphertext length: 48
[1785240312] [NOISE_PROTOCOL_DEBUG] DECRYPT_AND_HASH_HASH - Current hash length: 32
[1785240312] [NOISE_PROTOCOL_DEBUG] DECRYPT_AND_HASH_HASH_BYTES - Hash bytes: [19, 62, 161, 29, 93, 232, 121, 229]
[1785240312] [NOISE_PROTOCOL_DEBUG] CIPHER_DECRYPT - Decrypting with key, ciphertext length: 48
[1785240312] [NOISE_PROTOCOL_DEBUG] CIPHER_DECRYPT_SUCCESS - Decryption successful, plaintext length: 32
[1785240312] [NOISE_PROTOCOL_DEBUG] DECRYPT_AND_HASH_SUCCESS - Decryption successful, plaintext length: 32
[1785240312] [NOISE_PROTOCOL_DEBUG] DECRYPT_AND_HASH_HASH_MIXED - Hash mixed with ciphertext
[1785240312] [NOISE_PROTOCOL_DEBUG] READ_MESSAGE_S_DONE - Static key read and validated successfully
[1785240312] [NOISE_PROTOCOL_DEBUG] READ_MESSAGE_HASH_AFTER_PATTERN - Hash after pattern S: [164, 140, 94, 205, 176, 179, 240, 175]
[1785240312] [NOISE_PROTOCOL_DEBUG] READ_MESSAGE_PATTERN - Processing pattern: ES
[1785240312] [NOISE_PROTOCOL_DEBUG] READ_MESSAGE_HASH_BEFORE_PATTERN - Hash before pattern: [164, 140, 94, 205, 176, 179, 240, 175]
[1785240312] [NOISE_PROTOCOL_DEBUG] READ_MESSAGE_ES - Performing DH(ephemeral, static)
[1785240312] [NOISE_PROTOCOL_DEBUG] READ_MESSAGE_ES_DONE - DH(ephemeral, static) completed
[1785240312] [NOISE_PROTOCOL_DEBUG] READ_MESSAGE_HASH_AFTER_PATTERN - Hash after pattern ES: [164, 140, 94, 205, 176, 179, 240, 175]
[1785240312] [NOISE_PROTOCOL_DEBUG] READ_MESSAGE_PAYLOAD - Decrypting payload, length: 16
[1785240312] [NOISE_PROTOCOL_DEBUG] DECRYPT_AND_HASH - Decrypting with cipher key, ciphertext length: 16
[1785240312] [NOISE_PROTOCOL_DEBUG] DECRYPT_AND_HASH_HASH - Current hash length: 32
[1785240312] [NOISE_PROTOCOL_DEBUG] DECRYPT_AND_HASH_HASH_BYTES - Hash bytes: [164, 140, 94, 205, 176, 179, 240, 175]
[1785240312] [NOISE_PROTOCOL_DEBUG] CIPHER_DECRYPT - Decrypting with key, ciphertext length: 16
[1785240312] [NOISE_PROTOCOL_DEBUG] CIPHER_DECRYPT_SUCCESS - Decryption successful, plaintext length: 0
[1785240312] [NOISE_PROTOCOL_DEBUG] DECRYPT_AND_HASH_SUCCESS - Decryption successful, plaintext length: 0
[1785240312] [NOISE_PROTOCOL_DEBUG] DECRYPT_AND_HASH_HASH_MIXED - Hash mixed with ciphertext
[1785240312] [NOISE_PROTOCOL_DEBUG] READ_MESSAGE_PAYLOAD_SUCCESS - Payload decrypted successfully, length: 0
[1785240312] [NOISE_PROTOCOL_DEBUG] READ_MESSAGE_COMPLETE - Message read successfully, new pattern: 2/3
[1785240312] [NOISE_PROTOCOL_DEBUG] READ_MESSAGE_HASH_AFTER - Hash after read: [172, 229, 27, 239, 224, 157, 107, 67]
[1785240312] [NOISE_PROTOCOL_DEBUG] WRITE_MESSAGE_START - Pattern: XX, Current: 2/3
[1785240312] [NOISE_PROTOCOL_DEBUG] WRITE_MESSAGE_PATTERNS - Processing patterns: [S, SE]
[1785240312] [NOISE_PROTOCOL_DEBUG] WRITE_MESSAGE_PATTERN - Processing pattern: S
[1785240312] [NOISE_PROTOCOL_DEBUG] WRITE_MESSAGE_S - Sending static key
[1785240312] [NOISE_PROTOCOL_DEBUG] CIPHER_ENCRYPT - Encrypting with key, plaintext length: 32
[1785240312] [NOISE_PROTOCOL_DEBUG] CIPHER_ENCRYPT_KEY - Key length: 32
[1785240312] [NOISE_PROTOCOL_DEBUG] CIPHER_ENCRYPT_NONCE - Current nonce: 1
[1785240312] [NOISE_PROTOCOL_DEBUG] CIPHER_ENCRYPT_ASSOCIATED_DATA - Associated data length: 32
[1785240312] [NOISE_PROTOCOL_DEBUG] CIPHER_ENCRYPT_SUCCESS - Encryption successful, ciphertext length: 48
[1785240312] [NOISE_PROTOCOL_DEBUG] WRITE_MESSAGE_S_DONE - Static key encrypted and sent, buffer size: 48
[1785240312] [NOISE_PROTOCOL_DEBUG] WRITE_MESSAGE_PATTERN - Processing pattern: SE
[1785240312] [NOISE_PROTOCOL_DEBUG] WRITE_MESSAGE_SE - Performing DH(static, ephemeral), role: Initiator
[1785240312] [NOISE_PROTOCOL_DEBUG] WRITE_MESSAGE_SE_DONE - DH(static, ephemeral) completed for initiator
[1785240312] [NOISE_PROTOCOL_DEBUG] WRITE_MESSAGE_ENCRYPT - Encrypting payload of 0 bytes
[1785240312] [NOISE_PROTOCOL_DEBUG] CIPHER_ENCRYPT - Encrypting with key, plaintext length: 0
[1785240312] [NOISE_PROTOCOL_DEBUG] CIPHER_ENCRYPT_KEY - Key length: 32
[1785240312] [NOISE_PROTOCOL_DEBUG] CIPHER_ENCRYPT_NONCE - Current nonce: 0
[1785240312] [NOISE_PROTOCOL_DEBUG] CIPHER_ENCRYPT_ASSOCIATED_DATA - Associated data length: 32
[1785240312] [NOISE_PROTOCOL_DEBUG] CIPHER_ENCRYPT_SUCCESS - Encryption successful, ciphertext length: 16
[1785240312] [NOISE_PROTOCOL_DEBUG] WRITE_MESSAGE_ENCRYPT_DONE - Payload encrypted, total buffer size: 64
[1785240312] [NOISE_PROTOCOL_DEBUG] WRITE_MESSAGE_COMPLETE - Message written, pattern 2 complete
[1785240312] [NOISE_PROTOCOL_DEBUG] READ_MESSAGE_START - Pattern: XX, Current: 2/3
[1785240312] [NOISE_PROTOCOL_DEBUG] READ_MESSAGE_HASH_BEFORE - Hash before read: [172, 229, 27, 239, 224, 157, 107, 67]
[1785240312] [NOISE_PROTOCOL_DEBUG] READ_MESSAGE_PATTERNS - Processing patterns: [S, SE]
[1785240312] [NOISE_PROTOCOL_DEBUG] READ_MESSAGE_PATTERN - Processing pattern: S
[1785240312] [NOISE_PROTOCOL_DEBUG] READ_MESSAGE_HASH_BEFORE_PATTERN - Hash before pattern: [172, 229, 27, 239, 224, 157, 107, 67]
[1785240312] [NOISE_PROTOCOL_DEBUG] READ_MESSAGE_S - Reading static key
[1785240312] [NOISE_PROTOCOL_DEBUG] READ_MESSAGE_S_CHECK - Checking static key length: need 48 bytes, available 64 bytes, has_cipher_key: true
[1785240312] [NOISE_PROTOCOL_DEBUG] READ_MESSAGE_S_DATA - Static key data length: 48, has_cipher_key: true
[1785240312] [NOISE_PROTOCOL_DEBUG] DECRYPT_AND_HASH - Decrypting with cipher key, ciphertext length: 48
[1785240312] [NOISE_PROTOCOL_DEBUG] DECRYPT_AND_HASH_HASH - Current hash length: 32
[1785240312] [NOISE_PROTOCOL_DEBUG] DECRYPT_AND_HASH_HASH_BYTES - Hash bytes: [172, 229, 27, 239, 224, 157, 107, 67]
[1785240312] [NOISE_PROTOCOL_DEBUG] CIPHER_DECRYPT - Decrypting with key, ciphertext length: 48
[1785240312] [NOISE_PROTOCOL_DEBUG] CIPHER_DECRYPT_SUCCESS - Decryption successful, plaintext length: 32
[1785240312] [NOISE_PROTOCOL_DEBUG] DECRYPT_AND_HASH_SUCCESS - Decryption successful, plaintext length: 32
[1785240312] [NOISE_PROTOCOL_DEBUG] DECRYPT_AND_HASH_HASH_MIXED - Hash mixed with ciphertext
[1785240312] [NOISE_PROTOCOL_DEBUG] READ_MESSAGE_S_DONE - Static key read and validated successfully
[1785240312] [NOISE_PROTOCOL_DEBUG] READ_MESSAGE_HASH_AFTER_PATTERN - Hash after pattern S: [190, 242, 128, 186, 190, 26, 32, 119]
[1785240312] [NOISE_PROTOCOL_DEBUG] READ_MESSAGE_PATTERN - Processing pattern: SE
[1785240312] [NOISE_PROTOCOL_DEBUG] READ_MESSAGE_HASH_BEFORE_PATTERN - Hash before pattern: [190, 242, 128, 186, 190, 26, 32, 119]
[1785240312] [NOISE_PROTOCOL_DEBUG] READ_MESSAGE_SE - Performing DH(static, ephemeral)
[1785240312] [NOISE_PROTOCOL_DEBUG] READ_MESSAGE_SE_DONE - DH(static, ephemeral) completed
[1785240312] [NOISE_PROTOCOL_DEBUG] READ_MESSAGE_HASH_AFTER_PATTERN - Hash after pattern SE: [190, 242, 128, 186, 190, 26, 32, 119]
[1785240312] [NOISE_PROTOCOL_DEBUG] READ_MESSAGE_PAYLOAD - Decrypting payload, length: 16
[1785240312] [NOISE_PROTOCOL_DEBUG] DECRYPT_AND_HASH - Decrypting with cipher key, ciphertext length: 16
[1785240312] [NOISE_PROTOCOL_DEBUG] DECRYPT_AND_HASH_HASH - Current hash length: 32
[1785240312] [NOISE_PROTOCOL_DEBUG] DECRYPT_AND_HASH_HASH_BYTES - Hash bytes: [190, 242, 128, 186, 190, 26, 32, 119]
[1785240312] [NOISE_PROTOCOL_DEBUG] CIPHER_DECRYPT - Decrypting with key, ciphertext length: 16
[1785240312] [NOISE_PROTOCOL_DEBUG] CIPHER_DECRYPT_SUCCESS - Decryption successful, plaintext length: 0
[1785240312] [NOISE_PROTOCOL_DEBUG] DECRYPT_AND_HASH_SUCCESS - Decryption successful, plaintext length: 0
[1785240312] [NOISE_PROTOCOL_DEBUG] DECRYPT_AND_HASH_HASH_MIXED - Hash mixed with ciphertext
[1785240312] [NOISE_PROTOCOL_DEBUG] READ_MESSAGE_PAYLOAD_SUCCESS - Payload decrypted successfully, length: 0
[1785240312] [NOISE_PROTOCOL_DEBUG] READ_MESSAGE_COMPLETE - Message read successfully, new pattern: 3/3
[1785240312] [NOISE_PROTOCOL_DEBUG] READ_MESSAGE_HASH_AFTER - Hash after read: [24, 234, 194, 79, 61, 156, 240, 97]
[1785240328] [NOISE_PROTOCOL_DEBUG] HANDSHAKE_INIT - Protocol name: Noise_XX_25519_ChaChaPoly_SHA256
[1785240328] [NOISE_PROTOCOL_DEBUG] HANDSHAKE_INIT - Initial hash: [78, 111, 105, 115, 101, 95, 88, 88]
[1785240328] [NOISE_PROTOCOL_DEBUG] HANDSHAKE_INIT - Initial chaining key: [78, 111, 105, 115, 101, 95, 88, 88]
[1785240328] [NOISE_PROTOCOL_DEBUG] HANDSHAKE_INIT - Protocol name: Noise_XX_25519_ChaChaPoly_SHA256
[1785240328] [NOISE_PROTOCOL_DEBUG] HANDSHAKE_INIT - Initial hash: [78, 111, 105, 115, 101, 95, 88, 88]
[1785240328] [NOISE_PROTOCOL_DEBUG] HANDSHAKE_INIT - Initial chaining key: [78, 111, 105, 115, 101, 95, 88, 88]
[1785240328] [NOISE_PROTOCOL_DEBUG] WRITE_MESSAGE_START - Pattern: XX, Current: 0/3
[1785240328] [NOISE_PROTOCOL_DEBUG] WRITE_MESSAGE_PATTERNS - Processing patterns: [E]
[1785240328] [NOISE_PROTOCOL_DEBUG] WRITE_MESSAGE_PATTERN - Processing pattern: E
[1785240328] [NOISE_PROTOCOL_DEBUG] WRITE_MESSAGE_E - Generating ephemeral key
[1785240328] [NOISE_PROTOCOL_DEBUG] HANDSHAKE_INIT - Protocol name: Noise_XX_25519_ChaChaPoly_SHA256
[1785240328] [NOISE_PROTOCOL_DEBUG] HANDSHAKE_INIT - Initial hash: [78, 111, 105, 115, 101, 95, 88, 88]
[1785240328] [NOISE_PROTOCOL_DEBUG] HANDSHAKE_INIT - Initial chaining key: [78, 111, 105, 115, 101, 95, 88, 88]
[1785240328] [NOISE_PROTOCOL_DEBUG] WRITE_MESSAGE_START - Pattern: XX, Current: 0/3
[1785240328] [NOISE_PROTOCOL_DEBUG] WRITE_MESSAGE_PATTERNS - Processing patterns: [E]
[1785240328] [NOISE_PROTOCOL_DEBUG] WRITE_MESSAGE_PATTERN - Processing pattern: E
[1785240328] [NOISE_PROTOCOL_DEBUG] WRITE_MESSAGE_E - Generating ephemeral key
[1785240328] [NOISE_PROTOCOL_DEBUG] HANDSHAKE_INIT - Protocol name: Noise_XX_25519_ChaChaPoly_SHA256
[1785240328] [NOISE_PROTOCOL_DEBUG] HANDSHAKE_INIT - Initial hash: [78, 111, 105, 115, 101, 95, 88, 88]
[1785240328] [NOISE_PROTOCOL_DEBUG] HANDSHAKE_INIT - Initial chaining key: [78, 111, 105, 115, 101, 95, 88, 88]
[1785240328] [NOISE_PROTOCOL_DEBUG] WRITE_MESSAGE_E_DONE - Ephemeral key generated, buffer size: 32
[1785240328] [NOISE_PROTOCOL_DEBUG] WRITE_MESSAGE_ENCRYPT - Encrypting payload of 0 bytes
[1785240328] [NOISE_PROTOCOL_DEBUG] WRITE_MESSAGE_ENCRYPT_DONE - Payload encrypted, total buffer size: 32
[1785240328] [NOISE_PROTOCOL_DEBUG] WRITE_MESSAGE_START - Pattern: XX, Current: 0/3
[1785240328] [NOISE_PROTOCOL_DEBUG] WRITE_MESSAGE_COMPLETE - Message written, pattern 0 complete
[1785240328] [NOISE_PROTOCOL_DEBUG] WRITE_MESSAGE_PATTERNS - Processing patterns: [E]
[1785240328] [NOISE_PROTOCOL_DEBUG] WRITE_MESSAGE_PATTERN - Processing pattern: E
[1785240328] [NOISE_PROTOCOL_DEBUG] WRITE_MESSAGE_E - Generating ephemeral key
[1785240328] [NOISE_PROTOCOL_DEBUG] HANDSHAKE_INIT - Protocol name: Noise_XX_25519_ChaChaPoly_SHA256
[1785240328] [NOISE_PROTOCOL_DEBUG] HANDSHAKE_INIT - Initial hash: [78, 111, 105, 115, 101, 95, 88, 88]
[1785240328] [NOISE_PROTOCOL_DEBUG] HANDSHAKE_INIT - Initial chaining key: [78, 111, 105, 115, 101, 95, 88, 88]
[1785240328] [NOISE_PROTOCOL_DEBUG] WRITE_MESSAGE_START - Pattern: XX, Current: 0/3
[1785240328] [NOISE_PROTOCOL_DEBUG] WRITE_MESSAGE_PATTERNS - Processing patterns: [E]
[1785240328] [NOISE_PROTOCOL_DEBUG] WRITE_MESSAGE_PATTERN - Processing pattern: E
[1785240328] [NOISE_PROTOCOL_DEBUG] WRITE_MESSAGE_E - Generating ephemeral key
[1785240328] [NOISE_PROTOCOL_DEBUG] WRITE_MESSAGE_E_DONE - Ephemeral key generated, buffer size: 32
[1785240328] [NOISE_PROTOCOL_DEBUG] WRITE_MESSAGE_ENCRYPT - Encrypting payload of 0 bytes
[1785240328] [NOISE_PROTOCOL_DEBUG] WRITE_MESSAGE_ENCRYPT_DONE - Payload encrypted, total buffer size: 32
[1785240328] [NOISE_PROTOCOL_DEBUG] WRITE_MESSAGE_COMPLETE - Message written, pattern 0 complete
[1785240328] [NOISE_PROTOCOL_DEBUG] HANDSHAKE_INIT - Protocol name: Noise_XX_25519_ChaChaPoly_SHA256
[1785240328] [NOISE_PROTOCOL_DEBUG] HANDSHAKE_INIT - Initial hash: [78, 111, 105, 115, 101, 95, 88, 88]
[1785240328] [NOISE_PROTOCOL_DEBUG] HANDSHAKE_INIT - Initial chaining key: [78, 111, 105, 115, 101, 95, 88, 88]
[1785240328] [NOISE_PROTOCOL_DEBUG] WRITE_MESSAGE_E_DONE - Ephemeral key generated, buffer size: 32
[1785240328] [NOISE_PROTOCOL_DEBUG] READ_MESSAGE_START - Pattern: XX, Current: 0/3
[1785240328] [NOISE_PROTOCOL_DEBUG] WRITE_MESSAGE_ENCRYPT - Encrypting payload of 0 bytes
[1785240328] [NOISE_PROTOCOL_DEBUG] READ_MESSAGE_HASH_BEFORE - Hash before read: [243, 209, 94, 97, 8, 237, 149, 86]
[1785240328] [NOISE_PROTOCOL_DEBUG] READ_MESSAGE_PATTERNS - Processing patterns: [E]
[1785240328] [NOISE_PROTOCOL_DEBUG] WRITE_MESSAGE_ENCRYPT_DONE - Payload encrypted, total buffer size: 32
[1785240328] [NOISE_PROTOCOL_DEBUG] READ_MESSAGE_PATTERN - Processing pattern: E
[1785240328] [NOISE_PROTOCOL_DEBUG] WRITE_MESSAGE_COMPLETE - Message written, pattern 0 complete
[1785240328] [NOISE_PROTOCOL_DEBUG] READ_MESSAGE_HASH_BEFORE_PATTERN - Hash before pattern: [243, 209, 94, 97, 8, 237, 149, 86]
[1785240328] [NOISE_PROTOCOL_DEBUG] READ_MESSAGE_E - Reading ephemeral key
[1785240328] [NOISE_PROTOCOL_DEBUG] WRITE_MESSAGE_E_DONE - Ephemeral key generated, buffer size: 32
[1785240328] [NOISE_PROTOCOL_DEBUG] READ_MESSAGE_E_BYTES - Ephemeral key bytes: [41, 49, 94, 51, 205, 252, 125, 164]
[1785240328] [NOISE_PROTOCOL_DEBUG] WRITE_MESSAGE_ENCRYPT - Encrypting payload of 0 bytes
[1785240328] [NOISE_PROTOCOL_DEBUG] HANDSHAKE_INIT - Protocol name: Noise_XX_25519_ChaChaPoly_SHA256
[1785240328] [NOISE_PROTOCOL_DEBUG] READ_MESSAGE_E_DONE - Ephemeral key read, offset: 32
[1785240328] [NOISE_PROTOCOL_DEBUG] WRITE_MESSAGE_ENCRYPT_DONE - Payload encrypted, total buffer size: 32
[1785240328] [NOISE_PROTOCOL_DEBUG] HANDSHAKE_INIT - Initial hash: [78, 111, 105, 115, 101, 95, 88, 88]
[1785240328] [NOISE_PROTOCOL_DEBUG] READ_MESSAGE_HASH_AFTER_PATTERN - Hash after pattern E: [46, 81, 196, 22, 137, 120, 78, 228]
[1785240328] [NOISE_PROTOCOL_DEBUG] WRITE_MESSAGE_COMPLETE - Message written, pattern 0 complete
[1785240328] [NOISE_PROTOCOL_DEBUG] HANDSHAKE_INIT - Initial chaining key: [78, 111, 105, 115, 101, 95, 88, 88]
[1785240328] [NOISE_PROTOCOL_DEBUG] READ_MESSAGE_PAYLOAD - Decrypting payload, length: 0
[1785240328] [NOISE_PROTOCOL_DEBUG] DECRYPT_AND_HASH - No cipher key, treating as plaintext, length: 0
[1785240328] [NOISE_PROTOCOL_DEBUG] DECRYPT_AND_HASH_PLAINTEXT - Hash mixed with plaintext
[1785240328] [NOISE_PROTOCOL_DEBUG] READ_MESSAGE_PAYLOAD_SUCCESS - Payload decrypted successfully, length: 0
[1785240328] [NOISE_PROTOCOL_DEBUG] HANDSHAKE_INIT - Protocol name: Noise_XX_25519_ChaChaPoly_SHA256
[1785240328] [NOISE_PROTOCOL_DEBUG] READ_MESSAGE_COMPLETE - Message read successfully, new pattern: 1/3
[1785240328] [NOISE_PROTOCOL_DEBUG] HANDSHAKE_INIT - Initial hash: [78, 111, 105, 115, 101, 95, 88, 88]
[1785240328] [NOISE_PROTOCOL_DEBUG] READ_MESSAGE_HASH_AFTER - Hash after read: [254, 98, 38, 217, 151, 171, 220, 217]
[1785240328] [NOISE_PROTOCOL_DEBUG] HANDSHAKE_INIT - Initial chaining key: [78, 111, 105, 115, 101, 95, 88, 88]
[1785240328] [NOISE_PROTOCOL_DEBUG] WRITE_MESSAGE_START - Pattern: XX, Current: 1/3
[1785240328] [NOISE_PROTOCOL_DEBUG] READ_MESSAGE_START - Pattern: XX, Current: 0/3
[1785240328] [NOISE_PROTOCOL_DEBUG] WRITE_MESSAGE_PATTERNS - Processing patterns: [E, EE, S, ES]
[1785240328] [NOISE_PROTOCOL_DEBUG] READ_MESSAGE_HASH_BEFORE - Hash before read: [243, 209, 94, 97, 8, 237, 149, 86]
[1785240328] [NOISE_PROTOCOL_DEBUG] WRITE_MESSAGE_PATTERN - Processing pattern: E
[1785240328] [NOISE_PROTOCOL_DEBUG] READ_MESSAGE_PATTERNS - Processing patterns: [E]
[1785240328] [NOISE_PROTOCOL_DEBUG] WRITE_MESSAGE_E - Generating ephemeral key
[1785240328] [NOISE_PROTOCOL_DEBUG] READ_MESSAGE_PATTERN - Processing pattern: E
[1785240328] [NOISE_PROTOCOL_DEBUG] READ_MESSAGE_HASH_BEFORE_PATTERN - Hash before pattern: [243, 209, 94, 97, 8, 237, 149, 86]
[1785240328] [NOISE_PROTOCOL_DEBUG] READ_MESSAGE_E - Reading ephemeral key
[1785240328] [NOISE_PROTOCOL_DEBUG] READ_MESSAGE_START - Pattern: XX, Current: 0/3
[1785240328] [NOISE_PROTOCOL_DEBUG] READ_MESSAGE_E_BYTES - Ephemeral key bytes: [227, 181, 73, 254, 149, 82, 93, 45]
[1785240328] [NOISE_PROTOCOL_DEBUG] READ_MESSAGE_HASH_BEFORE - Hash before read: [243, 209, 94, 97, 8, 237, 149, 86]
[1785240328] [NOISE_PROTOCOL_DEBUG] READ_MESSAGE_PATTERNS - Processing patterns: [E]
[1785240328] [NOISE_PROTOCOL_DEBUG] READ_MESSAGE_PATTERN - Processing pattern: E
[1785240328] [NOISE_PROTOCOL_DEBUG] READ_MESSAGE_HASH_BEFORE_PATTERN - Hash before pattern: [243, 209, 94, 97, 8, 237, 149, 86]
[1785240328] [NOISE_PROTOCOL_DEBUG] READ_MESSAGE_E_DONE - Ephemeral key read, offset: 32
[1785240328] [NOISE_PROTOCOL_DEBUG] READ_MESSAGE_E - Reading ephemeral key
[1785240328] [NOISE_PROTOCOL_DEBUG] READ_MESSAGE_HASH_AFTER_PATTERN - Hash after pattern E: [121, 61, 106, 99, 216, 156, 212, 9]
[1785240328] [NOISE_PROTOCOL_DEBUG] READ_MESSAGE_E_BYTES - Ephemeral key bytes: [138, 198, 101, 95, 173, 216, 89, 138]
[1785240328] [NOISE_PROTOCOL_DEBUG] READ_MESSAGE_START - Pattern: XX, Current: 0/3
[1785240328] [NOISE_PROTOCOL_DEBUG] READ_MESSAGE_PAYLOAD - Decrypting payload, length: 0
[1785240328] [NOISE_PROTOCOL_DEBUG] READ_MESSAGE_HASH_BEFORE - Hash before read: [243, 209, 94, 97, 8, 237, 149, 86]
[1785240328] [NOISE_PROTOCOL_DEBUG] READ_MESSAGE_E_DONE - Ephemeral key read, offset: 32
[1785240328] [NOISE_PROTOCOL_DEBUG] DECRYPT_AND_HASH - No cipher key, treating as plaintext, length: 0
[1785240328] [NOISE_PROTOCOL_DEBUG] READ_MESSAGE_PATTERNS - Processing patterns: [E]
[1785240328] [NOISE_PROTOCOL_DEBUG] READ_MESSAGE_HASH_AFTER_PATTERN - Hash after pattern E: [136, 112, 185, 53, 124, 254, 38, 24]
[1785240328] [NOISE_PROTOCOL_DEBUG] READ_MESSAGE_PATTERN - Processing pattern: E
[1785240328] [NOISE_PROTOCOL_DEBUG] DECRYPT_AND_HASH_PLAINTEXT - Hash mixed with plaintext
[1785240328] [NOISE_PROTOCOL_DEBUG] READ_MESSAGE_PAYLOAD - Decrypting payload, length: 0
[1785240328] [NOISE_PROTOCOL_DEBUG] READ_MESSAGE_HASH_BEFORE_PATTERN - Hash before pattern: [243, 209, 94, 97, 8, 237, 149, 86]
[1785240328] [NOISE_PROTOCOL_DEBUG] READ_MESSAGE_PAYLOAD_SUCCESS - Payload decrypted successfully, length: 0
[1785240328] [NOISE_PROTOCOL_DEBUG] WRITE_MESSAGE_E_DONE - Ephemeral key generated, buffer size: 32
[1785240328] [NOISE_PROTOCOL_DEBUG] DECRYPT_AND_HASH - No cipher key, treating as plaintext, length: 0
[1785240328] [NOISE_PROTOCOL_DEBUG] READ_MESSAGE_COMPLETE - Message read successfully, new pattern: 1/3
[1785240328] [NOISE_PROTOCOL_DEBUG] READ_MESSAGE_E - Reading ephemeral key
[1785240328] [NOISE_PROTOCOL_DEBUG] WRITE_MESSAGE_PATTERN - Processing pattern: EE
[1785240328] [NOISE_PROTOCOL_DEBUG] READ_MESSAGE_HASH_AFTER - Hash after read: [53, 142, 115, 172, 113, 96, 17, 134]
[1785240328] [NOISE_PROTOCOL_DEBUG] DECRYPT_AND_HASH_PLAINTEXT - Hash mixed with plaintext
[1785240328] [NOISE_PROTOCOL_DEBUG] READ_MESSAGE_E_BYTES - Ephemeral key bytes: [169, 103, 253, 254, 91, 5, 202, 99]
[1785240328] [NOISE_PROTOCOL_DEBUG] WRITE_MESSAGE_EE - Performing DH(ephemeral, ephemeral)
[1785240328] [NOISE_PROTOCOL_DEBUG] READ_MESSAGE_PAYLOAD_SUCCESS - Payload decrypted successfully, length: 0
[1785240328] [NOISE_PROTOCOL_DEBUG] WRITE_MESSAGE_START - Pattern: XX, Current: 1/3
[1785240328] [NOISE_PROTOCOL_DEBUG] READ_MESSAGE_COMPLETE - Message read successfully, new pattern: 1/3
[1785240328] [NOISE_PROTOCOL_DEBUG] READ_MESSAGE_E_DONE - Ephemeral key read, offset: 32
[1785240328] [NOISE_PROTOCOL_DEBUG] WRITE_MESSAGE_PATTERNS - Processing patterns: [E, EE, S, ES]
[1785240328] [NOISE_PROTOCOL_DEBUG] READ_MESSAGE_HASH_AFTER - Hash after read: [177, 56, 54, 98, 83, 35, 245, 241]
[1785240328] [NOISE_PROTOCOL_DEBUG] READ_MESSAGE_HASH_AFTER_PATTERN - Hash after pattern E: [225, 229, 221, 184, 11, 213, 118, 241]
[1785240328] [NOISE_PROTOCOL_DEBUG] WRITE_MESSAGE_PATTERN - Processing pattern: E
[1785240328] [NOISE_PROTOCOL_DEBUG] WRITE_MESSAGE_START - Pattern: XX, Current: 1/3
[1785240328] [NOISE_PROTOCOL_DEBUG] WRITE_MESSAGE_E - Generating ephemeral key
[1785240328] [NOISE_PROTOCOL_DEBUG] READ_MESSAGE_PAYLOAD - Decrypting payload, length: 0
[1785240328] [NOISE_PROTOCOL_DEBUG] WRITE_MESSAGE_PATTERNS - Processing patterns: [E, EE, S, ES]
[1785240328] [NOISE_PROTOCOL_DEBUG] DECRYPT_AND_HASH - No cipher key, treating as plaintext, length: 0
[1785240328] [NOISE_PROTOCOL_DEBUG] WRITE_MESSAGE_PATTERN - Processing pattern: E
[1785240328] [NOISE_PROTOCOL_DEBUG] WRITE_MESSAGE_E - Generating ephemeral key
[1785240328] [NOISE_PROTOCOL_DEBUG] DECRYPT_AND_HASH_PLAINTEXT - Hash mixed with plaintext
[1785240328] [NOISE_PROTOCOL_DEBUG] READ_MESSAGE_PAYLOAD_SUCCESS - Payload decrypted successfully, length: 0
[1785240328] [NOISE_PROTOCOL_DEBUG] READ_MESSAGE_COMPLETE - Message read successfully, new pattern: 1/3
[1785240328] [NOISE_PROTOCOL_DEBUG] READ_MESSAGE_HASH_AFTER - Hash after read: [228, 154, 96, 112, 255, 140, 255, 232]
[1785240328] [NOISE_PROTOCOL_DEBUG] WRITE_MESSAGE_START - Pattern: XX, Current: 1/3
[1785240328] [NOISE_PROTOCOL_DEBUG] WRITE_MESSAGE_PATTERNS - Processing patterns: [E, EE, S, ES]
[1785240328] [NOISE_PROTOCOL_DEBUG] WRITE_MESSAGE_PATTERN - Processing pattern: E
[1785240328] [NOISE_PROTOCOL_DEBUG] WRITE_MESSAGE_E - Generating ephemeral key
[1785240328] [NOISE_PROTOCOL_DEBUG] WRITE_MESSAGE_E_DONE - Ephemeral key generated, buffer size: 32
[1785240328] [NOISE_PROTOCOL_DEBUG] WRITE_MESSAGE_E_DONE - Ephemeral key generated, buffer size: 32
[1785240328] [NOISE_PROTOCOL_DEBUG] WRITE_MESSAGE_PATTERN - Processing pattern: EE
[1785240328] [NOISE_PROTOCOL_DEBUG] WRITE_MESSAGE_PATTERN - Processing pattern: EE
[1785240328] [NOISE_PROTOCOL_DEBUG] WRITE_MESSAGE_E_DONE - Ephemeral key generated, buffer size: 32
[1785240328] [NOISE_PROTOCOL_DEBUG] WRITE_MESSAGE_EE - Performing DH(ephemeral, ephemeral)
[1785240328] [NOISE_PROTOCOL_DEBUG] WRITE_MESSAGE_EE - Performing DH(ephemeral, ephemeral)
[1785240328] [NOISE_PROTOCOL_DEBUG] WRITE_MESSAGE_PATTERN - Processing pattern: EE
[1785240328] [NOISE_PROTOCOL_DEBUG] WRITE_MESSAGE_EE - Performing DH(ephemeral, ephemeral)
[1785240328] [NOISE_PROTOCOL_DEBUG] WRITE_MESSAGE_EE_DONE - DH(ephemeral, ephemeral) completed
[1785240328] [NOISE_PROTOCOL_DEBUG] WRITE_MESSAGE_PATTERN - Processing pattern: S
[1785240328] [NOISE_PROTOCOL_DEBUG] WRITE_MESSAGE_S - Sending static key
[1785240328] [NOISE_PROTOCOL_DEBUG] CIPHER_ENCRYPT - Encrypting with key, plaintext length: 32
[1785240328] [NOISE_PROTOCOL_DEBUG] CIPHER_ENCRYPT_KEY - Key length: 32
[1785240328] [NOISE_PROTOCOL_DEBUG] CIPHER_ENCRYPT_NONCE - Current nonce: 0
[1785240328] [NOISE_PROTOCOL_DEBUG] CIPHER_ENCRYPT_ASSOCIATED_DATA - Associated data length: 32
[1785240328] [NOISE_PROTOCOL_DEBUG] CIPHER_ENCRYPT_SUCCESS - Encryption successful, ciphertext length: 48
[1785240328] [NOISE_PROTOCOL_DEBUG] WRITE_MESSAGE_S_DONE - Static key encrypted and sent, buffer size: 80
[1785240328] [NOISE_PROTOCOL_DEBUG] WRITE_MESSAGE_PATTERN - Processing pattern: ES
[1785240328] [NOISE_PROTOCOL_DEBUG] WRITE_MESSAGE_ES - Performing DH(ephemeral, static), role: Responder
[1785240328] [NOISE_PROTOCOL_DEBUG] WRITE_MESSAGE_EE_DONE - DH(ephemeral, ephemeral) completed
[1785240328] [NOISE_PROTOCOL_DEBUG] WRITE_MESSAGE_EE_DONE - DH(ephemeral, ephemeral) completed
[1785240328] [NOISE_PROTOCOL_DEBUG] WRITE_MESSAGE_PATTERN - Processing pattern: S
[1785240328] [NOISE_PROTOCOL_DEBUG] WRITE_MESSAGE_PATTERN - Processing pattern: S
[1785240328] [NOISE_PROTOCOL_DEBUG] WRITE_MESSAGE_S - Sending static key
[1785240328] [NOISE_PROTOCOL_DEBUG] WRITE_MESSAGE_S - Sending static key
[1785240328] [NOISE_PROTOCOL_DEBUG] CIPHER_ENCRYPT - Encrypting with key, plaintext length: 32
[1785240328] [NOISE_PROTOCOL_DEBUG] CIPHER_ENCRYPT - Encrypting with key, plaintext length: 32
[1785240328] [NOISE_PROTOCOL_DEBUG] CIPHER_ENCRYPT_KEY - Key length: 32
[1785240328] [NOISE_PROTOCOL_DEBUG] CIPHER_ENCRYPT_KEY - Key length: 32
[1785240328] [NOISE_PROTOCOL_DEBUG] CIPHER_ENCRYPT_NONCE - Current nonce: 0
[1785240328] [NOISE_PROTOCOL_DEBUG] CIPHER_ENCRYPT_NONCE - Current nonce: 0
[1785240328] [NOISE_PROTOCOL_DEBUG] CIPHER_ENCRYPT_ASSOCIATED_DATA - Associated data length: 32
[1785240328] [NOISE_PROTOCOL_DEBUG] CIPHER_ENCRYPT_ASSOCIATED_DATA - Associated data length: 32
[1785240328] [NOISE_PROTOCOL_DEBUG] WRITE_MESSAGE_EE_DONE - DH(ephemeral, ephemeral) completed
[1785240328] [NOISE_PROTOCOL_DEBUG] WRITE_MESSAGE_PATTERN - Processing pattern: S
[1785240328] [NOISE_PROTOCOL_DEBUG] WRITE_MESSAGE_S - Sending static key
[1785240328] [NOISE_PROTOCOL_DEBUG] CIPHER_ENCRYPT - Encrypting with key, plaintext length: 32
[1785240328] [NOISE_PROTOCOL_DEBUG] CIPHER_ENCRYPT_KEY - Key length: 32
[1785240328] [NOISE_PROTOCOL_DEBUG] CIPHER_ENCRYPT_NONCE - Current nonce: 0
[1785240328] [NOISE_PROTOCOL_DEBUG] CIPHER_ENCRYPT_ASSOCIATED_DATA - Associated data length: 32
[1785240328] [NOISE_PROTOCOL_DEBUG] CIPHER_ENCRYPT_SUCCESS - Encryption successful, ciphertext length: 48
[1785240328] [NOISE_PROTOCOL_DEBUG] CIPHER_ENCRYPT_SUCCESS - Encryption successful, ciphertext length: 48
[1785240328] [NOISE_PROTOCOL_DEBUG] WRITE_MESSAGE_S_DONE - Static key encrypted and sent, buffer size: 80
[1785240328] [NOISE_PROTOCOL_DEBUG] WRITE_MESSAGE_PATTERN - Processing pattern: ES
[1785240328] [NOISE_PROTOCOL_DEBUG] WRITE_MESSAGE_S_DONE - Static key encrypted and sent, buffer size: 80
[1785240328] [NOISE_PROTOCOL_DEBUG] WRITE_MESSAGE_ES - Performing DH(ephemeral, static), role: Responder
[1785240328] [NOISE_PROTOCOL_DEBUG] WRITE_MESSAGE_PATTERN - Processing pattern: ES
[1785240328] [NOISE_PROTOCOL_DEBUG] CIPHER_ENCRYPT_SUCCESS - Encryption successful, ciphertext length: 48
[1785240328] [NOISE_PROTOCOL_DEBUG] WRITE_MESSAGE_ES - Performing DH(ephemeral, static), role: Responder
[1785240328] [NOISE_PROTOCOL_DEBUG] WRITE_MESSAGE_S_DONE - Static key encrypted and sent, buffer size: 80
[1785240328] [NOISE_PROTOCOL_DEBUG] WRITE_MESSAGE_PATTERN - Processing pattern: ES
[1785240328] [NOISE_PROTOCOL_DEBUG] WRITE_MESSAGE_ES - Performing DH(ephemeral, static), role: Responder
[1785240328] [NOISE_PROTOCOL_DEBUG] WRITE_MESSAGE_ES_DONE - DH(ephemeral, static) completed for responder
[1785240328] [NOISE_PROTOCOL_DEBUG] WRITE_MESSAGE_ENCRYPT - Encrypting payload of 0 bytes
[1785240328] [NOISE_PROTOCOL_DEBUG] CIPHER_ENCRYPT - Encrypting with key, plaintext length: 0
[1785240328] [NOISE_PROTOCOL_DEBUG] CIPHER_ENCRYPT_KEY - Key length: 32
[1785240328] [NOISE_PROTOCOL_DEBUG] CIPHER_ENCRYPT_NONCE - Current nonce: 0
[1785240328] [NOISE_PROTOCOL_DEBUG] CIPHER_ENCRYPT_ASSOCIATED_DATA - Associated data length: 32
[1785240328] [NOISE_PROTOCOL_DEBUG] CIPHER_ENCRYPT_SUCCESS - Encryption successful, ciphertext length: 16
[1785240328] [NOISE_PROTOCOL_DEBUG] WRITE_MESSAGE_ENCRYPT_DONE - Payload encrypted, total buffer size: 96
[1785240328] [NOISE_PROTOCOL_DEBUG] WRITE_MESSAGE_COMPLETE - Message written, pattern 1 complete
[1785240328] [NOISE_PROTOCOL_DEBUG] WRITE_MESSAGE_ES_DONE - DH(ephemeral, static) completed for responder
[1785240328] [NOISE_PROTOCOL_DEBUG] WRITE_MESSAGE_ENCRYPT - Encrypting payload of 0 bytes
[1785240328] [NOISE_PROTOCOL_DEBUG] CIPHER_ENCRYPT - Encrypting with key, plaintext length: 0
[1785240328] [NOISE_PROTOCOL_DEBUG] READ_MESSAGE_START - Pattern: XX, Current: 1/3
[1785240328] [NOISE_PROTOCOL_DEBUG] CIPHER_ENCRYPT_KEY - Key length: 32
[1785240328] [NOISE_PROTOCOL_DEBUG] CIPHER_ENCRYPT_NONCE - Current nonce: 0
[1785240328] [NOISE_PROTOCOL_DEBUG] READ_MESSAGE_HASH_BEFORE - Hash before read: [254, 98, 38, 217, 151, 171, 220, 217]
[1785240328] [NOISE_PROTOCOL_DEBUG] CIPHER_ENCRYPT_ASSOCIATED_DATA - Associated data length: 32
[1785240328] [NOISE_PROTOCOL_DEBUG] WRITE_MESSAGE_ES_DONE - DH(ephemeral, static) completed for responder
[1785240328] [NOISE_PROTOCOL_DEBUG] READ_MESSAGE_PATTERNS - Processing patterns: [E, EE, S, ES]
[1785240328] [NOISE_PROTOCOL_DEBUG] WRITE_MESSAGE_ENCRYPT - Encrypting payload of 0 bytes
[1785240328] [NOISE_PROTOCOL_DEBUG] READ_MESSAGE_PATTERN - Processing pattern: E
[1785240328] [NOISE_PROTOCOL_DEBUG] CIPHER_ENCRYPT - Encrypting with key, plaintext length: 0
[1785240328] [NOISE_PROTOCOL_DEBUG] READ_MESSAGE_HASH_BEFORE_PATTERN - Hash before pattern: [254, 98, 38, 217, 151, 171, 220, 217]
[1785240328] [NOISE_PROTOCOL_DEBUG] CIPHER_ENCRYPT_KEY - Key length: 32
[1785240328] [NOISE_PROTOCOL_DEBUG] WRITE_MESSAGE_ES_DONE - DH(ephemeral, static) completed for responder
[1785240328] [NOISE_PROTOCOL_DEBUG] READ_MESSAGE_E - Reading ephemeral key
[1785240328] [NOISE_PROTOCOL_DEBUG] CIPHER_ENCRYPT_NONCE - Current nonce: 0
[1785240328] [NOISE_PROTOCOL_DEBUG] WRITE_MESSAGE_ENCRYPT - Encrypting payload of 0 bytes
[1785240328] [NOISE_PROTOCOL_DEBUG] READ_MESSAGE_E_BYTES - Ephemeral key bytes: [214, 239, 164, 45, 118, 110, 169, 49]
[1785240328] [NOISE_PROTOCOL_DEBUG] CIPHER_ENCRYPT_SUCCESS - Encryption successful, ciphertext length: 16
[1785240328] [NOISE_PROTOCOL_DEBUG] CIPHER_ENCRYPT_ASSOCIATED_DATA - Associated data length: 32
[1785240328] [NOISE_PROTOCOL_DEBUG] CIPHER_ENCRYPT - Encrypting with key, plaintext length: 0
[1785240328] [NOISE_PROTOCOL_DEBUG] WRITE_MESSAGE_ENCRYPT_DONE - Payload encrypted, total buffer size: 96
[1785240328] [NOISE_PROTOCOL_DEBUG] CIPHER_ENCRYPT_KEY - Key length: 32
[1785240328] [NOISE_PROTOCOL_DEBUG] READ_MESSAGE_E_DONE - Ephemeral key read, offset: 32
[1785240328] [NOISE_PROTOCOL_DEBUG] WRITE_MESSAGE_COMPLETE - Message written, pattern 1 complete
[1785240328] [NOISE_PROTOCOL_DEBUG] CIPHER_ENCRYPT_NONCE - Current nonce: 0
[1785240328] [NOISE_PROTOCOL_DEBUG] READ_MESSAGE_HASH_AFTER_PATTERN - Hash after pattern E: [96, 76, 68, 6, 124, 229, 49, 98]
[1785240328] [NOISE_PROTOCOL_DEBUG] CIPHER_ENCRYPT_ASSOCIATED_DATA - Associated data length: 32
[1785240328] [NOISE_PROTOCOL_DEBUG] READ_MESSAGE_PATTERN - Processing pattern: EE
[1785240328] [NOISE_PROTOCOL_DEBUG] READ_MESSAGE_HASH_BEFORE_PATTERN - Hash before pattern: [96, 76, 68, 6, 124, 229, 49, 98]
[1785240328] [NOISE_PROTOCOL_DEBUG] READ_MESSAGE_START - Pattern: XX, Current: 1/3
[1785240328] [NOISE_PROTOCOL_DEBUG] CIPHER_ENCRYPT_SUCCESS - Encryption successful, ciphertext length: 16
[1785240328] [NOISE_PROTOCOL_DEBUG] READ_MESSAGE_EE - Performing DH(ephemeral, ephemeral)
[1785240328] [NOISE_PROTOCOL_DEBUG] READ_MESSAGE_HASH_BEFORE - Hash before read: [228, 154, 96, 112, 255, 140, 255, 232]
[1785240328] [NOISE_PROTOCOL_DEBUG] WRITE_MESSAGE_ENCRYPT_DONE - Payload encrypted, total buffer size: 96
[1785240328] [NOISE_PROTOCOL_DEBUG] READ_MESSAGE_PATTERNS - Processing patterns: [E, EE, S, ES]
[1785240328] [NOISE_PROTOCOL_DEBUG] WRITE_MESSAGE_COMPLETE - Message written, pattern 1 complete
[1785240328] [NOISE_PROTOCOL_DEBUG] READ_MESSAGE_PATTERN - Processing pattern: E
[1785240328] [NOISE_PROTOCOL_DEBUG] READ_MESSAGE_HASH_BEFORE_PATTERN - Hash before pattern: [228, 154, 96, 112, 255, 140, 255, 232]
[1785240328] [NOISE_PROTOCOL_DEBUG] READ_MESSAGE_E - Reading ephemeral key
[1785240328] [NOISE_PROTOCOL_DEBUG] CIPHER_ENCRYPT_SUCCESS - Encryption successful, ciphertext length: 16
[1785240328] [NOISE_PROTOCOL_DEBUG] READ_MESSAGE_E_BYTES - Ephemeral key bytes: [36, 19, 146, 67, 112, 151, 243, 170]
[1785240328] [NOISE_PROTOCOL_DEBUG] READ_MESSAGE_START - Pattern: XX, Current: 1/3
[1785240328] [NOISE_PROTOCOL_DEBUG] WRITE_MESSAGE_ENCRYPT_DONE - Payload encrypted, total buffer size: 96
[1785240328] [NOISE_PROTOCOL_DEBUG] READ_MESSAGE_E_DONE - Ephemeral key read, offset: 32
[1785240328] [NOISE_PROTOCOL_DEBUG] READ_MESSAGE_HASH_BEFORE - Hash before read: [53, 142, 115, 172, 113, 96, 17, 134]
[1785240328] [NOISE_PROTOCOL_DEBUG] WRITE_MESSAGE_COMPLETE - Message written, pattern 1 complete
[1785240328] [NOISE_PROTOCOL_DEBUG] READ_MESSAGE_HASH_AFTER_PATTERN - Hash after pattern E: [55, 211, 94, 210, 3, 166, 218, 3]
[1785240328] [NOISE_PROTOCOL_DEBUG] READ_MESSAGE_PATTERNS - Processing patterns: [E, EE, S, ES]
[1785240328] [NOISE_PROTOCOL_DEBUG] READ_MESSAGE_PATTERN - Processing pattern: EE
[1785240328] [NOISE_PROTOCOL_DEBUG] READ_MESSAGE_PATTERN - Processing pattern: E
[1785240328] [NOISE_PROTOCOL_DEBUG] READ_MESSAGE_HASH_BEFORE_PATTERN - Hash before pattern: [55, 211, 94, 210, 3, 166, 218, 3]
[1785240328] [NOISE_PROTOCOL_DEBUG] READ_MESSAGE_HASH_BEFORE_PATTERN - Hash before pattern: [53, 142, 115, 172, 113, 96, 17, 134]
[1785240328] [NOISE_PROTOCOL_DEBUG] READ_MESSAGE_EE - Performing DH(ephemeral, ephemeral)
[1785240328] [NOISE_PROTOCOL_DEBUG] READ_MESSAGE_E - Reading ephemeral key
[1785240328] [NOISE_PROTOCOL_DEBUG] READ_MESSAGE_START - Pattern: XX, Current: 1/3
[1785240328] [NOISE_PROTOCOL_DEBUG] READ_MESSAGE_E_BYTES - Ephemeral key bytes: [97, 182, 122, 171, 183, 222, 160, 34]
[1785240328] [NOISE_PROTOCOL_DEBUG] READ_MESSAGE_HASH_BEFORE - Hash before read: [177, 56, 54, 98, 83, 35, 245, 241]
[1785240328] [NOISE_PROTOCOL_DEBUG] READ_MESSAGE_E_DONE - Ephemeral key read, offset: 32
[1785240328] [NOISE_PROTOCOL_DEBUG] READ_MESSAGE_PATTERNS - Processing patterns: [E, EE, S, ES]
[1785240328] [NOISE_PROTOCOL_DEBUG] READ_MESSAGE_HASH_AFTER_PATTERN - Hash after pattern E: [252, 79, 18, 121, 134, 109, 229, 57]
[1785240328] [NOISE_PROTOCOL_DEBUG] READ_MESSAGE_PATTERN - Processing pattern: E
[1785240328] [NOISE_PROTOCOL_DEBUG] READ_MESSAGE_PATTERN - Processing pattern: EE
[1785240328] [NOISE_PROTOCOL_DEBUG] READ_MESSAGE_HASH_BEFORE_PATTERN - Hash before pattern: [177, 56, 54, 98, 83, 35, 245, 241]
[1785240328] [NOISE_PROTOCOL_DEBUG] READ_MESSAGE_HASH_BEFORE_PATTERN - Hash before pattern: [252, 79, 18, 121, 134, 109, 229, 57]
[1785240328] [NOISE_PROTOCOL_DEBUG] READ_MESSAGE_E - Reading ephemeral key
[1785240328] [NOISE_PROTOCOL_DEBUG] READ_MESSAGE_EE - Performing DH(ephemeral, ephemeral)
[1785240328] [NOISE_PROTOCOL_DEBUG] READ_MESSAGE_E_BYTES - Ephemeral key bytes: [190, 72, 147, 181, 183, 96, 126, 76]
[1785240328] [NOISE_PROTOCOL_DEBUG] READ_MESSAGE_E_DONE - Ephemeral key read, offset: 32
[1785240328] [NOISE_PROTOCOL_DEBUG] READ_MESSAGE_HASH_AFTER_PATTERN - Hash after pattern E: [165, 240, 93, 90, 144, 184, 182, 179]
[1785240328] [NOISE_PROTOCOL_DEBUG] READ_MESSAGE_PATTERN - Processing pattern: EE
[1785240328] [NOISE_PROTOCOL_DEBUG] READ_MESSAGE_HASH_BEFORE_PATTERN - Hash before pattern: [165, 240, 93, 90, 144, 184, 182, 179]
[1785240328] [NOISE_PROTOCOL_DEBUG] READ_MESSAGE_EE - Performing DH(ephemeral, ephemeral)
[1785240328] [NOISE_PROTOCOL_DEBUG] READ_MESSAGE_EE_DONE - DH(ephemeral, ephemeral) completed
[1785240328] [NOISE_PROTOCOL_DEBUG] READ_MESSAGE_HASH_AFTER_PATTERN - Hash after pattern EE: [55, 211, 94, 210, 3, 166, 218, 3]
[1785240328] [NOISE_PROTOCOL_DEBUG] READ_MESSAGE_PATTERN - Processing pattern: S
[1785240328] [NOISE_PROTOCOL_DEBUG] READ_MESSAGE_HASH_BEFORE_PATTERN - Hash before pattern: [55, 211, 94, 210, 3, 166, 218, 3]
[1785240328] [NOISE_PROTOCOL_DEBUG] READ_MESSAGE_S - Reading static key
[1785240328] [NOISE_PROTOCOL_DEBUG] READ_MESSAGE_EE_DONE - DH(ephemeral, ephemeral) completed
[1785240328] [NOISE_PROTOCOL_DEBUG] READ_MESSAGE_S_CHECK - Checking static key length: need 48 bytes, available 64 bytes, has_cipher_key: true
[1785240328] [NOISE_PROTOCOL_DEBUG] READ_MESSAGE_HASH_AFTER_PATTERN - Hash after pattern EE: [96, 76, 68, 6, 124, 229, 49, 98]
[1785240328] [NOISE_PROTOCOL_DEBUG] READ_MESSAGE_S_DATA - Static key data length: 48, has_cipher_key: true
[1785240328] [NOISE_PROTOCOL_DEBUG] READ_MESSAGE_PATTERN - Processing pattern: S
[1785240328] [NOISE_PROTOCOL_DEBUG] DECRYPT_AND_HASH - Decrypting with cipher key, ciphertext length: 48
[1785240328] [NOISE_PROTOCOL_DEBUG] READ_MESSAGE_HASH_BEFORE_PATTERN - Hash before pattern: [96, 76, 68, 6, 124, 229, 49, 98]
[1785240328] [NOISE_PROTOCOL_DEBUG] DECRYPT_AND_HASH_HASH - Current hash length: 32
[1785240328] [NOISE_PROTOCOL_DEBUG] READ_MESSAGE_S - Reading static key
[1785240328] [NOISE_PROTOCOL_DEBUG] DECRYPT_AND_HASH_HASH_BYTES - Hash bytes: [55, 211, 94, 210, 3, 166, 218, 3]
[1785240328] [NOISE_PROTOCOL_DEBUG] READ_MESSAGE_S_CHECK - Checking static key length: need 48 bytes, available 64 bytes, has_cipher_key: true
[1785240328] [NOISE_PROTOCOL_DEBUG] CIPHER_DECRYPT - Decrypting with key, ciphertext length: 48
[1785240328] [NOISE_PROTOCOL_DEBUG] READ_MESSAGE_S_DATA - Static key data length: 48, has_cipher_key: true
[1785240328] [NOISE_PROTOCOL_DEBUG] DECRYPT_AND_HASH - Decrypting with cipher key, ciphertext length: 48
[1785240328] [NOISE_PROTOCOL_DEBUG] DECRYPT_AND_HASH_HASH - Current hash length: 32
[1785240328] [NOISE_PROTOCOL_DEBUG] READ_MESSAGE_EE_DONE - DH(ephemeral, ephemeral) completed
[1785240328] [NOISE_PROTOCOL_DEBUG] DECRYPT_AND_HASH_HASH_BYTES - Hash bytes: [96, 76, 68, 6, 124, 229, 49, 98]
[1785240328] [NOISE_PROTOCOL_DEBUG] READ_MESSAGE_HASH_AFTER_PATTERN - Hash after pattern EE: [252, 79, 18, 121, 134, 109, 229, 57]
[1785240328] [NOISE_PROTOCOL_DEBUG] CIPHER_DECRYPT - Decrypting with key, ciphertext length: 48
[1785240328] [NOISE_PROTOCOL_DEBUG] READ_MESSAGE_PATTERN - Processing pattern: S
[1785240328] [NOISE_PROTOCOL_DEBUG] READ_MESSAGE_HASH_BEFORE_PATTERN - Hash before pattern: [252, 79, 18, 121, 134, 109, 229, 57]
[1785240328] [NOISE_PROTOCOL_DEBUG] READ_MESSAGE_S - Reading static key
[1785240328] [NOISE_PROTOCOL_DEBUG] READ_MESSAGE_S_CHECK - Checking static key length: need 48 bytes, available 64 bytes, has_cipher_key: true
[1785240328] [NOISE_PROTOCOL_DEBUG] READ_MESSAGE_S_DATA - Static key data length: 48, has_cipher_key: true
[1785240328] [NOISE_PROTOCOL_DEBUG] DECRYPT_AND_HASH - Decrypting with cipher key, ciphertext length: 48
[1785240328] [NOISE_PROTOCOL_DEBUG] READ_MESSAGE_EE_DONE - DH(ephemeral, ephemeral) completed
[1785240328] [NOISE_PROTOCOL_DEBUG] CIPHER_DECRYPT_SUCCESS - Decryption successful, plaintext length: 32
[1785240328] [NOISE_PROTOCOL_DEBUG] DECRYPT_AND_HASH_HASH - Current hash length: 32
[1785240328] [NOISE_PROTOCOL_DEBUG] READ_MESSAGE_HASH_AFTER_PATTERN - Hash after pattern EE: [165, 240, 93, 90, 144, 184, 182, 179]
[1785240328] [NOISE_PROTOCOL_DEBUG] DECRYPT_AND_HASH_HASH_BYTES - Hash bytes: [252, 79, 18, 121, 134, 109, 229, 57]
[1785240328] [NOISE_PROTOCOL_DEBUG] DECRYPT_AND_HASH_SUCCESS - Decryption successful, plaintext length: 32
[1785240328] [NOISE_PROTOCOL_DEBUG] READ_MESSAGE_PATTERN - Processing pattern: S
[1785240328] [NOISE_PROTOCOL_DEBUG] CIPHER_DECRYPT - Decrypting with key, ciphertext length: 48
[1785240328] [NOISE_PROTOCOL_DEBUG] DECRYPT_AND_HASH_HASH_MIXED - Hash mixed with ciphertext
[1785240328] [NOISE_PROTOCOL_DEBUG] READ_MESSAGE_HASH_BEFORE_PATTERN - Hash before pattern: [165, 240, 93, 90, 144, 184, 182, 179]
[1785240328] [NOISE_PROTOCOL_DEBUG] READ_MESSAGE_S_DONE - Static key read and validated successfully
[1785240328] [NOISE_PROTOCOL_DEBUG] READ_MESSAGE_S - Reading static key
[1785240328] [NOISE_PROTOCOL_DEBUG] CIPHER_DECRYPT_SUCCESS - Decryption successful, plaintext length: 32
[1785240328] [NOISE_PROTOCOL_DEBUG] READ_MESSAGE_HASH_AFTER_PATTERN - Hash after pattern S: [53, 213, 82, 240, 210, 128, 18, 3]
[1785240328] [NOISE_PROTOCOL_DEBUG] READ_MESSAGE_S_CHECK - Checking static key length: need 48 bytes, available 64 bytes, has_cipher_key: true
[1785240328] [NOISE_PROTOCOL_DEBUG] DECRYPT_AND_HASH_SUCCESS - Decryption successful, plaintext length: 32
[1785240328] [NOISE_PROTOCOL_DEBUG] READ_MESSAGE_PATTERN - Processing pattern: ES
[1785240328] [NOISE_PROTOCOL_DEBUG] READ_MESSAGE_S_DATA - Static key data length: 48, has_cipher_key: true
[1785240328] [NOISE_PROTOCOL_DEBUG] READ_MESSAGE_HASH_BEFORE_PATTERN - Hash before pattern: [53, 213, 82, 240, 210, 128, 18, 3]
[1785240328] [NOISE_PROTOCOL_DEBUG] DECRYPT_AND_HASH_HASH_MIXED - Hash mixed with ciphertext
[1785240328] [NOISE_PROTOCOL_DEBUG] DECRYPT_AND_HASH - Decrypting with cipher key, ciphertext length: 48
[1785240328] [NOISE_PROTOCOL_DEBUG] READ_MESSAGE_ES - Performing DH(ephemeral, static)
[1785240328] [NOISE_PROTOCOL_DEBUG] DECRYPT_AND_HASH_HASH - Current hash length: 32
[1785240328] [NOISE_PROTOCOL_DEBUG] READ_MESSAGE_S_DONE - Static key read and validated successfully
[1785240328] [NOISE_PROTOCOL_DEBUG] DECRYPT_AND_HASH_HASH_BYTES - Hash bytes: [165, 240, 93, 90, 144, 184, 182, 179]
[1785240328] [NOISE_PROTOCOL_DEBUG] READ_MESSAGE_HASH_AFTER_PATTERN - Hash after pattern S: [154, 197, 62, 18, 121, 26, 145, 174]
[1785240328] [NOISE_PROTOCOL_DEBUG] CIPHER_DECRYPT_SUCCESS - Decryption successful, plaintext length: 32
[1785240328] [NOISE_PROTOCOL_DEBUG] CIPHER_DECRYPT - Decrypting with key, ciphertext length: 48
[1785240328] [NOISE_PROTOCOL_DEBUG] READ_MESSAGE_PATTERN - Processing pattern: ES
[1785240328] [NOISE_PROTOCOL_DEBUG] DECRYPT_AND_HASH_SUCCESS - Decryption successful, plaintext length: 32
[1785240328] [NOISE_PROTOCOL_DEBUG] READ_MESSAGE_HASH_BEFORE_PATTERN - Hash before pattern: [154, 197, 62, 18, 121, 26, 145, 174]
[1785240328] [NOISE_PROTOCOL_DEBUG] DECRYPT_AND_HASH_HASH_MIXED - Hash mixed with ciphertext
[1785240328] [NOISE_PROTOCOL_DEBUG] READ_MESSAGE_ES - Performing DH(ephemeral, static)
[1785240328] [NOISE_PROTOCOL_DEBUG] READ_MESSAGE_S_DONE - Static key read and validated successfully
[1785240328] [NOISE_PROTOCOL_DEBUG] READ_MESSAGE_HASH_AFTER_PATTERN - Hash after pattern S: [122, 117, 233, 221, 2, 126, 252, 242]
[1785240328] [NOISE_PROTOCOL_DEBUG] READ_MESSAGE_PATTERN - Processing pattern: ES
[1785240328] [NOISE_PROTOCOL_DEBUG] READ_MESSAGE_HASH_BEFORE_PATTERN - Hash before pattern: [122, 117, 233, 221, 2, 126, 252, 242]
[1785240328] [NOISE_PROTOCOL_DEBUG] READ_MESSAGE_ES - Performing DH(ephemeral, static)
[1785240328] [NOISE_PROTOCOL_DEBUG] CIPHER_DECRYPT_SUCCESS - Decryption successful, plaintext length: 32
[1785240328] [NOISE_PROTOCOL_DEBUG] DECRYPT_AND_HASH_SUCCESS - Decryption successful, plaintext length: 32
[1785240328] [NOISE_PROTOCOL_DEBUG] DECRYPT_AND_HASH_HASH_MIXED - Hash mixed with ciphertext
[1785240328] [NOISE_PROTOCOL_DEBUG] READ_MESSAGE_S_DONE - Static key read and validated successfully
[1785240328] [NOISE_PROTOCOL_DEBUG] READ_MESSAGE_HASH_AFTER_PATTERN - Hash after pattern S: [204, 162, 227, 50, 116, 157, 101, 223]
[1785240328] [NOISE_PROTOCOL_DEBUG] READ_MESSAGE_PATTERN - Processing pattern: ES
[1785240328] [NOISE_PROTOCOL_DEBUG] READ_MESSAGE_HASH_BEFORE_PATTERN - Hash before pattern: [204, 162, 227, 50, 116, 157, 101, 223]
[1785240328] [NOISE_PROTOCOL_DEBUG] READ_MESSAGE_ES - Performing DH(ephemeral, static)
[1785240328] [NOISE_PROTOCOL_DEBUG] READ_MESSAGE_ES_DONE - DH(ephemeral, static) completed
[1785240328] [NOISE_PROTOCOL_DEBUG] READ_MESSAGE_HASH_AFTER_PATTERN - Hash after pattern ES: [53, 213, 82, 240, 210, 128, 18, 3]
[1785240328] [NOISE_PROTOCOL_DEBUG] READ_MESSAGE_PAYLOAD - Decrypting payload, length: 16
[1785240328] [NOISE_PROTOCOL_DEBUG] DECRYPT_AND_HASH - Decrypting with cipher key, ciphertext length: 16
[1785240328] [NOISE_PROTOCOL_DEBUG] DECRYPT_AND_HASH_HASH - Current hash length: 32
[1785240328] [NOISE_PROTOCOL_DEBUG] DECRYPT_AND_HASH_HASH_BYTES - Hash bytes: [53, 213, 82, 240, 210, 128, 18, 3]
[1785240328] [NOISE_PROTOCOL_DEBUG] READ_MESSAGE_ES_DONE - DH(ephemeral, static) completed
[1785240328] [NOISE_PROTOCOL_DEBUG] CIPHER_DECRYPT - Decrypting with key, ciphertext length: 16
[1785240328] [NOISE_PROTOCOL_DEBUG] READ_MESSAGE_HASH_AFTER_PATTERN - Hash after pattern ES: [122, 117, 233, 221, 2, 126, 252, 242]
[1785240328] [NOISE_PROTOCOL_DEBUG] READ_MESSAGE_PAYLOAD - Decrypting payload, length: 16
[1785240328] [NOISE_PROTOCOL_DEBUG] DECRYPT_AND_HASH - Decrypting with cipher key, ciphertext length: 16
[1785240328] [NOISE_PROTOCOL_DEBUG] DECRYPT_AND_HASH_HASH - Current hash length: 32
[1785240328] [NOISE_PROTOCOL_DEBUG] DECRYPT_AND_HASH_HASH_BYTES - Hash bytes: [122, 117, 233, 221, 2, 126, 252, 242]
[1785240328] [NOISE_PROTOCOL_DEBUG] READ_MESSAGE_ES_DONE - DH(ephemeral, static) completed
[1785240328] [NOISE_PROTOCOL_DEBUG] CIPHER_DECRYPT - Decrypting with key, ciphertext length: 16
[1785240328] [NOISE_PROTOCOL_DEBUG] CIPHER_DECRYPT_SUCCESS - Decryption successful, plaintext length: 0
[1785240328] [NOISE_PROTOCOL_DEBUG] READ_MESSAGE_HASH_AFTER_PATTERN - Hash after pattern ES: [154, 197, 62, 18, 121, 26, 145, 174]
[1785240328] [NOISE_PROTOCOL_DEBUG] DECRYPT_AND_HASH_SUCCESS - Decryption successful, plaintext length: 0
[1785240328] [NOISE_PROTOCOL_DEBUG] READ_MESSAGE_PAYLOAD - Decrypting payload, length: 16
[1785240328] [NOISE_PROTOCOL_DEBUG] DECRYPT_AND_HASH_HASH_MIXED - Hash mixed with ciphertext
[1785240328] [NOISE_PROTOCOL_DEBUG] DECRYPT_AND_HASH - Decrypting with cipher key, ciphertext length: 16
[1785240328] [NOISE_PROTOCOL_DEBUG] READ_MESSAGE_PAYLOAD_SUCCESS - Payload decrypted successfully, length: 0
[1785240328] [NOISE_PROTOCOL_DEBUG] DECRYPT_AND_HASH_HASH - Current hash length: 32
[1785240328] [NOISE_PROTOCOL_DEBUG] READ_MESSAGE_COMPLETE - Message read successfully, new pattern: 2/3
[1785240328] [NOISE_PROTOCOL_DEBUG] DECRYPT_AND_HASH_HASH_BYTES - Hash bytes: [154, 197, 62, 18, 121, 26, 145, 174]
[1785240328] [NOISE_PROTOCOL_DEBUG] READ_MESSAGE_HASH_AFTER - Hash after read: [46, 251, 190, 153, 132, 144, 146, 145]
[1785240328] [NOISE_PROTOCOL_DEBUG] CIPHER_DECRYPT_SUCCESS - Decryption successful, plaintext length: 0
[1785240328] [NOISE_PROTOCOL_DEBUG] CIPHER_DECRYPT - Decrypting with key, ciphertext length: 16
[1785240328] [NOISE_PROTOCOL_DEBUG] DECRYPT_AND_HASH_SUCCESS - Decryption successful, plaintext length: 0
[1785240328] [NOISE_PROTOCOL_DEBUG] WRITE_MESSAGE_START - Pattern: XX, Current: 2/3
[1785240328] [NOISE_PROTOCOL_DEBUG] WRITE_MESSAGE_PATTERNS - Processing patterns: [S, SE]
[1785240328] [NOISE_PROTOCOL_DEBUG] DECRYPT_AND_HASH_HASH_MIXED - Hash mixed with ciphertext
[1785240328] [NOISE_PROTOCOL_DEBUG] WRITE_MESSAGE_PATTERN - Processing pattern: S
[1785240328] [NOISE_PROTOCOL_DEBUG] READ_MESSAGE_PAYLOAD_SUCCESS - Payload decrypted successfully, length: 0
[1785240328] [NOISE_PROTOCOL_DEBUG] READ_MESSAGE_ES_DONE - DH(ephemeral, static) completed
[1785240328] [NOISE_PROTOCOL_DEBUG] READ_MESSAGE_COMPLETE - Message read successfully, new pattern: 2/3
[1785240328] [NOISE_PROTOCOL_DEBUG] WRITE_MESSAGE_S - Sending static key
[1785240328] [NOISE_PROTOCOL_DEBUG] READ_MESSAGE_HASH_AFTER - Hash after read: [244, 119, 67, 92, 206, 241, 227, 25]
[1785240328] [NOISE_PROTOCOL_DEBUG] CIPHER_ENCRYPT - Encrypting with key, plaintext length: 32
[1785240328] [NOISE_PROTOCOL_DEBUG] READ_MESSAGE_HASH_AFTER_PATTERN - Hash after pattern ES: [204, 162, 227, 50, 116, 157, 101, 223]
[1785240328] [NOISE_PROTOCOL_DEBUG] WRITE_MESSAGE_START - Pattern: XX, Current: 2/3
[1785240328] [NOISE_PROTOCOL_DEBUG] CIPHER_ENCRYPT_KEY - Key length: 32
[1785240328] [NOISE_PROTOCOL_DEBUG] CIPHER_DECRYPT_SUCCESS - Decryption successful, plaintext length: 0
[1785240328] [NOISE_PROTOCOL_DEBUG] READ_MESSAGE_PAYLOAD - Decrypting payload, length: 16
[1785240328] [NOISE_PROTOCOL_DEBUG] WRITE_MESSAGE_PATTERNS - Processing patterns: [S, SE]
[1785240328] [NOISE_PROTOCOL_DEBUG] CIPHER_ENCRYPT_NONCE - Current nonce: 1
[1785240328] [NOISE_PROTOCOL_DEBUG] DECRYPT_AND_HASH - Decrypting with cipher key, ciphertext length: 16
[1785240328] [NOISE_PROTOCOL_DEBUG] DECRYPT_AND_HASH_SUCCESS - Decryption successful, plaintext length: 0
[1785240328] [NOISE_PROTOCOL_DEBUG] WRITE_MESSAGE_PATTERN - Processing pattern: S
[1785240328] [NOISE_PROTOCOL_DEBUG] CIPHER_ENCRYPT_ASSOCIATED_DATA - Associated data length: 32
[1785240328] [NOISE_PROTOCOL_DEBUG] DECRYPT_AND_HASH_HASH - Current hash length: 32
[1785240328] [NOISE_PROTOCOL_DEBUG] WRITE_MESSAGE_S - Sending static key
[1785240328] [NOISE_PROTOCOL_DEBUG] DECRYPT_AND_HASH_HASH_MIXED - Hash mixed with ciphertext
[1785240328] [NOISE_PROTOCOL_DEBUG] DECRYPT_AND_HASH_HASH_BYTES - Hash bytes: [204, 162, 227, 50, 116, 157, 101, 223]
[1785240328] [NOISE_PROTOCOL_DEBUG] CIPHER_ENCRYPT - Encrypting with key, plaintext length: 32
[1785240328] [NOISE_PROTOCOL_DEBUG] CIPHER_DECRYPT - Decrypting with key, ciphertext length: 16
[1785240328] [NOISE_PROTOCOL_DEBUG] READ_MESSAGE_PAYLOAD_SUCCESS - Payload decrypted successfully, length: 0
[1785240328] [NOISE_PROTOCOL_DEBUG] CIPHER_ENCRYPT_KEY - Key length: 32
[1785240328] [NOISE_PROTOCOL_DEBUG] READ_MESSAGE_COMPLETE - Message read successfully, new pattern: 2/3
[1785240328] [NOISE_PROTOCOL_DEBUG] CIPHER_ENCRYPT_NONCE - Current nonce: 1
[1785240328] [NOISE_PROTOCOL_DEBUG] READ_MESSAGE_HASH_AFTER - Hash after read: [237, 51, 179, 51, 221, 99, 115, 134]
[1785240328] [NOISE_PROTOCOL_DEBUG] CIPHER_ENCRYPT_ASSOCIATED_DATA - Associated data length: 32
[1785240328] [NOISE_PROTOCOL_DEBUG] WRITE_MESSAGE_START - Pattern: XX, Current: 2/3
[1785240328] [NOISE_PROTOCOL_DEBUG] WRITE_MESSAGE_PATTERNS - Processing patterns: [S, SE]
[1785240328] [NOISE_PROTOCOL_DEBUG] WRITE_MESSAGE_PATTERN - Processing pattern: S
[1785240328] [NOISE_PROTOCOL_DEBUG] CIPHER_DECRYPT_SUCCESS - Decryption successful, plaintext length: 0
[1785240328] [NOISE_PROTOCOL_DEBUG] WRITE_MESSAGE_S - Sending static key
[1785240328] [NOISE_PROTOCOL_DEBUG] CIPHER_ENCRYPT_SUCCESS - Encryption successful, ciphertext length: 48
[1785240328] [NOISE_PROTOCOL_DEBUG] DECRYPT_AND_HASH_SUCCESS - Decryption successful, plaintext length: 0
[1785240328] [NOISE_PROTOCOL_DEBUG] CIPHER_ENCRYPT - Encrypting with key, plaintext length: 32
[1785240328] [NOISE_PROTOCOL_DEBUG] CIPHER_ENCRYPT_KEY - Key length: 32
[1785240328] [NOISE_PROTOCOL_DEBUG] DECRYPT_AND_HASH_HASH_MIXED - Hash mixed with ciphertext
[1785240328] [NOISE_PROTOCOL_DEBUG] WRITE_MESSAGE_S_DONE - Static key encrypted and sent, buffer size: 48
[1785240328] [NOISE_PROTOCOL_DEBUG] CIPHER_ENCRYPT_NONCE - Current nonce: 1
[1785240328] [NOISE_PROTOCOL_DEBUG] READ_MESSAGE_PAYLOAD_SUCCESS - Payload decrypted successfully, length: 0
[1785240328] [NOISE_PROTOCOL_DEBUG] WRITE_MESSAGE_PATTERN - Processing pattern: SE
[1785240328] [NOISE_PROTOCOL_DEBUG] READ_MESSAGE_COMPLETE - Message read successfully, new pattern: 2/3
[1785240328] [NOISE_PROTOCOL_DEBUG] CIPHER_ENCRYPT_ASSOCIATED_DATA - Associated data length: 32
[1785240328] [NOISE_PROTOCOL_DEBUG] WRITE_MESSAGE_SE - Performing DH(static, ephemeral), role: Initiator
[1785240328] [NOISE_PROTOCOL_DEBUG] CIPHER_ENCRYPT_SUCCESS - Encryption successful, ciphertext length: 48
[1785240328] [NOISE_PROTOCOL_DEBUG] READ_MESSAGE_HASH_AFTER - Hash after read: [237, 184, 88, 244, 223, 81, 27, 245]
[1785240328] [NOISE_PROTOCOL_DEBUG] WRITE_MESSAGE_START - Pattern: XX, Current: 2/3
[1785240328] [NOISE_PROTOCOL_DEBUG] WRITE_MESSAGE_S_DONE - Static key encrypted and sent, buffer size: 48
[1785240328] [NOISE_PROTOCOL_DEBUG] WRITE_MESSAGE_PATTERNS - Processing patterns: [S, SE]
[1785240328] [NOISE_PROTOCOL_DEBUG] WRITE_MESSAGE_PATTERN - Processing pattern: SE
[1785240328] [NOISE_PROTOCOL_DEBUG] WRITE_MESSAGE_PATTERN - Processing pattern: S
[1785240328] [NOISE_PROTOCOL_DEBUG] WRITE_MESSAGE_SE - Performing DH(static, ephemeral), role: Initiator
[1785240328] [NOISE_PROTOCOL_DEBUG] WRITE_MESSAGE_S - Sending static key
[1785240328] [NOISE_PROTOCOL_DEBUG] CIPHER_ENCRYPT - Encrypting with key, plaintext length: 32
[1785240328] [NOISE_PROTOCOL_DEBUG] CIPHER_ENCRYPT_KEY - Key length: 32
[1785240328] [NOISE_PROTOCOL_DEBUG] CIPHER_ENCRYPT_NONCE - Current nonce: 1
[1785240328] [NOISE_PROTOCOL_DEBUG] CIPHER_ENCRYPT_ASSOCIATED_DATA - Associated data length: 32
[1785240328] [NOISE_PROTOCOL_DEBUG] CIPHER_ENCRYPT_SUCCESS - Encryption successful, ciphertext length: 48
[1785240328] [NOISE_PROTOCOL_DEBUG] WRITE_MESSAGE_S_DONE - Static key encrypted and sent, buffer size: 48
[1785240328] [NOISE_PROTOCOL_DEBUG] WRITE_MESSAGE_PATTERN - Processing pattern: SE
[1785240328] [NOISE_PROTOCOL_DEBUG] WRITE_MESSAGE_SE - Performing DH(static, ephemeral), role: Initiator
[1785240328] [NOISE_PROTOCOL_DEBUG] CIPHER_ENCRYPT_SUCCESS - Encryption successful, ciphertext length: 48
[1785240328] [NOISE_PROTOCOL_DEBUG] WRITE_MESSAGE_S_DONE - Static key encrypted and sent, buffer size: 48
[1785240328] [NOISE_PROTOCOL_DEBUG] WRITE_MESSAGE_PATTERN - Processing pattern: SE
[1785240328] [NOISE_PROTOCOL_DEBUG] WRITE_MESSAGE_SE - Performing DH(static, ephemeral), role: Initiator
[1785240328] [NOISE_PROTOCOL_DEBUG] WRITE_MESSAGE_SE_DONE - DH(static, ephemeral) completed for initiator
[1785240328] [NOISE_PROTOCOL_DEBUG] WRITE_MESSAGE_SE_DONE - DH(static, ephemeral) completed for initiator
[1785240328] [NOISE_PROTOCOL_DEBUG] WRITE_MESSAGE_ENCRYPT - Encrypting payload of 0 bytes
[1785240328] [NOISE_PROTOCOL_DEBUG] WRITE_MESSAGE_ENCRYPT - Encrypting payload of 0 bytes
[1785240328] [NOISE_PROTOCOL_DEBUG] CIPHER_ENCRYPT - Encrypting with key, plaintext length: 0
[1785240328] [NOISE_PROTOCOL_DEBUG] CIPHER_ENCRYPT - Encrypting with key, plaintext length: 0
[1785240328] [NOISE_PROTOCOL_DEBUG] CIPHER_ENCRYPT_KEY - Key length: 32
[1785240328] [NOISE_PROTOCOL_DEBUG] CIPHER_ENCRYPT_KEY - Key length: 32
[1785240328] [NOISE_PROTOCOL_DEBUG] CIPHER_ENCRYPT_NONCE - Current nonce: 0
[1785240328] [NOISE_PROTOCOL_DEBUG] CIPHER_ENCRYPT_NONCE - Current nonce: 0
[1785240328] [NOISE_PROTOCOL_DEBUG] CIPHER_ENCRYPT_ASSOCIATED_DATA - Associated data length: 32
[1785240328] [NOISE_PROTOCOL_DEBUG] CIPHER_ENCRYPT_ASSOCIATED_DATA - Associated data length: 32
[1785240328] [NOISE_PROTOCOL_DEBUG] CIPHER_ENCRYPT_SUCCESS - Encryption successful, ciphertext length: 16
[1785240328] [NOISE_PROTOCOL_DEBUG] CIPHER_ENCRYPT_SUCCESS - Encryption successful, ciphertext length: 16
[1785240328] [NOISE_PROTOCOL_DEBUG] WRITE_MESSAGE_ENCRYPT_DONE - Payload encrypted, total buffer size: 64
[1785240328] [NOISE_PROTOCOL_DEBUG] WRITE_MESSAGE_COMPLETE - Message written, pattern 2 complete
[1785240328] [NOISE_PROTOCOL_DEBUG] WRITE_MESSAGE_ENCRYPT_DONE - Payload encrypted, total buffer size: 64
[1785240328] [NOISE_PROTOCOL_DEBUG] WRITE_MESSAGE_COMPLETE - Message written, pattern 2 complete
[1785240328] [NOISE_PROTOCOL_DEBUG] WRITE_MESSAGE_SE_DONE - DH(static, ephemeral) completed for initiator
[1785240328] [NOISE_PROTOCOL_DEBUG] WRITE_MESSAGE_ENCRYPT - Encrypting payload of 0 bytes
[1785240328] [NOISE_PROTOCOL_DEBUG] CIPHER_ENCRYPT - Encrypting with key, plaintext length: 0
[1785240328] [NOISE_PROTOCOL_DEBUG] CIPHER_ENCRYPT_KEY - Key length: 32
[1785240328] [NOISE_PROTOCOL_DEBUG] CIPHER_ENCRYPT_NONCE - Current nonce: 0
[1785240328] [NOISE_PROTOCOL_DEBUG] CIPHER_ENCRYPT_ASSOCIATED_DATA - Associated data length: 32
[1785240328] [NOISE_PROTOCOL_DEBUG] CIPHER_ENCRYPT - Encrypting with key, plaintext length: 5
[1785240328] [NOISE_PROTOCOL_DEBUG] CIPHER_ENCRYPT_KEY - Key length: 32
[1785240328] [NOISE_PROTOCOL_DEBUG] CIPHER_ENCRYPT - Encrypting with key, plaintext length: 14
[1785240328] [NOISE_PROTOCOL_DEBUG] WRITE_MESSAGE_SE_DONE - DH(static, ephemeral) completed for initiator
[1785240328] [NOISE_PROTOCOL_DEBUG] CIPHER_ENCRYPT_NONCE - Current nonce: 0
[1785240328] [NOISE_PROTOCOL_DEBUG] CIPHER_ENCRYPT_KEY - Key length: 32
[1785240328] [NOISE_PROTOCOL_DEBUG] CIPHER_ENCRYPT_NONCE - Current nonce: 0
[1785240328] [NOISE_PROTOCOL_DEBUG] CIPHER_ENCRYPT_ASSOCIATED_DATA - Associated data length: 0
[1785240328] [NOISE_PROTOCOL_DEBUG] WRITE_MESSAGE_ENCRYPT - Encrypting payload of 0 bytes
[1785240328] [NOISE_PROTOCOL_DEBUG] CIPHER_ENCRYPT_SUCCESS - Encryption successful, ciphertext length: 16
[1785240328] [NOISE_PROTOCOL_DEBUG] CIPHER_ENCRYPT_ASSOCIATED_DATA - Associated data length: 0
[1785240328] [NOISE_PROTOCOL_DEBUG] CIPHER_ENCRYPT - Encrypting with key, plaintext length: 0
[1785240328] [NOISE_PROTOCOL_DEBUG] WRITE_MESSAGE_ENCRYPT_DONE - Payload encrypted, total buffer size: 64
[1785240328] [NOISE_PROTOCOL_DEBUG] CIPHER_ENCRYPT_KEY - Key length: 32
[1785240328] [NOISE_PROTOCOL_DEBUG] WRITE_MESSAGE_COMPLETE - Message written, pattern 2 complete
[1785240328] [NOISE_PROTOCOL_DEBUG] CIPHER_ENCRYPT_NONCE - Current nonce: 0
[1785240328] [NOISE_PROTOCOL_DEBUG] CIPHER_ENCRYPT_ASSOCIATED_DATA - Associated data length: 32
[1785240328] [NOISE_PROTOCOL_DEBUG] CIPHER_ENCRYPT_SUCCESS - Encryption successful, ciphertext length: 21
[1785240328] [NOISE_PROTOCOL_DEBUG] CIPHER_ENCRYPT_TRANSPORT - Transport message with nonce prefix, total length: 25
[1785240328] [NOISE_PROTOCOL_DEBUG] CIPHER_ENCRYPT_SUCCESS - Encryption successful, ciphertext length: 30
[1785240328] [NOISE_PROTOCOL_DEBUG] CIPHER_ENCRYPT_TRANSPORT - Transport message with nonce prefix, total length: 34
[1785240328] [NOISE_PROTOCOL_DEBUG] CIPHER_ENCRYPT_SUCCESS - Encryption successful, ciphertext length: 16
[1785240328] [NOISE_PROTOCOL_DEBUG] READ_MESSAGE_START - Pattern: XX, Current: 2/3
[1785240328] [NOISE_PROTOCOL_DEBUG] CIPHER_ENCRYPT - Encrypting with key, plaintext length: 3
[1785240328] [NOISE_PROTOCOL_DEBUG] WRITE_MESSAGE_ENCRYPT_DONE - Payload encrypted, total buffer size: 64
[1785240328] [NOISE_PROTOCOL_DEBUG] CIPHER_ENCRYPT_KEY - Key length: 32
[1785240328] [NOISE_PROTOCOL_DEBUG] READ_MESSAGE_HASH_BEFORE - Hash before read: [244, 119, 67, 92, 206, 241, 227, 25]
[1785240328] [NOISE_PROTOCOL_DEBUG] WRITE_MESSAGE_COMPLETE - Message written, pattern 2 complete
[1785240328] [NOISE_PROTOCOL_DEBUG] CIPHER_ENCRYPT_NONCE - Current nonce: 0
[1785240328] [NOISE_PROTOCOL_DEBUG] READ_MESSAGE_START - Pattern: XX, Current: 2/3
[1785240328] [NOISE_PROTOCOL_DEBUG] READ_MESSAGE_PATTERNS - Processing patterns: [S, SE]
[1785240328] [NOISE_PROTOCOL_DEBUG] CIPHER_ENCRYPT_ASSOCIATED_DATA - Associated data length: 0
[1785240328] [NOISE_PROTOCOL_DEBUG] READ_MESSAGE_PATTERN - Processing pattern: S
[1785240328] [NOISE_PROTOCOL_DEBUG] READ_MESSAGE_HASH_BEFORE - Hash before read: [46, 251, 190, 153, 132, 144, 146, 145]
[1785240328] [NOISE_PROTOCOL_DEBUG] READ_MESSAGE_HASH_BEFORE_PATTERN - Hash before pattern: [244, 119, 67, 92, 206, 241, 227, 25]
[1785240328] [NOISE_PROTOCOL_DEBUG] READ_MESSAGE_PATTERNS - Processing patterns: [S, SE]
[1785240328] [NOISE_PROTOCOL_DEBUG] READ_MESSAGE_S - Reading static key
[1785240328] [NOISE_PROTOCOL_DEBUG] READ_MESSAGE_PATTERN - Processing pattern: S
[1785240328] [NOISE_PROTOCOL_DEBUG] READ_MESSAGE_S_CHECK - Checking static key length: need 48 bytes, available 64 bytes, has_cipher_key: true
[1785240328] [NOISE_PROTOCOL_DEBUG] READ_MESSAGE_S_DATA - Static key data length: 48, has_cipher_key: true
[1785240328] [NOISE_PROTOCOL_DEBUG] READ_MESSAGE_HASH_BEFORE_PATTERN - Hash before pattern: [46, 251, 190, 153, 132, 144, 146, 145]
[1785240328] [NOISE_PROTOCOL_DEBUG] DECRYPT_AND_HASH - Decrypting with cipher key, ciphertext length: 48
[1785240328] [NOISE_PROTOCOL_DEBUG] READ_MESSAGE_S - Reading static key
[1785240328] [NOISE_PROTOCOL_DEBUG] DECRYPT_AND_HASH_HASH - Current hash length: 32
[1785240328] [NOISE_PROTOCOL_DEBUG] DECRYPT_AND_HASH_HASH_BYTES - Hash bytes: [244, 119, 67, 92, 206, 241, 227, 25]
[1785240328] [NOISE_PROTOCOL_DEBUG] READ_MESSAGE_S_CHECK - Checking static key length: need 48 bytes, available 64 bytes, has_cipher_key: true
[1785240328] [NOISE_PROTOCOL_DEBUG] CIPHER_DECRYPT - Decrypting with key, ciphertext length: 48
[1785240328] [NOISE_PROTOCOL_DEBUG] READ_MESSAGE_S_DATA - Static key data length: 48, has_cipher_key: true
[1785240328] [NOISE_PROTOCOL_DEBUG] CIPHER_ENCRYPT_SUCCESS - Encryption successful, ciphertext length: 19
[1785240328] [NOISE_PROTOCOL_DEBUG] DECRYPT_AND_HASH - Decrypting with cipher key, ciphertext length: 48
[1785240328] [NOISE_PROTOCOL_DEBUG] CIPHER_ENCRYPT_TRANSPORT - Transport message with nonce prefix, total length: 23
[1785240328] [NOISE_PROTOCOL_DEBUG] DECRYPT_AND_HASH_HASH - Current hash length: 32
[1785240328] [NOISE_PROTOCOL_DEBUG] CIPHER_ENCRYPT - Encrypting with key, plaintext length: 18
[1785240328] [NOISE_PROTOCOL_DEBUG] DECRYPT_AND_HASH_HASH_BYTES - Hash bytes: [46, 251, 190, 153, 132, 144, 146, 145]
[1785240328] [NOISE_PROTOCOL_DEBUG] CIPHER_ENCRYPT_KEY - Key length: 32
[1785240328] [NOISE_PROTOCOL_DEBUG] READ_MESSAGE_START - Pattern: XX, Current: 2/3
[1785240328] [NOISE_PROTOCOL_DEBUG] CIPHER_DECRYPT - Decrypting with key, ciphertext length: 48
[1785240328] [NOISE_PROTOCOL_DEBUG] CIPHER_ENCRYPT_NONCE - Current nonce: 0
[1785240328] [NOISE_PROTOCOL_DEBUG] READ_MESSAGE_HASH_BEFORE - Hash before read: [237, 184, 88, 244, 223, 81, 27, 245]
[1785240328] [NOISE_PROTOCOL_DEBUG] CIPHER_ENCRYPT_ASSOCIATED_DATA - Associated data length: 0
[1785240328] [NOISE_PROTOCOL_DEBUG] READ_MESSAGE_PATTERNS - Processing patterns: [S, SE]
[1785240328] [NOISE_PROTOCOL_DEBUG] READ_MESSAGE_PATTERN - Processing pattern: S
[1785240328] [NOISE_PROTOCOL_DEBUG] CIPHER_DECRYPT_SUCCESS - Decryption successful, plaintext length: 32
[1785240328] [NOISE_PROTOCOL_DEBUG] READ_MESSAGE_HASH_BEFORE_PATTERN - Hash before pattern: [237, 184, 88, 244, 223, 81, 27, 245]
[1785240328] [NOISE_PROTOCOL_DEBUG] DECRYPT_AND_HASH_SUCCESS - Decryption successful, plaintext length: 32
[1785240328] [NOISE_PROTOCOL_DEBUG] READ_MESSAGE_S - Reading static key
[1785240328] [NOISE_PROTOCOL_DEBUG] READ_MESSAGE_S_CHECK - Checking static key length: need 48 bytes, available 64 bytes, has_cipher_key: true
[1785240328] [NOISE_PROTOCOL_DEBUG] READ_MESSAGE_S_DATA - Static key data length: 48, has_cipher_key: true
[1785240328] [NOISE_PROTOCOL_DEBUG] DECRYPT_AND_HASH_HASH_MIXED - Hash mixed with ciphertext
[1785240328] [NOISE_PROTOCOL_DEBUG] DECRYPT_AND_HASH - Decrypting with cipher key, ciphertext length: 48
[1785240328] [NOISE_PROTOCOL_DEBUG] READ_MESSAGE_S_DONE - Static key read and validated successfully
[1785240328] [NOISE_PROTOCOL_DEBUG] DECRYPT_AND_HASH_HASH - Current hash length: 32
[1785240328] [NOISE_PROTOCOL_DEBUG] READ_MESSAGE_HASH_AFTER_PATTERN - Hash after pattern S: [21, 75, 28, 213, 87, 171, 95, 139]
[1785240328] [NOISE_PROTOCOL_DEBUG] DECRYPT_AND_HASH_HASH_BYTES - Hash bytes: [237, 184, 88, 244, 223, 81, 27, 245]
[1785240328] [NOISE_PROTOCOL_DEBUG] READ_MESSAGE_PATTERN - Processing pattern: SE
[1785240328] [NOISE_PROTOCOL_DEBUG] CIPHER_DECRYPT - Decrypting with key, ciphertext length: 48
[1785240328] [NOISE_PROTOCOL_DEBUG] CIPHER_DECRYPT_SUCCESS - Decryption successful, plaintext length: 32
[1785240328] [NOISE_PROTOCOL_DEBUG] READ_MESSAGE_HASH_BEFORE_PATTERN - Hash before pattern: [21, 75, 28, 213, 87, 171, 95, 139]
[1785240328] [NOISE_PROTOCOL_DEBUG] CIPHER_ENCRYPT_SUCCESS - Encryption successful, ciphertext length: 34
[1785240328] [NOISE_PROTOCOL_DEBUG] DECRYPT_AND_HASH_SUCCESS - Decryption successful, plaintext length: 32
[1785240328] [NOISE_PROTOCOL_DEBUG] READ_MESSAGE_SE - Performing DH(static, ephemeral)
[1785240328] [NOISE_PROTOCOL_DEBUG] CIPHER_ENCRYPT_TRANSPORT - Transport message with nonce prefix, total length: 38
[1785240328] [NOISE_PROTOCOL_DEBUG] DECRYPT_AND_HASH_HASH_MIXED - Hash mixed with ciphertext
[1785240328] [NOISE_PROTOCOL_DEBUG] READ_MESSAGE_S_DONE - Static key read and validated successfully
[1785240328] [NOISE_PROTOCOL_DEBUG] READ_MESSAGE_HASH_AFTER_PATTERN - Hash after pattern S: [162, 143, 182, 113, 108, 75, 214, 98]
[1785240328] [NOISE_PROTOCOL_DEBUG] READ_MESSAGE_START - Pattern: XX, Current: 2/3
[1785240328] [NOISE_PROTOCOL_DEBUG] READ_MESSAGE_PATTERN - Processing pattern: SE
[1785240328] [NOISE_PROTOCOL_DEBUG] READ_MESSAGE_HASH_BEFORE - Hash before read: [237, 51, 179, 51, 221, 99, 115, 134]
[1785240328] [NOISE_PROTOCOL_DEBUG] READ_MESSAGE_HASH_BEFORE_PATTERN - Hash before pattern: [162, 143, 182, 113, 108, 75, 214, 98]
[1785240328] [NOISE_PROTOCOL_DEBUG] READ_MESSAGE_SE - Performing DH(static, ephemeral)
[1785240328] [NOISE_PROTOCOL_DEBUG] CIPHER_DECRYPT_SUCCESS - Decryption successful, plaintext length: 32
[1785240328] [NOISE_PROTOCOL_DEBUG] READ_MESSAGE_PATTERNS - Processing patterns: [S, SE]
[1785240328] [NOISE_PROTOCOL_DEBUG] DECRYPT_AND_HASH_SUCCESS - Decryption successful, plaintext length: 32
[1785240328] [NOISE_PROTOCOL_DEBUG] READ_MESSAGE_PATTERN - Processing pattern: S
[1785240328] [NOISE_PROTOCOL_DEBUG] READ_MESSAGE_HASH_BEFORE_PATTERN - Hash before pattern: [237, 51, 179, 51, 221, 99, 115, 134]
[1785240328] [NOISE_PROTOCOL_DEBUG] DECRYPT_AND_HASH_HASH_MIXED - Hash mixed with ciphertext
[1785240328] [NOISE_PROTOCOL_DEBUG] READ_MESSAGE_S - Reading static key
[1785240328] [NOISE_PROTOCOL_DEBUG] READ_MESSAGE_S_DONE - Static key read and validated successfully
[1785240328] [NOISE_PROTOCOL_DEBUG] READ_MESSAGE_S_CHECK - Checking static key length: need 48 bytes, available 64 bytes, has_cipher_key: true
[1785240328] [NOISE_PROTOCOL_DEBUG] READ_MESSAGE_HASH_AFTER_PATTERN - Hash after pattern S: [131, 77, 164, 182, 216, 9, 84, 243]
[1785240328] [NOISE_PROTOCOL_DEBUG] READ_MESSAGE_S_DATA - Static key data length: 48, has_cipher_key: true
[1785240328] [NOISE_PROTOCOL_DEBUG] READ_MESSAGE_PATTERN - Processing pattern: SE
[1785240328] [NOISE_PROTOCOL_DEBUG] DECRYPT_AND_HASH - Decrypting with cipher key, ciphertext length: 48
[1785240328] [NOISE_PROTOCOL_DEBUG] READ_MESSAGE_HASH_BEFORE_PATTERN - Hash before pattern: [131, 77, 164, 182, 216, 9, 84, 243]
[1785240328] [NOISE_PROTOCOL_DEBUG] DECRYPT_AND_HASH_HASH - Current hash length: 32
[1785240328] [NOISE_PROTOCOL_DEBUG] READ_MESSAGE_SE - Performing DH(static, ephemeral)
[1785240328] [NOISE_PROTOCOL_DEBUG] DECRYPT_AND_HASH_HASH_BYTES - Hash bytes: [237, 51, 179, 51, 221, 99, 115, 134]
[1785240328] [NOISE_PROTOCOL_DEBUG] CIPHER_DECRYPT - Decrypting with key, ciphertext length: 48
[1785240328] [NOISE_PROTOCOL_DEBUG] CIPHER_DECRYPT_SUCCESS - Decryption successful, plaintext length: 32
[1785240328] [NOISE_PROTOCOL_DEBUG] DECRYPT_AND_HASH_SUCCESS - Decryption successful, plaintext length: 32
[1785240328] [NOISE_PROTOCOL_DEBUG] DECRYPT_AND_HASH_HASH_MIXED - Hash mixed with ciphertext
[1785240328] [NOISE_PROTOCOL_DEBUG] READ_MESSAGE_S_DONE - Static key read and validated successfully
[1785240328] [NOISE_PROTOCOL_DEBUG] READ_MESSAGE_HASH_AFTER_PATTERN - Hash after pattern S: [159, 180, 137, 194, 43, 176, 50, 213]
[1785240328] [NOISE_PROTOCOL_DEBUG] READ_MESSAGE_PATTERN - Processing pattern: SE
[1785240328] [NOISE_PROTOCOL_DEBUG] READ_MESSAGE_HASH_BEFORE_PATTERN - Hash before pattern: [159, 180, 137, 194, 43, 176, 50, 213]
[1785240328] [NOISE_PROTOCOL_DEBUG] READ_MESSAGE_SE_DONE - DH(static, ephemeral) completed
[1785240328] [NOISE_PROTOCOL_DEBUG] READ_MESSAGE_SE - Performing DH(static, ephemeral)
[1785240328] [NOISE_PROTOCOL_DEBUG] READ_MESSAGE_HASH_AFTER_PATTERN - Hash after pattern SE: [21, 75, 28, 213, 87, 171, 95, 139]
[1785240328] [NOISE_PROTOCOL_DEBUG] READ_MESSAGE_PAYLOAD - Decrypting payload, length: 16
[1785240328] [NOISE_PROTOCOL_DEBUG] DECRYPT_AND_HASH - Decrypting with cipher key, ciphertext length: 16
[1785240328] [NOISE_PROTOCOL_DEBUG] DECRYPT_AND_HASH_HASH - Current hash length: 32
[1785240328] [NOISE_PROTOCOL_DEBUG] DECRYPT_AND_HASH_HASH_BYTES - Hash bytes: [21, 75, 28, 213, 87, 171, 95, 139]
[1785240328] [NOISE_PROTOCOL_DEBUG] CIPHER_DECRYPT - Decrypting with key, ciphertext length: 16
[1785240328] [NOISE_PROTOCOL_DEBUG] READ_MESSAGE_SE_DONE - DH(static, ephemeral) completed
[1785240328] [NOISE_PROTOCOL_DEBUG] READ_MESSAGE_HASH_AFTER_PATTERN - Hash after pattern SE: [162, 143, 182, 113, 108, 75, 214, 98]
[1785240328] [NOISE_PROTOCOL_DEBUG] READ_MESSAGE_PAYLOAD - Decrypting payload, length: 16
[1785240328] [NOISE_PROTOCOL_DEBUG] DECRYPT_AND_HASH - Decrypting with cipher key, ciphertext length: 16
[1785240328] [NOISE_PROTOCOL_DEBUG] DECRYPT_AND_HASH_HASH - Current hash length: 32
[1785240328] [NOISE_PROTOCOL_DEBUG] DECRYPT_AND_HASH_HASH_BYTES - Hash bytes: [162, 143, 182, 113, 108, 75, 214, 98]
[1785240328] [NOISE_PROTOCOL_DEBUG] CIPHER_DECRYPT - Decrypting with key, ciphertext length: 16
[1785240328] [NOISE_PROTOCOL_DEBUG] CIPHER_DECRYPT_SUCCESS - Decryption successful, plaintext length: 0
[1785240328] [NOISE_PROTOCOL_DEBUG] DECRYPT_AND_HASH_SUCCESS - Decryption successful, plaintext length: 0
[1785240328] [NOISE_PROTOCOL_DEBUG] READ_MESSAGE_SE_DONE - DH(static, ephemeral) completed
[1785240328] [NOISE_PROTOCOL_DEBUG] DECRYPT_AND_HASH_HASH_MIXED - Hash mixed with ciphertext
[1785240328] [NOISE_PROTOCOL_DEBUG] READ_MESSAGE_HASH_AFTER_PATTERN - Hash after pattern SE: [131, 77, 164, 182, 216, 9, 84, 243]
[1785240328] [NOISE_PROTOCOL_DEBUG] READ_MESSAGE_PAYLOAD_SUCCESS - Payload decrypted successfully, length: 0
[1785240328] [NOISE_PROTOCOL_DEBUG] READ_MESSAGE_PAYLOAD - Decrypting payload, length: 16
[1785240328] [NOISE_PROTOCOL_DEBUG] READ_MESSAGE_COMPLETE - Message read successfully, new pattern: 3/3
[1785240328] [NOISE_PROTOCOL_DEBUG] DECRYPT_AND_HASH - Decrypting with cipher key, ciphertext length: 16
[1785240328] [NOISE_PROTOCOL_DEBUG] CIPHER_DECRYPT_SUCCESS - Decryption successful, plaintext length: 0
[1785240328] [NOISE_PROTOCOL_DEBUG] READ_MESSAGE_HASH_AFTER - Hash after read: [174, 82, 65, 141, 143, 150, 26, 73]
[1785240328] [NOISE_PROTOCOL_DEBUG] DECRYPT_AND_HASH_HASH - Current hash length: 32
[1785240328] [NOISE_PROTOCOL_DEBUG] DECRYPT_AND_HASH_SUCCESS - Decryption successful, plaintext length: 0
[1785240328] [NOISE_PROTOCOL_DEBUG] DECRYPT_AND_HASH_HASH_BYTES - Hash bytes: [131, 77, 164, 182, 216, 9, 84, 243]
[1785240328] [NOISE_PROTOCOL_DEBUG] DECRYPT_AND_HASH_HASH_MIXED - Hash mixed with ciphertext
[1785240328] [NOISE_PROTOCOL_DEBUG] CIPHER_DECRYPT - Decrypting with key, ciphertext length: 16
[1785240328] [NOISE_PROTOCOL_DEBUG] READ_MESSAGE_PAYLOAD_SUCCESS - Payload decrypted successfully, length: 0
[1785240328] [NOISE_PROTOCOL_DEBUG] READ_MESSAGE_COMPLETE - Message read successfully, new pattern: 3/3
[1785240328] [NOISE_PROTOCOL_DEBUG] READ_MESSAGE_HASH_AFTER - Hash after read: [62, 3, 35, 232, 241, 237, 55, 138]
[1785240328] [NOISE_PROTOCOL_DEBUG] CIPHER_DECRYPT - Decrypting with key, ciphertext length: 25
[1785240328] [NOISE_PROTOCOL_DEBUG] CIPHER_DECRYPT_SUCCESS - Decryption successful, plaintext length: 0
[1785240328] [NOISE_PROTOCOL_DEBUG] DECRYPT_AND_HASH_SUCCESS - Decryption successful, plaintext length: 0
[1785240328] [NOISE_PROTOCOL_DEBUG] DECRYPT_AND_HASH_HASH_MIXED - Hash mixed with ciphertext
[1785240328] [NOISE_PROTOCOL_DEBUG] READ_MESSAGE_PAYLOAD_SUCCESS - Payload decrypted successfully, length: 0
[1785240328] [NOISE_PROTOCOL_DEBUG] READ_MESSAGE_COMPLETE - Message read successfully, new pattern: 3/3
[1785240328] [NOISE_PROTOCOL_DEBUG] READ_MESSAGE_HASH_AFTER - Hash after read: [99, 39, 52, 108, 56, 123, 89, 216]
[1785240328] [NOISE_PROTOCOL_DEBUG] CIPHER_DECRYPT - Decrypting with key, ciphertext length: 34
[1785240328] [NOISE_PROTOCOL_DEBUG] CIPHER_DECRYPT_SUCCESS - Decryption successful, plaintext length: 5
[1785240328] [NOISE_PROTOCOL_DEBUG] CIPHER_ENCRYPT - Encrypting with key, plaintext length: 5
[1785240328] [NOISE_PROTOCOL_DEBUG] CIPHER_ENCRYPT_KEY - Key length: 32
[1785240328] [NOISE_PROTOCOL_DEBUG] CIPHER_ENCRYPT_NONCE - Current nonce: 0
[1785240328] [NOISE_PROTOCOL_DEBUG] CIPHER_ENCRYPT_ASSOCIATED_DATA - Associated data length: 0
[1785240328] [NOISE_PROTOCOL_DEBUG] CIPHER_DECRYPT - Decrypting with key, ciphertext length: 23
[1785240328] [NOISE_PROTOCOL_DEBUG] CIPHER_DECRYPT_SUCCESS - Decryption successful, plaintext length: 14
[1785240328] [NOISE_PROTOCOL_DEBUG] CIPHER_ENCRYPT_SUCCESS - Encryption successful, ciphertext length: 21
[1785240328] [NOISE_PROTOCOL_DEBUG] READ_MESSAGE_SE_DONE - DH(static, ephemeral) completed
[1785240328] [NOISE_PROTOCOL_DEBUG] CIPHER_DECRYPT_SUCCESS - Decryption successful, plaintext length: 3
[1785240328] [NOISE_PROTOCOL_DEBUG] CIPHER_ENCRYPT_TRANSPORT - Transport message with nonce prefix, total length: 25
[1785240328] [NOISE_PROTOCOL_DEBUG] READ_MESSAGE_HASH_AFTER_PATTERN - Hash after pattern SE: [159, 180, 137, 194, 43, 176, 50, 213]
[1785240328] [NOISE_PROTOCOL_DEBUG] READ_MESSAGE_PAYLOAD - Decrypting payload, length: 16
[1785240328] [NOISE_PROTOCOL_DEBUG] CIPHER_DECRYPT - Decrypting with key, ciphertext length: 25
[1785240328] [NOISE_PROTOCOL_DEBUG] DECRYPT_AND_HASH - Decrypting with cipher key, ciphertext length: 16
[1785240328] [NOISE_PROTOCOL_DEBUG] DECRYPT_AND_HASH_HASH - Current hash length: 32
[1785240328] [NOISE_PROTOCOL_DEBUG] DECRYPT_AND_HASH_HASH_BYTES - Hash bytes: [159, 180, 137, 194, 43, 176, 50, 213]
[1785240328] [NOISE_PROTOCOL_DEBUG] CIPHER_DECRYPT - Decrypting with key, ciphertext length: 16
[1785240328] [NOISE_PROTOCOL_DEBUG] CIPHER_DECRYPT_SUCCESS - Decryption successful, plaintext length: 5
[1785240328] [NOISE_PROTOCOL_DEBUG] CIPHER_DECRYPT_SUCCESS - Decryption successful, plaintext length: 0
[1785240328] [NOISE_PROTOCOL_DEBUG] DECRYPT_AND_HASH_SUCCESS - Decryption successful, plaintext length: 0
[1785240328] [NOISE_PROTOCOL_DEBUG] DECRYPT_AND_HASH_HASH_MIXED - Hash mixed with ciphertext
[1785240328] [NOISE_PROTOCOL_DEBUG] READ_MESSAGE_PAYLOAD_SUCCESS - Payload decrypted successfully, length: 0
[1785240328] [NOISE_PROTOCOL_DEBUG] READ_MESSAGE_COMPLETE - Message read successfully, new pattern: 3/3
[1785240328] [NOISE_PROTOCOL_DEBUG] READ_MESSAGE_HASH_AFTER - Hash after read: [83, 184, 180, 174, 138, 87, 184, 199]
[1785240328] [NOISE_PROTOCOL_DEBUG] CIPHER_DECRYPT - Decrypting with key, ciphertext length: 38
[1785240328] [NOISE_PROTOCOL_DEBUG] CIPHER_DECRYPT_SUCCESS - Decryption successful, plaintext length: 18
[1785240440] [NOISE_PROTOCOL_DEBUG] HANDSHAKE_INIT - Protocol name: Noise_XX_25519_ChaChaPoly_SHA256
[1785240440] [NOISE_PROTOCOL_DEBUG] HANDSHAKE_INIT - Protocol name: Noise_XX_25519_ChaChaPoly_SHA256
[1785240440] [NOISE_PROTOCOL_DEBUG] HANDSHAKE_INIT - Initial hash: [78, 111, 105, 115, 101, 95, 88, 88]
[1785240440] [NOISE_PROTOCOL_DEBUG] HANDSHAKE_INIT - Initial hash: [78, 111, 105, 115, 101, 95, 88, 88]
[1785240440] [NOISE_PROTOCOL_DEBUG] HANDSHAKE_INIT - Initial chaining key: [78, 111, 105, 115, 101, 95, 88, 88]
[1785240440] [NOISE_PROTOCOL_DEBUG] HANDSHAKE_INIT - Initial chaining key: [78, 111, 105, 115, 101, 95, 88, 88]
[1785240440] [NOISE_PROTOCOL_DEBUG] HANDSHAKE_INIT - Protocol name: Noise_XX_25519_ChaChaPoly_SHA256
[1785240440] [NOISE_PROTOCOL_DEBUG] HANDSHAKE_INIT - Initial hash: [78, 111, 105, 115, 101, 95, 88, 88]
[1785240440] [NOISE_PROTOCOL_DEBUG] HANDSHAKE_INIT - Initial chaining key: [78, 111, 105, 115, 101, 95, 88, 88]
[1785240440] [NOISE_PROTOCOL_DEBUG] WRITE_MESSAGE_START - Pattern: XX, Current: 0/3
[1785240440] [NOISE_PROTOCOL_DEBUG] WRITE_MESSAGE_START - Pattern: XX, Current: 0/3
[1785240440] [NOISE_PROTOCOL_DEBUG] WRITE_MESSAGE_PATTERNS - Processing patterns: [E]
[1785240440] [NOISE_PROTOCOL_DEBUG] WRITE_MESSAGE_PATTERNS - Processing patterns: [E]
[1785240440] [NOISE_PROTOCOL_DEBUG] WRITE_MESSAGE_PATTERN - Processing pattern: E
[1785240440] [NOISE_PROTOCOL_DEBUG] WRITE_MESSAGE_PATTERN - Processing pattern: E
[1785240440] [NOISE_PROTOCOL_DEBUG] WRITE_MESSAGE_E - Generating ephemeral key
[1785240440] [NOISE_PROTOCOL_DEBUG] WRITE_MESSAGE_E - Generating ephemeral key
[1785240440] [NOISE_PROTOCOL_DEBUG] WRITE_MESSAGE_START - Pattern: XX, Current: 0/3
[1785240440] [NOISE_PROTOCOL_DEBUG] WRITE_MESSAGE_PATTERNS - Processing patterns: [E]
[1785240440] [NOISE_PROTOCOL_DEBUG] WRITE_MESSAGE_PATTERN - Processing pattern: E
[1785240440] [NOISE_PROTOCOL_DEBUG] WRITE_MESSAGE_E - Generating ephemeral key
[1785240440] [NOISE_PROTOCOL_DEBUG] HANDSHAKE_INIT - Protocol name: Noise_XX_25519_ChaChaPoly_SHA256
[1785240440] [NOISE_PROTOCOL_DEBUG] HANDSHAKE_INIT - Initial hash: [78, 111, 105, 115, 101, 95, 88, 88]
[1785240440] [NOISE_PROTOCOL_DEBUG] HANDSHAKE_INIT - Initial chaining key: [78, 111, 105, 115, 101, 95, 88, 88]
[1785240440] [NOISE_PROTOCOL_DEBUG] WRITE_MESSAGE_E_DONE - Ephemeral key generated, buffer size: 32
[1785240440] [NOISE_PROTOCOL_DEBUG] WRITE_MESSAGE_E_DONE - Ephemeral key generated, buffer size: 32
[1785240440] [NOISE_PROTOCOL_DEBUG] WRITE_MESSAGE_ENCRYPT - Encrypting payload of 0 bytes
[1785240440] [NOISE_PROTOCOL_DEBUG] WRITE_MESSAGE_ENCRYPT - Encrypting payload of 0 bytes
[1785240440] [NOISE_PROTOCOL_DEBUG] WRITE_MESSAGE_ENCRYPT_DONE - Payload encrypted, total buffer size: 32
[1785240440] [NOISE_PROTOCOL_DEBUG] WRITE_MESSAGE_ENCRYPT_DONE - Payload encrypted, total buffer size: 32
[1785240440] [NOISE_PROTOCOL_DEBUG] WRITE_MESSAGE_COMPLETE - Message written, pattern 0 complete
[1785240440] [NOISE_PROTOCOL_DEBUG] WRITE_MESSAGE_COMPLETE - Message written, pattern 0 complete
[1785240440] [NOISE_PROTOCOL_DEBUG] WRITE_MESSAGE_E_DONE - Ephemeral key generated, buffer size: 32
[1785240440] [NOISE_PROTOCOL_DEBUG] WRITE_MESSAGE_ENCRYPT - Encrypting payload of 0 bytes
[1785240440] [NOISE_PROTOCOL_DEBUG] WRITE_MESSAGE_ENCRYPT_DONE - Payload encrypted, total buffer size: 32
[1785240440] [NOISE_PROTOCOL_DEBUG] HANDSHAKE_INIT - Protocol name: Noise_XX_25519_ChaChaPoly_SHA256
[1785240440] [NOISE_PROTOCOL_DEBUG] HANDSHAKE_INIT - Protocol name: Noise_XX_25519_ChaChaPoly_SHA256
[1785240440] [NOISE_PROTOCOL_DEBUG] WRITE_MESSAGE_COMPLETE - Message written, pattern 0 complete
[1785240440] [NOISE_PROTOCOL_DEBUG] HANDSHAKE_INIT - Initial hash: [78, 111, 105, 115, 101, 95, 88, 88]
[1785240440] [NOISE_PROTOCOL_DEBUG] HANDSHAKE_INIT - Initial hash: [78, 111, 105, 115, 101, 95, 88, 88]
[1785240440] [NOISE_PROTOCOL_DEBUG] HANDSHAKE_INIT - Initial chaining key: [78, 111, 105, 115, 101, 95, 88, 88]
[1785240440] [NOISE_PROTOCOL_DEBUG] HANDSHAKE_INIT - Initial chaining key: [78, 111, 105, 115, 101, 95, 88, 88]
[1785240440] [NOISE_PROTOCOL_DEBUG] HANDSHAKE_INIT - Protocol name: Noise_XX_25519_ChaChaPoly_SHA256
[1785240440] [NOISE_PROTOCOL_DEBUG] HANDSHAKE_INIT - Initial hash: [78, 111, 105, 115, 101, 95, 88, 88]
[1785240440] [NOISE_PROTOCOL_DEBUG] HANDSHAKE_INIT - Initial chaining key: [78, 111, 105, 115, 101, 95, 88, 88]
[1785240440] [NOISE_PROTOCOL_DEBUG] WRITE_MESSAGE_START - Pattern: XX, Current: 0/3
[1785240440] [NOISE_PROTOCOL_DEBUG] WRITE_MESSAGE_PATTERNS - Processing patterns: [E]
[1785240440] [NOISE_PROTOCOL_DEBUG] WRITE_MESSAGE_PATTERN - Processing pattern: E
[1785240440] [NOISE_PROTOCOL_DEBUG] WRITE_MESSAGE_E - Generating ephemeral key
[1785240440] [NOISE_PROTOCOL_DEBUG] READ_MESSAGE_START - Pattern: XX, Current: 0/3
[1785240440] [NOISE_PROTOCOL_DEBUG] READ_MESSAGE_HASH_BEFORE - Hash before read: [243, 209, 94, 97, 8, 237, 149, 86]
[1785240440] [NOISE_PROTOCOL_DEBUG] READ_MESSAGE_PATTERNS - Processing patterns: [E]
[1785240440] [NOISE_PROTOCOL_DEBUG] READ_MESSAGE_PATTERN - Processing pattern: E
[1785240440] [NOISE_PROTOCOL_DEBUG] READ_MESSAGE_HASH_BEFORE_PATTERN - Hash before pattern: [243, 209, 94, 97, 8, 237, 149, 86]
[1785240440] [NOISE_PROTOCOL_DEBUG] READ_MESSAGE_START - Pattern: XX, Current: 0/3
[1785240440] [NOISE_PROTOCOL_DEBUG] READ_MESSAGE_E - Reading ephemeral key
[1785240440] [NOISE_PROTOCOL_DEBUG] READ_MESSAGE_START - Pattern: XX, Current: 0/3
[1785240440] [NOISE_PROTOCOL_DEBUG] READ_MESSAGE_E_BYTES - Ephemeral key bytes: [177, 215, 7, 54, 244, 29, 167, 247]
[1785240440] [NOISE_PROTOCOL_DEBUG] READ_MESSAGE_HASH_BEFORE - Hash before read: [243, 209, 94, 97, 8, 237, 149, 86]
[1785240440] [NOISE_PROTOCOL_DEBUG] READ_MESSAGE_HASH_BEFORE - Hash before read: [243, 209, 94, 97, 8, 237, 149, 86]
[1785240440] [NOISE_PROTOCOL_DEBUG] READ_MESSAGE_PATTERNS - Processing patterns: [E]
[1785240440] [NOISE_PROTOCOL_DEBUG] READ_MESSAGE_PATTERNS - Processing patterns: [E]
[1785240440] [NOISE_PROTOCOL_DEBUG] READ_MESSAGE_PATTERN - Processing pattern: E
[1785240440] [NOISE_PROTOCOL_DEBUG] READ_MESSAGE_E_DONE - Ephemeral key read, offset: 32
[1785240440] [NOISE_PROTOCOL_DEBUG] READ_MESSAGE_PATTERN - Processing pattern: E
[1785240440] [NOISE_PROTOCOL_DEBUG] READ_MESSAGE_HASH_BEFORE_PATTERN - Hash before pattern: [243, 209, 94, 97, 8, 237, 149, 86]
[1785240440] [NOISE_PROTOCOL_DEBUG] READ_MESSAGE_HASH_AFTER_PATTERN - Hash after pattern E: [89, 198, 232, 151, 88, 86, 134, 191]
[1785240440] [NOISE_PROTOCOL_DEBUG] READ_MESSAGE_HASH_BEFORE_PATTERN - Hash before pattern: [243, 209, 94, 97, 8, 237, 149, 86]
[1785240440] [NOISE_PROTOCOL_DEBUG] READ_MESSAGE_E - Reading ephemeral key
[1785240440] [NOISE_PROTOCOL_DEBUG] READ_MESSAGE_PAYLOAD - Decrypting payload, length: 0
[1785240440] [NOISE_PROTOCOL_DEBUG] READ_MESSAGE_E - Reading ephemeral key
[1785240440] [NOISE_PROTOCOL_DEBUG] READ_MESSAGE_E_BYTES - Ephemeral key bytes: [154, 238, 89, 192, 127, 40, 180, 183]
[1785240440] [NOISE_PROTOCOL_DEBUG] DECRYPT_AND_HASH - No cipher key, treating as plaintext, length: 0
[1785240440] [NOISE_PROTOCOL_DEBUG] READ_MESSAGE_E_BYTES - Ephemeral key bytes: [237, 234, 147, 226, 50, 29, 99, 223]
[1785240440] [NOISE_PROTOCOL_DEBUG] DECRYPT_AND_HASH_PLAINTEXT - Hash mixed with plaintext
[1785240440] [NOISE_PROTOCOL_DEBUG] READ_MESSAGE_E_DONE - Ephemeral key read, offset: 32
[1785240440] [NOISE_PROTOCOL_DEBUG] READ_MESSAGE_E_DONE - Ephemeral key read, offset: 32
[1785240440] [NOISE_PROTOCOL_DEBUG] READ_MESSAGE_PAYLOAD_SUCCESS - Payload decrypted successfully, length: 0
[1785240440] [NOISE_PROTOCOL_DEBUG] READ_MESSAGE_HASH_AFTER_PATTERN - Hash after pattern E: [222, 153, 104, 252, 70, 173, 107, 92]
[1785240440] [NOISE_PROTOCOL_DEBUG] READ_MESSAGE_HASH_AFTER_PATTERN - Hash after pattern E: [25, 8, 3, 132, 226, 176, 34, 104]
[1785240440] [NOISE_PROTOCOL_DEBUG] READ_MESSAGE_COMPLETE - Message read successfully, new pattern: 1/3
[1785240440] [NOISE_PROTOCOL_DEBUG] READ_MESSAGE_PAYLOAD - Decrypting payload, length: 0
[1785240440] [NOISE_PROTOCOL_DEBUG] WRITE_MESSAGE_E_DONE - Ephemeral key generated, buffer size: 32
[1785240440] [NOISE_PROTOCOL_DEBUG] READ_MESSAGE_PAYLOAD - Decrypting payload, length: 0
[1785240440] [NOISE_PROTOCOL_DEBUG] READ_MESSAGE_HASH_AFTER - Hash after read: [242, 199, 97, 235, 248, 45, 225, 43]
[1785240440] [NOISE_PROTOCOL_DEBUG] DECRYPT_AND_HASH - No cipher key, treating as plaintext, length: 0
[1785240440] [NOISE_PROTOCOL_DEBUG] WRITE_MESSAGE_ENCRYPT - Encrypting payload of 0 bytes
[1785240440] [NOISE_PROTOCOL_DEBUG] WRITE_MESSAGE_START - Pattern: XX, Current: 1/3
[1785240440] [NOISE_PROTOCOL_DEBUG] DECRYPT_AND_HASH - No cipher key, treating as plaintext, length: 0
[1785240440] [NOISE_PROTOCOL_DEBUG] DECRYPT_AND_HASH_PLAINTEXT - Hash mixed with plaintext
[1785240440] [NOISE_PROTOCOL_DEBUG] WRITE_MESSAGE_PATTERNS - Processing patterns: [E, EE, S, ES]
[1785240440] [NOISE_PROTOCOL_DEBUG] READ_MESSAGE_PAYLOAD_SUCCESS - Payload decrypted successfully, length: 0
[1785240440] [NOISE_PROTOCOL_DEBUG] WRITE_MESSAGE_ENCRYPT_DONE - Payload encrypted, total buffer size: 32
[1785240440] [NOISE_PROTOCOL_DEBUG] WRITE_MESSAGE_PATTERN - Processing pattern: E
[1785240440] [NOISE_PROTOCOL_DEBUG] DECRYPT_AND_HASH_PLAINTEXT - Hash mixed with plaintext
[1785240440] [NOISE_PROTOCOL_DEBUG] READ_MESSAGE_COMPLETE - Message read successfully, new pattern: 1/3
[1785240440] [NOISE_PROTOCOL_DEBUG] WRITE_MESSAGE_COMPLETE - Message written, pattern 0 complete
[1785240440] [NOISE_PROTOCOL_DEBUG] WRITE_MESSAGE_E - Generating ephemeral key
[1785240440] [NOISE_PROTOCOL_DEBUG] READ_MESSAGE_PAYLOAD_SUCCESS - Payload decrypted successfully, length: 0
[1785240440] [NOISE_PROTOCOL_DEBUG] READ_MESSAGE_HASH_AFTER - Hash after read: [63, 209, 12, 172, 43, 147, 17, 14]
[1785240440] [NOISE_PROTOCOL_DEBUG] READ_MESSAGE_COMPLETE - Message read successfully, new pattern: 1/3
[1785240440] [NOISE_PROTOCOL_DEBUG] WRITE_MESSAGE_START - Pattern: XX, Current: 1/3
[1785240440] [NOISE_PROTOCOL_DEBUG] READ_MESSAGE_HASH_AFTER - Hash after read: [244, 147, 23, 238, 248, 232, 77, 63]
[1785240440] [NOISE_PROTOCOL_DEBUG] WRITE_MESSAGE_PATTERNS - Processing patterns: [E, EE, S, ES]
[1785240440] [NOISE_PROTOCOL_DEBUG] WRITE_MESSAGE_PATTERN - Processing pattern: E
[1785240440] [NOISE_PROTOCOL_DEBUG] WRITE_MESSAGE_START - Pattern: XX, Current: 1/3
[1785240440] [NOISE_PROTOCOL_DEBUG] HANDSHAKE_INIT - Protocol name: Noise_XX_25519_ChaChaPoly_SHA256
[1785240440] [NOISE_PROTOCOL_DEBUG] WRITE_MESSAGE_E - Generating ephemeral key
[1785240440] [NOISE_PROTOCOL_DEBUG] WRITE_MESSAGE_PATTERNS - Processing patterns: [E, EE, S, ES]
[1785240440] [NOISE_PROTOCOL_DEBUG] HANDSHAKE_INIT - Initial hash: [78, 111, 105, 115, 101, 95, 88, 88]
[1785240440] [NOISE_PROTOCOL_DEBUG] WRITE_MESSAGE_PATTERN - Processing pattern: E
[1785240440] [NOISE_PROTOCOL_DEBUG] HANDSHAKE_INIT - Initial chaining key: [78, 111, 105, 115, 101, 95, 88, 88]
[1785240440] [NOISE_PROTOCOL_DEBUG] WRITE_MESSAGE_E - Generating ephemeral key
[1785240440] [NOISE_PROTOCOL_DEBUG] WRITE_MESSAGE_E_DONE - Ephemeral key generated, buffer size: 32
[1785240440] [NOISE_PROTOCOL_DEBUG] WRITE_MESSAGE_PATTERN - Processing pattern: EE
[1785240440] [NOISE_PROTOCOL_DEBUG] WRITE_MESSAGE_EE - Performing DH(ephemeral, ephemeral)
[1785240440] [NOISE_PROTOCOL_DEBUG] WRITE_MESSAGE_E_DONE - Ephemeral key generated, buffer size: 32
[1785240440] [NOISE_PROTOCOL_DEBUG] WRITE_MESSAGE_E_DONE - Ephemeral key generated, buffer size: 32
[1785240440] [NOISE_PROTOCOL_DEBUG] WRITE_MESSAGE_PATTERN - Processing pattern: EE
[1785240440] [NOISE_PROTOCOL_DEBUG] WRITE_MESSAGE_PATTERN - Processing pattern: EE
[1785240440] [NOISE_PROTOCOL_DEBUG] WRITE_MESSAGE_EE - Performing DH(ephemeral, ephemeral)
[1785240440] [NOISE_PROTOCOL_DEBUG] WRITE_MESSAGE_EE - Performing DH(ephemeral, ephemeral)
[1785240440] [NOISE_PROTOCOL_DEBUG] READ_MESSAGE_START - Pattern: XX, Current: 0/3
[1785240440] [NOISE_PROTOCOL_DEBUG] READ_MESSAGE_HASH_BEFORE - Hash before read: [243, 209, 94, 97, 8, 237, 149, 86]
[1785240440] [NOISE_PROTOCOL_DEBUG] READ_MESSAGE_PATTERNS - Processing patterns: [E]
[1785240440] [NOISE_PROTOCOL_DEBUG] READ_MESSAGE_PATTERN - Processing pattern: E
[1785240440] [NOISE_PROTOCOL_DEBUG] READ_MESSAGE_HASH_BEFORE_PATTERN - Hash before pattern: [243, 209, 94, 97, 8, 237, 149, 86]
[1785240440] [NOISE_PROTOCOL_DEBUG] READ_MESSAGE_E - Reading ephemeral key
[1785240440] [NOISE_PROTOCOL_DEBUG] READ_MESSAGE_E_BYTES - Ephemeral key bytes: [179, 177, 229, 207, 9, 121, 149, 249]
[1785240440] [NOISE_PROTOCOL_DEBUG] READ_MESSAGE_E_DONE - Ephemeral key read, offset: 32
[1785240440] [NOISE_PROTOCOL_DEBUG] READ_MESSAGE_HASH_AFTER_PATTERN - Hash after pattern E: [178, 164, 126, 94, 28, 25, 18, 123]
[1785240440] [NOISE_PROTOCOL_DEBUG] READ_MESSAGE_PAYLOAD - Decrypting payload, length: 0
[1785240440] [NOISE_PROTOCOL_DEBUG] DECRYPT_AND_HASH - No cipher key, treating as plaintext, length: 0
[1785240440] [NOISE_PROTOCOL_DEBUG] DECRYPT_AND_HASH_PLAINTEXT - Hash mixed with plaintext
[1785240440] [NOISE_PROTOCOL_DEBUG] READ_MESSAGE_PAYLOAD_SUCCESS - Payload decrypted successfully, length: 0
[1785240440] [NOISE_PROTOCOL_DEBUG] READ_MESSAGE_COMPLETE - Message read successfully, new pattern: 1/3
[1785240440] [NOISE_PROTOCOL_DEBUG] READ_MESSAGE_HASH_AFTER - Hash after read: [125, 124, 222, 133, 87, 1, 36, 225]
[1785240440] [NOISE_PROTOCOL_DEBUG] WRITE_MESSAGE_START - Pattern: XX, Current: 1/3
[1785240440] [NOISE_PROTOCOL_DEBUG] WRITE_MESSAGE_PATTERNS - Processing patterns: [E, EE, S, ES]
[1785240440] [NOISE_PROTOCOL_DEBUG] WRITE_MESSAGE_PATTERN - Processing pattern: E
[1785240440] [NOISE_PROTOCOL_DEBUG] WRITE_MESSAGE_E - Generating ephemeral key
[1785240440] [NOISE_PROTOCOL_DEBUG] WRITE_MESSAGE_E_DONE - Ephemeral key generated, buffer size: 32
[1785240440] [NOISE_PROTOCOL_DEBUG] WRITE_MESSAGE_PATTERN - Processing pattern: EE
[1785240440] [NOISE_PROTOCOL_DEBUG] WRITE_MESSAGE_EE - Performing DH(ephemeral, ephemeral)
[1785240440] [NOISE_PROTOCOL_DEBUG] WRITE_MESSAGE_EE_DONE - DH(ephemeral, ephemeral) completed
[1785240440] [NOISE_PROTOCOL_DEBUG] WRITE_MESSAGE_PATTERN - Processing pattern: S
[1785240440] [NOISE_PROTOCOL_DEBUG] WRITE_MESSAGE_S - Sending static key
[1785240440] [NOISE_PROTOCOL_DEBUG] CIPHER_ENCRYPT - Encrypting with key, plaintext length: 32
[1785240440] [NOISE_PROTOCOL_DEBUG] CIPHER_ENCRYPT_KEY - Key length: 32
[1785240440] [NOISE_PROTOCOL_DEBUG] CIPHER_ENCRYPT_NONCE - Current nonce: 0
[1785240440] [NOISE_PROTOCOL_DEBUG] WRITE_MESSAGE_EE_DONE - DH(ephemeral, ephemeral) completed
[1785240440] [NOISE_PROTOCOL_DEBUG] CIPHER_ENCRYPT_ASSOCIATED_DATA - Associated data length: 32
[1785240440] [NOISE_PROTOCOL_DEBUG] WRITE_MESSAGE_PATTERN - Processing pattern: S
[1785240440] [NOISE_PROTOCOL_DEBUG] WRITE_MESSAGE_EE_DONE - DH(ephemeral, ephemeral) completed
[1785240440] [NOISE_PROTOCOL_DEBUG] WRITE_MESSAGE_S - Sending static key
[1785240440] [NOISE_PROTOCOL_DEBUG] WRITE_MESSAGE_PATTERN - Processing pattern: S
[1785240440] [NOISE_PROTOCOL_DEBUG] CIPHER_ENCRYPT - Encrypting with key, plaintext length: 32
[1785240440] [NOISE_PROTOCOL_DEBUG] WRITE_MESSAGE_S - Sending static key
[1785240440] [NOISE_PROTOCOL_DEBUG] CIPHER_ENCRYPT - Encrypting with key, plaintext length: 32
[1785240440] [NOISE_PROTOCOL_DEBUG] CIPHER_ENCRYPT_KEY - Key length: 32
[1785240440] [NOISE_PROTOCOL_DEBUG] CIPHER_ENCRYPT_NONCE - Current nonce: 0
[1785240440] [NOISE_PROTOCOL_DEBUG] CIPHER_ENCRYPT_ASSOCIATED_DATA - Associated data length: 32
[1785240440] [NOISE_PROTOCOL_DEBUG] CIPHER_ENCRYPT_SUCCESS - Encryption successful, ciphertext length: 48
[1785240440] [NOISE_PROTOCOL_DEBUG] WRITE_MESSAGE_S_DONE - Static key encrypted and sent, buffer size: 80
[1785240440] [NOISE_PROTOCOL_DEBUG] WRITE_MESSAGE_PATTERN - Processing pattern: ES
[1785240440] [NOISE_PROTOCOL_DEBUG] WRITE_MESSAGE_ES - Performing DH(ephemeral, static), role: Responder
[1785240440] [NOISE_PROTOCOL_DEBUG] CIPHER_ENCRYPT_SUCCESS - Encryption successful, ciphertext length: 48
[1785240440] [NOISE_PROTOCOL_DEBUG] CIPHER_ENCRYPT_KEY - Key length: 32
[1785240440] [NOISE_PROTOCOL_DEBUG] CIPHER_ENCRYPT_NONCE - Current nonce: 0
[1785240440] [NOISE_PROTOCOL_DEBUG] WRITE_MESSAGE_S_DONE - Static key encrypted and sent, buffer size: 80
[1785240440] [NOISE_PROTOCOL_DEBUG] CIPHER_ENCRYPT_ASSOCIATED_DATA - Associated data length: 32
[1785240440] [NOISE_PROTOCOL_DEBUG] WRITE_MESSAGE_PATTERN - Processing pattern: ES
[1785240440] [NOISE_PROTOCOL_DEBUG] WRITE_MESSAGE_ES - Performing DH(ephemeral, static), role: Responder
[1785240440] [NOISE_PROTOCOL_DEBUG] CIPHER_ENCRYPT_SUCCESS - Encryption successful, ciphertext length: 48
[1785240440] [NOISE_PROTOCOL_DEBUG] WRITE_MESSAGE_S_DONE - Static key encrypted and sent, buffer size: 80
[1785240440] [NOISE_PROTOCOL_DEBUG] WRITE_MESSAGE_PATTERN - Processing pattern: ES
[1785240440] [NOISE_PROTOCOL_DEBUG] WRITE_MESSAGE_ES - Performing DH(ephemeral, static), role: Responder
[1785240440] [NOISE_PROTOCOL_DEBUG] WRITE_MESSAGE_EE_DONE - DH(ephemeral, ephemeral) completed
[1785240440] [NOISE_PROTOCOL_DEBUG] WRITE_MESSAGE_PATTERN - Processing pattern: S
[1785240440] [NOISE_PROTOCOL_DEBUG] WRITE_MESSAGE_S - Sending static key
[1785240440] [NOISE_PROTOCOL_DEBUG] CIPHER_ENCRYPT - Encrypting with key, plaintext length: 32
[1785240440] [NOISE_PROTOCOL_DEBUG] CIPHER_ENCRYPT_KEY - Key length: 32
[1785240440] [NOISE_PROTOCOL_DEBUG] CIPHER_ENCRYPT_NONCE - Current nonce: 0
[1785240440] [NOISE_PROTOCOL_DEBUG] CIPHER_ENCRYPT_ASSOCIATED_DATA - Associated data length: 32
[1785240440] [NOISE_PROTOCOL_DEBUG] CIPHER_ENCRYPT_SUCCESS - Encryption successful, ciphertext length: 48
[1785240440] [NOISE_PROTOCOL_DEBUG] WRITE_MESSAGE_S_DONE - Static key encrypted and sent, buffer size: 80
[1785240440] [NOISE_PROTOCOL_DEBUG] WRITE_MESSAGE_PATTERN - Processing pattern: ES
[1785240440] [NOISE_PROTOCOL_DEBUG] WRITE_MESSAGE_ES - Performing DH(ephemeral, static), role: Responder
[1785240440] [NOISE_PROTOCOL_DEBUG] WRITE_MESSAGE_ES_DONE - DH(ephemeral, static) completed for responder
[1785240440] [NOISE_PROTOCOL_DEBUG] WRITE_MESSAGE_ENCRYPT - Encrypting payload of 0 bytes
[1785240440] [NOISE_PROTOCOL_DEBUG] CIPHER_ENCRYPT - Encrypting with key, plaintext length: 0
[1785240440] [NOISE_PROTOCOL_DEBUG] CIPHER_ENCRYPT_KEY - Key length: 32
[1785240440] [NOISE_PROTOCOL_DEBUG] CIPHER_ENCRYPT_NONCE - Current nonce: 0
[1785240440] [NOISE_PROTOCOL_DEBUG] CIPHER_ENCRYPT_ASSOCIATED_DATA - Associated data length: 32
[1785240440] [NOISE_PROTOCOL_DEBUG] WRITE_MESSAGE_ES_DONE - DH(ephemeral, static) completed for responder
[1785240440] [NOISE_PROTOCOL_DEBUG] WRITE_MESSAGE_ENCRYPT - Encrypting payload of 0 bytes
[1785240440] [NOISE_PROTOCOL_DEBUG] CIPHER_ENCRYPT - Encrypting with key, plaintext length: 0
[1785240440] [NOISE_PROTOCOL_DEBUG] CIPHER_ENCRYPT_KEY - Key length: 32
[1785240440] [NOISE_PROTOCOL_DEBUG] CIPHER_ENCRYPT_NONCE - Current nonce: 0
[1785240440] [NOISE_PROTOCOL_DEBUG] CIPHER_ENCRYPT_SUCCESS - Encryption successful, ciphertext length: 16
[1785240440] [NOISE_PROTOCOL_DEBUG] CIPHER_ENCRYPT_ASSOCIATED_DATA - Associated data length: 32
[1785240440] [NOISE_PROTOCOL_DEBUG] WRITE_MESSAGE_ENCRYPT_DONE - Payload encrypted, total buffer size: 96
[1785240440] [NOISE_PROTOCOL_DEBUG] WRITE_MESSAGE_COMPLETE - Message written, pattern 1 complete
[1785240440] [NOISE_PROTOCOL_DEBUG] WRITE_MESSAGE_ES_DONE - DH(ephemeral, static) completed for responder
[1785240440] [NOISE_PROTOCOL_DEBUG] CIPHER_ENCRYPT_SUCCESS - Encryption successful, ciphertext length: 16
[1785240440] [NOISE_PROTOCOL_DEBUG] READ_MESSAGE_START - Pattern: XX, Current: 1/3
[1785240440] [NOISE_PROTOCOL_DEBUG] WRITE_MESSAGE_ENCRYPT - Encrypting payload of 0 bytes
[1785240440] [NOISE_PROTOCOL_DEBUG] READ_MESSAGE_HASH_BEFORE - Hash before read: [242, 199, 97, 235, 248, 45, 225, 43]
[1785240440] [NOISE_PROTOCOL_DEBUG] CIPHER_ENCRYPT - Encrypting with key, plaintext length: 0
[1785240440] [NOISE_PROTOCOL_DEBUG] WRITE_MESSAGE_ENCRYPT_DONE - Payload encrypted, total buffer size: 96
[1785240440] [NOISE_PROTOCOL_DEBUG] READ_MESSAGE_PATTERNS - Processing patterns: [E, EE, S, ES]
[1785240440] [NOISE_PROTOCOL_DEBUG] CIPHER_ENCRYPT_KEY - Key length: 32
[1785240440] [NOISE_PROTOCOL_DEBUG] WRITE_MESSAGE_ES_DONE - DH(ephemeral, static) completed for responder
[1785240440] [NOISE_PROTOCOL_DEBUG] CIPHER_ENCRYPT_NONCE - Current nonce: 0
[1785240440] [NOISE_PROTOCOL_DEBUG] WRITE_MESSAGE_COMPLETE - Message written, pattern 1 complete
[1785240440] [NOISE_PROTOCOL_DEBUG] READ_MESSAGE_PATTERN - Processing pattern: E
[1785240440] [NOISE_PROTOCOL_DEBUG] WRITE_MESSAGE_ENCRYPT - Encrypting payload of 0 bytes
[1785240440] [NOISE_PROTOCOL_DEBUG] CIPHER_ENCRYPT_ASSOCIATED_DATA - Associated data length: 32
[1785240440] [NOISE_PROTOCOL_DEBUG] READ_MESSAGE_HASH_BEFORE_PATTERN - Hash before pattern: [242, 199, 97, 235, 248, 45, 225, 43]
[1785240440] [NOISE_PROTOCOL_DEBUG] CIPHER_ENCRYPT - Encrypting with key, plaintext length: 0
[1785240440] [NOISE_PROTOCOL_DEBUG] READ_MESSAGE_E - Reading ephemeral key
[1785240440] [NOISE_PROTOCOL_DEBUG] CIPHER_ENCRYPT_KEY - Key length: 32
[1785240440] [NOISE_PROTOCOL_DEBUG] READ_MESSAGE_E_BYTES - Ephemeral key bytes: [183, 228, 171, 155, 207, 202, 196, 16]
[1785240440] [NOISE_PROTOCOL_DEBUG] READ_MESSAGE_START - Pattern: XX, Current: 1/3
[1785240440] [NOISE_PROTOCOL_DEBUG] CIPHER_ENCRYPT_NONCE - Current nonce: 0
[1785240440] [NOISE_PROTOCOL_DEBUG] READ_MESSAGE_HASH_BEFORE - Hash before read: [244, 147, 23, 238, 248, 232, 77, 63]
[1785240440] [NOISE_PROTOCOL_DEBUG] CIPHER_ENCRYPT_ASSOCIATED_DATA - Associated data length: 32
[1785240440] [NOISE_PROTOCOL_DEBUG] READ_MESSAGE_E_DONE - Ephemeral key read, offset: 32
[1785240440] [NOISE_PROTOCOL_DEBUG] READ_MESSAGE_PATTERNS - Processing patterns: [E, EE, S, ES]
[1785240440] [NOISE_PROTOCOL_DEBUG] CIPHER_ENCRYPT_SUCCESS - Encryption successful, ciphertext length: 16
[1785240440] [NOISE_PROTOCOL_DEBUG] READ_MESSAGE_PATTERN - Processing pattern: E
[1785240440] [NOISE_PROTOCOL_DEBUG] READ_MESSAGE_HASH_AFTER_PATTERN - Hash after pattern E: [133, 12, 27, 109, 208, 2, 107, 107]
[1785240440] [NOISE_PROTOCOL_DEBUG] READ_MESSAGE_HASH_BEFORE_PATTERN - Hash before pattern: [244, 147, 23, 238, 248, 232, 77, 63]
[1785240440] [NOISE_PROTOCOL_DEBUG] READ_MESSAGE_PATTERN - Processing pattern: EE
[1785240440] [NOISE_PROTOCOL_DEBUG] READ_MESSAGE_E - Reading ephemeral key
[1785240440] [NOISE_PROTOCOL_DEBUG] WRITE_MESSAGE_ENCRYPT_DONE - Payload encrypted, total buffer size: 96
[1785240440] [NOISE_PROTOCOL_DEBUG] READ_MESSAGE_HASH_BEFORE_PATTERN - Hash before pattern: [133, 12, 27, 109, 208, 2, 107, 107]
[1785240440] [NOISE_PROTOCOL_DEBUG] READ_MESSAGE_E_BYTES - Ephemeral key bytes: [174, 181, 58, 224, 247, 191, 47, 165]
[1785240440] [NOISE_PROTOCOL_DEBUG] WRITE_MESSAGE_COMPLETE - Message written, pattern 1 complete
[1785240440] [NOISE_PROTOCOL_DEBUG] READ_MESSAGE_EE - Performing DH(ephemeral, ephemeral)
[1785240440] [NOISE_PROTOCOL_DEBUG] CIPHER_ENCRYPT_SUCCESS - Encryption successful, ciphertext length: 16
[1785240440] [NOISE_PROTOCOL_DEBUG] READ_MESSAGE_E_DONE - Ephemeral key read, offset: 32
[1785240440] [NOISE_PROTOCOL_DEBUG] READ_MESSAGE_HASH_AFTER_PATTERN - Hash after pattern E: [208, 90, 117, 138, 115, 210, 223, 253]
[1785240440] [NOISE_PROTOCOL_DEBUG] WRITE_MESSAGE_ENCRYPT_DONE - Payload encrypted, total buffer size: 96
[1785240440] [NOISE_PROTOCOL_DEBUG] READ_MESSAGE_PATTERN - Processing pattern: EE
[1785240440] [NOISE_PROTOCOL_DEBUG] READ_MESSAGE_START - Pattern: XX, Current: 1/3
[1785240440] [NOISE_PROTOCOL_DEBUG] WRITE_MESSAGE_COMPLETE - Message written, pattern 1 complete
[1785240440] [NOISE_PROTOCOL_DEBUG] READ_MESSAGE_HASH_BEFORE_PATTERN - Hash before pattern: [208, 90, 117, 138, 115, 210, 223, 253]
[1785240440] [NOISE_PROTOCOL_DEBUG] READ_MESSAGE_HASH_BEFORE - Hash before read: [63, 209, 12, 172, 43, 147, 17, 14]
[1785240440] [NOISE_PROTOCOL_DEBUG] READ_MESSAGE_EE - Performing DH(ephemeral, ephemeral)
[1785240440] [NOISE_PROTOCOL_DEBUG] READ_MESSAGE_PATTERNS - Processing patterns: [E, EE, S, ES]
[1785240440] [NOISE_PROTOCOL_DEBUG] READ_MESSAGE_PATTERN - Processing pattern: E
[1785240440] [NOISE_PROTOCOL_DEBUG] READ_MESSAGE_HASH_BEFORE_PATTERN - Hash before pattern: [63, 209, 12, 172, 43, 147, 17, 14]
[1785240440] [NOISE_PROTOCOL_DEBUG] READ_MESSAGE_E - Reading ephemeral key
[1785240440] [NOISE_PROTOCOL_DEBUG] READ_MESSAGE_START - Pattern: XX, Current: 1/3
[1785240440] [NOISE_PROTOCOL_DEBUG] READ_MESSAGE_E_BYTES - Ephemeral key bytes: [115, 3, 134, 71, 252, 88, 198, 230]
[1785240440] [NOISE_PROTOCOL_DEBUG] READ_MESSAGE_HASH_BEFORE - Hash before read: [125, 124, 222, 133, 87, 1, 36, 225]
[1785240440] [NOISE_PROTOCOL_DEBUG] READ_MESSAGE_E_DONE - Ephemeral key read, offset: 32
[1785240440] [NOISE_PROTOCOL_DEBUG] READ_MESSAGE_PATTERNS - Processing patterns: [E, EE, S, ES]
[1785240440] [NOISE_PROTOCOL_DEBUG] READ_MESSAGE_HASH_AFTER_PATTERN - Hash after pattern E: [91, 222, 128, 192, 131, 29, 143, 46]
[1785240440] [NOISE_PROTOCOL_DEBUG] READ_MESSAGE_PATTERN - Processing pattern: E
[1785240440] [NOISE_PROTOCOL_DEBUG] READ_MESSAGE_PATTERN - Processing pattern: EE
[1785240440] [NOISE_PROTOCOL_DEBUG] READ_MESSAGE_HASH_BEFORE_PATTERN - Hash before pattern: [125, 124, 222, 133, 87, 1, 36, 225]
[1785240440] [NOISE_PROTOCOL_DEBUG] READ_MESSAGE_HASH_BEFORE_PATTERN - Hash before pattern: [91, 222, 128, 192, 131, 29, 143, 46]
[1785240440] [NOISE_PROTOCOL_DEBUG] READ_MESSAGE_E - Reading ephemeral key
[1785240440] [NOISE_PROTOCOL_DEBUG] READ_MESSAGE_EE - Performing DH(ephemeral, ephemeral)
[1785240440] [NOISE_PROTOCOL_DEBUG] READ_MESSAGE_E_BYTES - Ephemeral key bytes: [48, 17, 234, 100, 166, 255, 173, 104]
[1785240440] [NOISE_PROTOCOL_DEBUG] READ_MESSAGE_E_DONE - Ephemeral key read, offset: 32
[1785240440] [NOISE_PROTOCOL_DEBUG] READ_MESSAGE_HASH_AFTER_PATTERN - Hash after pattern E: [155, 254, 117, 128, 73, 15, 2, 193]
[1785240440] [NOISE_PROTOCOL_DEBUG] READ_MESSAGE_PATTERN - Processing pattern: EE
[1785240440] [NOISE_PROTOCOL_DEBUG] READ_MESSAGE_HASH_BEFORE_PATTERN - Hash before pattern: [155, 254, 117, 128, 73, 15, 2, 193]
[1785240440] [NOISE_PROTOCOL_DEBUG] READ_MESSAGE_EE - Performing DH(ephemeral, ephemeral)
[1785240440] [NOISE_PROTOCOL_DEBUG] READ_MESSAGE_EE_DONE - DH(ephemeral, ephemeral) completed
[1785240440] [NOISE_PROTOCOL_DEBUG] READ_MESSAGE_HASH_AFTER_PATTERN - Hash after pattern EE: [208, 90, 117, 138, 115, 210, 223, 253]
[1785240440] [NOISE_PROTOCOL_DEBUG] READ_MESSAGE_PATTERN - Processing pattern: S
[1785240440] [NOISE_PROTOCOL_DEBUG] READ_MESSAGE_HASH_BEFORE_PATTERN - Hash before pattern: [208, 90, 117, 138, 115, 210, 223, 253]
[1785240440] [NOISE_PROTOCOL_DEBUG] READ_MESSAGE_S - Reading static key
[1785240440] [NOISE_PROTOCOL_DEBUG] READ_MESSAGE_S_CHECK - Checking static key length: need 48 bytes, available 64 bytes, has_cipher_key: true
[1785240440] [NOISE_PROTOCOL_DEBUG] READ_MESSAGE_S_DATA - Static key data length: 48, has_cipher_key: true
[1785240440] [NOISE_PROTOCOL_DEBUG] DECRYPT_AND_HASH - Decrypting with cipher key, ciphertext length: 48
[1785240440] [NOISE_PROTOCOL_DEBUG] DECRYPT_AND_HASH_HASH - Current hash length: 32
[1785240440] [NOISE_PROTOCOL_DEBUG] DECRYPT_AND_HASH_HASH_BYTES - Hash bytes: [208, 90, 117, 138, 115, 210, 223, 253]
[1785240440] [NOISE_PROTOCOL_DEBUG] CIPHER_DECRYPT - Decrypting with key, ciphertext length: 48
[1785240440] [NOISE_PROTOCOL_DEBUG] READ_MESSAGE_EE_DONE - DH(ephemeral, ephemeral) completed
[1785240440] [NOISE_PROTOCOL_DEBUG] READ_MESSAGE_HASH_AFTER_PATTERN - Hash after pattern EE: [133, 12, 27, 109, 208, 2, 107, 107]
[1785240440] [NOISE_PROTOCOL_DEBUG] READ_MESSAGE_PATTERN - Processing pattern: S
[1785240440] [NOISE_PROTOCOL_DEBUG] READ_MESSAGE_HASH_BEFORE_PATTERN - Hash before pattern: [133, 12, 27, 109, 208, 2, 107, 107]
[1785240440] [NOISE_PROTOCOL_DEBUG] READ_MESSAGE_S - Reading static key
[1785240440] [NOISE_PROTOCOL_DEBUG] READ_MESSAGE_S_CHECK - Checking static key length: need 48 bytes, available 64 bytes, has_cipher_key: true
[1785240440] [NOISE_PROTOCOL_DEBUG] READ_MESSAGE_S_DATA - Static key data length: 48, has_cipher_key: true
[1785240440] [NOISE_PROTOCOL_DEBUG] DECRYPT_AND_HASH - Decrypting with cipher key, ciphertext length: 48
[1785240440] [NOISE_PROTOCOL_DEBUG] DECRYPT_AND_HASH_HASH - Current hash length: 32
[1785240440] [NOISE_PROTOCOL_DEBUG] DECRYPT_AND_HASH_HASH_BYTES - Hash bytes: [133, 12, 27, 109, 208, 2, 107, 107]
[1785240440] [NOISE_PROTOCOL_DEBUG] CIPHER_DECRYPT - Decrypting with key, ciphertext length: 48
[1785240440] [NOISE_PROTOCOL_DEBUG] CIPHER_DECRYPT_SUCCESS - Decryption successful, plaintext length: 32
[1785240440] [NOISE_PROTOCOL_DEBUG] DECRYPT_AND_HASH_SUCCESS - Decryption successful, plaintext length: 32
[1785240440] [NOISE_PROTOCOL_DEBUG] DECRYPT_AND_HASH_HASH_MIXED - Hash mixed with ciphertext
[1785240440] [NOISE_PROTOCOL_DEBUG] READ_MESSAGE_S_DONE - Static key read and validated successfully
[1785240440] [NOISE_PROTOCOL_DEBUG] READ_MESSAGE_HASH_AFTER_PATTERN - Hash after pattern S: [255, 194, 37, 82, 239, 207, 199, 69]
[1785240440] [NOISE_PROTOCOL_DEBUG] READ_MESSAGE_EE_DONE - DH(ephemeral, ephemeral) completed
[1785240440] [NOISE_PROTOCOL_DEBUG] READ_MESSAGE_PATTERN - Processing pattern: ES
[1785240440] [NOISE_PROTOCOL_DEBUG] READ_MESSAGE_HASH_BEFORE_PATTERN - Hash before pattern: [255, 194, 37, 82, 239, 207, 199, 69]
[1785240440] [NOISE_PROTOCOL_DEBUG] READ_MESSAGE_HASH_AFTER_PATTERN - Hash after pattern EE: [155, 254, 117, 128, 73, 15, 2, 193]
[1785240440] [NOISE_PROTOCOL_DEBUG] READ_MESSAGE_ES - Performing DH(ephemeral, static)
[1785240440] [NOISE_PROTOCOL_DEBUG] CIPHER_DECRYPT_SUCCESS - Decryption successful, plaintext length: 32
[1785240440] [NOISE_PROTOCOL_DEBUG] READ_MESSAGE_EE_DONE - DH(ephemeral, ephemeral) completed
[1785240440] [NOISE_PROTOCOL_DEBUG] READ_MESSAGE_PATTERN - Processing pattern: S
[1785240440] [NOISE_PROTOCOL_DEBUG] DECRYPT_AND_HASH_SUCCESS - Decryption successful, plaintext length: 32
[1785240440] [NOISE_PROTOCOL_DEBUG] READ_MESSAGE_HASH_AFTER_PATTERN - Hash after pattern EE: [91, 222, 128, 192, 131, 29, 143, 46]
[1785240440] [NOISE_PROTOCOL_DEBUG] READ_MESSAGE_HASH_BEFORE_PATTERN - Hash before pattern: [155, 254, 117, 128, 73, 15, 2, 193]
[1785240440] [NOISE_PROTOCOL_DEBUG] READ_MESSAGE_PATTERN - Processing pattern: S
[1785240440] [NOISE_PROTOCOL_DEBUG] DECRYPT_AND_HASH_HASH_MIXED - Hash mixed with ciphertext
[1785240440] [NOISE_PROTOCOL_DEBUG] READ_MESSAGE_S - Reading static key
[1785240440] [NOISE_PROTOCOL_DEBUG] READ_MESSAGE_HASH_BEFORE_PATTERN - Hash before pattern: [91, 222, 128, 192, 131, 29, 143, 46]
[1785240440] [NOISE_PROTOCOL_DEBUG] READ_MESSAGE_S_DONE - Static key read and validated successfully
[1785240440] [NOISE_PROTOCOL_DEBUG] READ_MESSAGE_S - Reading static key
[1785240440] [NOISE_PROTOCOL_DEBUG] READ_MESSAGE_S_CHECK - Checking static key length: need 48 bytes, available 64 bytes, has_cipher_key: true
[1785240440] [NOISE_PROTOCOL_DEBUG] READ_MESSAGE_HASH_AFTER_PATTERN - Hash after pattern S: [130, 184, 35, 91, 240, 72, 93, 239]
[1785240440] [NOISE_PROTOCOL_DEBUG] READ_MESSAGE_S_CHECK - Checking static key length: need 48 bytes, available 64 bytes, has_cipher_key: true
[1785240440] [NOISE_PROTOCOL_DEBUG] READ_MESSAGE_PATTERN - Processing pattern: ES
[1785240440] [NOISE_PROTOCOL_DEBUG] READ_MESSAGE_S_DATA - Static key data length: 48, has_cipher_key: true
[1785240440] [NOISE_PROTOCOL_DEBUG] READ_MESSAGE_S_DATA - Static key data length: 48, has_cipher_key: true
[1785240440] [NOISE_PROTOCOL_DEBUG] READ_MESSAGE_HASH_BEFORE_PATTERN - Hash before pattern: [130, 184, 35, 91, 240, 72, 93, 239]
[1785240440] [NOISE_PROTOCOL_DEBUG] DECRYPT_AND_HASH - Decrypting with cipher key, ciphertext length: 48
[1785240440] [NOISE_PROTOCOL_DEBUG] DECRYPT_AND_HASH - Decrypting with cipher key, ciphertext length: 48
[1785240440] [NOISE_PROTOCOL_DEBUG] READ_MESSAGE_ES - Performing DH(ephemeral, static)
[1785240440] [NOISE_PROTOCOL_DEBUG] DECRYPT_AND_HASH_HASH - Current hash length: 32
[1785240440] [NOISE_PROTOCOL_DEBUG] DECRYPT_AND_HASH_HASH - Current hash length: 32
[1785240440] [NOISE_PROTOCOL_DEBUG] DECRYPT_AND_HASH_HASH_BYTES - Hash bytes: [91, 222, 128, 192, 131, 29, 143, 46]
[1785240440] [NOISE_PROTOCOL_DEBUG] DECRYPT_AND_HASH_HASH_BYTES - Hash bytes: [155, 254, 117, 128, 73, 15, 2, 193]
[1785240440] [NOISE_PROTOCOL_DEBUG] CIPHER_DECRYPT - Decrypting with key, ciphertext length: 48
[1785240440] [NOISE_PROTOCOL_DEBUG] CIPHER_DECRYPT - Decrypting with key, ciphertext length: 48
[1785240440] [NOISE_PROTOCOL_DEBUG] READ_MESSAGE_ES_DONE - DH(ephemeral, static) completed
[1785240440] [NOISE_PROTOCOL_DEBUG] CIPHER_DECRYPT_SUCCESS - Decryption successful, plaintext length: 32
[1785240440] [NOISE_PROTOCOL_DEBUG] READ_MESSAGE_HASH_AFTER_PATTERN - Hash after pattern ES: [255, 194, 37, 82, 239, 207, 199, 69]
[1785240440] [NOISE_PROTOCOL_DEBUG] DECRYPT_AND_HASH_SUCCESS - Decryption successful, plaintext length: 32
[1785240440] [NOISE_PROTOCOL_DEBUG] CIPHER_DECRYPT_SUCCESS - Decryption successful, plaintext length: 32
[1785240440] [NOISE_PROTOCOL_DEBUG] READ_MESSAGE_PAYLOAD - Decrypting payload, length: 16
[1785240440] [NOISE_PROTOCOL_DEBUG] DECRYPT_AND_HASH_SUCCESS - Decryption successful, plaintext length: 32
[1785240440] [NOISE_PROTOCOL_DEBUG] DECRYPT_AND_HASH_HASH_MIXED - Hash mixed with ciphertext
[1785240440] [NOISE_PROTOCOL_DEBUG] DECRYPT_AND_HASH - Decrypting with cipher key, ciphertext length: 16
[1785240440] [NOISE_PROTOCOL_DEBUG] READ_MESSAGE_S_DONE - Static key read and validated successfully
[1785240440] [NOISE_PROTOCOL_DEBUG] DECRYPT_AND_HASH_HASH - Current hash length: 32
[1785240440] [NOISE_PROTOCOL_DEBUG] DECRYPT_AND_HASH_HASH_MIXED - Hash mixed with ciphertext
[1785240440] [NOISE_PROTOCOL_DEBUG] READ_MESSAGE_HASH_AFTER_PATTERN - Hash after pattern S: [18, 28, 186, 229, 237, 79, 22, 89]
[1785240440] [NOISE_PROTOCOL_DEBUG] DECRYPT_AND_HASH_HASH_BYTES - Hash bytes: [255, 194, 37, 82, 239, 207, 199, 69]
[1785240440] [NOISE_PROTOCOL_DEBUG] READ_MESSAGE_S_DONE - Static key read and validated successfully
[1785240440] [NOISE_PROTOCOL_DEBUG] READ_MESSAGE_PATTERN - Processing pattern: ES
[1785240440] [NOISE_PROTOCOL_DEBUG] CIPHER_DECRYPT - Decrypting with key, ciphertext length: 16
[1785240440] [NOISE_PROTOCOL_DEBUG] READ_MESSAGE_HASH_AFTER_PATTERN - Hash after pattern S: [125, 166, 60, 40, 198, 158, 195, 75]
[1785240440] [NOISE_PROTOCOL_DEBUG] READ_MESSAGE_HASH_BEFORE_PATTERN - Hash before pattern: [18, 28, 186, 229, 237, 79, 22, 89]
[1785240440] [NOISE_PROTOCOL_DEBUG] READ_MESSAGE_PATTERN - Processing pattern: ES
[1785240440] [NOISE_PROTOCOL_DEBUG] READ_MESSAGE_ES - Performing DH(ephemeral, static)
[1785240440] [NOISE_PROTOCOL_DEBUG] READ_MESSAGE_HASH_BEFORE_PATTERN - Hash before pattern: [125, 166, 60, 40, 198, 158, 195, 75]
[1785240440] [NOISE_PROTOCOL_DEBUG] READ_MESSAGE_ES - Performing DH(ephemeral, static)
[1785240440] [NOISE_PROTOCOL_DEBUG] CIPHER_DECRYPT_SUCCESS - Decryption successful, plaintext length: 0
[1785240440] [NOISE_PROTOCOL_DEBUG] DECRYPT_AND_HASH_SUCCESS - Decryption successful, plaintext length: 0
[1785240440] [NOISE_PROTOCOL_DEBUG] DECRYPT_AND_HASH_HASH_MIXED - Hash mixed with ciphertext
[1785240440] [NOISE_PROTOCOL_DEBUG] READ_MESSAGE_PAYLOAD_SUCCESS - Payload decrypted successfully, length: 0
[1785240440] [NOISE_PROTOCOL_DEBUG] READ_MESSAGE_COMPLETE - Message read successfully, new pattern: 2/3
[1785240440] [NOISE_PROTOCOL_DEBUG] READ_MESSAGE_HASH_AFTER - Hash after read: [176, 191, 210, 176, 189, 47, 166, 211]
[1785240440] [NOISE_PROTOCOL_DEBUG] WRITE_MESSAGE_START - Pattern: XX, Current: 2/3
[1785240440] [NOISE_PROTOCOL_DEBUG] WRITE_MESSAGE_PATTERNS - Processing patterns: [S, SE]
[1785240440] [NOISE_PROTOCOL_DEBUG] WRITE_MESSAGE_PATTERN - Processing pattern: S
[1785240440] [NOISE_PROTOCOL_DEBUG] WRITE_MESSAGE_S - Sending static key
[1785240440] [NOISE_PROTOCOL_DEBUG] CIPHER_ENCRYPT - Encrypting with key, plaintext length: 32
[1785240440] [NOISE_PROTOCOL_DEBUG] CIPHER_ENCRYPT_KEY - Key length: 32
[1785240440] [NOISE_PROTOCOL_DEBUG] CIPHER_ENCRYPT_NONCE - Current nonce: 1
[1785240440] [NOISE_PROTOCOL_DEBUG] CIPHER_ENCRYPT_ASSOCIATED_DATA - Associated data length: 32
[1785240440] [NOISE_PROTOCOL_DEBUG] READ_MESSAGE_ES_DONE - DH(ephemeral, static) completed
[1785240440] [NOISE_PROTOCOL_DEBUG] READ_MESSAGE_HASH_AFTER_PATTERN - Hash after pattern ES: [130, 184, 35, 91, 240, 72, 93, 239]
[1785240440] [NOISE_PROTOCOL_DEBUG] READ_MESSAGE_PAYLOAD - Decrypting payload, length: 16
[1785240440] [NOISE_PROTOCOL_DEBUG] DECRYPT_AND_HASH - Decrypting with cipher key, ciphertext length: 16
[1785240440] [NOISE_PROTOCOL_DEBUG] DECRYPT_AND_HASH_HASH - Current hash length: 32
[1785240440] [NOISE_PROTOCOL_DEBUG] DECRYPT_AND_HASH_HASH_BYTES - Hash bytes: [130, 184, 35, 91, 240, 72, 93, 239]
[1785240440] [NOISE_PROTOCOL_DEBUG] CIPHER_DECRYPT - Decrypting with key, ciphertext length: 16
[1785240440] [NOISE_PROTOCOL_DEBUG] CIPHER_ENCRYPT_SUCCESS - Encryption successful, ciphertext length: 48
[1785240440] [NOISE_PROTOCOL_DEBUG] WRITE_MESSAGE_S_DONE - Static key encrypted and sent, buffer size: 48
[1785240440] [NOISE_PROTOCOL_DEBUG] WRITE_MESSAGE_PATTERN - Processing pattern: SE
[1785240440] [NOISE_PROTOCOL_DEBUG] WRITE_MESSAGE_SE - Performing DH(static, ephemeral), role: Initiator
[1785240440] [NOISE_PROTOCOL_DEBUG] CIPHER_DECRYPT_SUCCESS - Decryption successful, plaintext length: 0
[1785240440] [NOISE_PROTOCOL_DEBUG] DECRYPT_AND_HASH_SUCCESS - Decryption successful, plaintext length: 0
[1785240440] [NOISE_PROTOCOL_DEBUG] DECRYPT_AND_HASH_HASH_MIXED - Hash mixed with ciphertext
[1785240440] [NOISE_PROTOCOL_DEBUG] READ_MESSAGE_PAYLOAD_SUCCESS - Payload decrypted successfully, length: 0
[1785240440] [NOISE_PROTOCOL_DEBUG] READ_MESSAGE_COMPLETE - Message read successfully, new pattern: 2/3
[1785240440] [NOISE_PROTOCOL_DEBUG] READ_MESSAGE_HASH_AFTER - Hash after read: [156, 222, 47, 166, 79, 82, 205, 11]
[1785240440] [NOISE_PROTOCOL_DEBUG] WRITE_MESSAGE_START - Pattern: XX, Current: 2/3
[1785240440] [NOISE_PROTOCOL_DEBUG] WRITE_MESSAGE_PATTERNS - Processing patterns: [S, SE]
[1785240440] [NOISE_PROTOCOL_DEBUG] WRITE_MESSAGE_PATTERN - Processing pattern: S
[1785240440] [NOISE_PROTOCOL_DEBUG] WRITE_MESSAGE_S - Sending static key
[1785240440] [NOISE_PROTOCOL_DEBUG] CIPHER_ENCRYPT - Encrypting with key, plaintext length: 32
[1785240440] [NOISE_PROTOCOL_DEBUG] CIPHER_ENCRYPT_KEY - Key length: 32
[1785240440] [NOISE_PROTOCOL_DEBUG] CIPHER_ENCRYPT_NONCE - Current nonce: 1
[1785240440] [NOISE_PROTOCOL_DEBUG] CIPHER_ENCRYPT_ASSOCIATED_DATA - Associated data length: 32
[1785240440] [NOISE_PROTOCOL_DEBUG] READ_MESSAGE_ES_DONE - DH(ephemeral, static) completed
[1785240440] [NOISE_PROTOCOL_DEBUG] READ_MESSAGE_HASH_AFTER_PATTERN - Hash after pattern ES: [18, 28, 186, 229, 237, 79, 22, 89]
[1785240440] [NOISE_PROTOCOL_DEBUG] READ_MESSAGE_PAYLOAD - Decrypting payload, length: 16
[1785240440] [NOISE_PROTOCOL_DEBUG] DECRYPT_AND_HASH - Decrypting with cipher key, ciphertext length: 16
[1785240440] [NOISE_PROTOCOL_DEBUG] DECRYPT_AND_HASH_HASH - Current hash length: 32
[1785240440] [NOISE_PROTOCOL_DEBUG] READ_MESSAGE_ES_DONE - DH(ephemeral, static) completed
[1785240440] [NOISE_PROTOCOL_DEBUG] DECRYPT_AND_HASH_HASH_BYTES - Hash bytes: [18, 28, 186, 229, 237, 79, 22, 89]
[1785240440] [NOISE_PROTOCOL_DEBUG] CIPHER_ENCRYPT_SUCCESS - Encryption successful, ciphertext length: 48
[1785240440] [NOISE_PROTOCOL_DEBUG] CIPHER_DECRYPT - Decrypting with key, ciphertext length: 16
[1785240440] [NOISE_PROTOCOL_DEBUG] READ_MESSAGE_HASH_AFTER_PATTERN - Hash after pattern ES: [125, 166, 60, 40, 198, 158, 195, 75]
[1785240440] [NOISE_PROTOCOL_DEBUG] WRITE_MESSAGE_S_DONE - Static key encrypted and sent, buffer size: 48
[1785240440] [NOISE_PROTOCOL_DEBUG] READ_MESSAGE_PAYLOAD - Decrypting payload, length: 16
[1785240440] [NOISE_PROTOCOL_DEBUG] WRITE_MESSAGE_PATTERN - Processing pattern: SE
[1785240440] [NOISE_PROTOCOL_DEBUG] DECRYPT_AND_HASH - Decrypting with cipher key, ciphertext length: 16
[1785240440] [NOISE_PROTOCOL_DEBUG] WRITE_MESSAGE_SE - Performing DH(static, ephemeral), role: Initiator
[1785240440] [NOISE_PROTOCOL_DEBUG] DECRYPT_AND_HASH_HASH - Current hash length: 32
[1785240440] [NOISE_PROTOCOL_DEBUG] CIPHER_DECRYPT_SUCCESS - Decryption successful, plaintext length: 0
[1785240440] [NOISE_PROTOCOL_DEBUG] DECRYPT_AND_HASH_HASH_BYTES - Hash bytes: [125, 166, 60, 40, 198, 158, 195, 75]
[1785240440] [NOISE_PROTOCOL_DEBUG] DECRYPT_AND_HASH_SUCCESS - Decryption successful, plaintext length: 0
[1785240440] [NOISE_PROTOCOL_DEBUG] CIPHER_DECRYPT - Decrypting with key, ciphertext length: 16
[1785240440] [NOISE_PROTOCOL_DEBUG] DECRYPT_AND_HASH_HASH_MIXED - Hash mixed with ciphertext
[1785240440] [NOISE_PROTOCOL_DEBUG] READ_MESSAGE_PAYLOAD_SUCCESS - Payload decrypted successfully, length: 0
[1785240440] [NOISE_PROTOCOL_DEBUG] READ_MESSAGE_COMPLETE - Message read successfully, new pattern: 2/3
[1785240440] [NOISE_PROTOCOL_DEBUG] READ_MESSAGE_HASH_AFTER - Hash after read: [39, 61, 121, 225, 63, 22, 133, 220]
[1785240440] [NOISE_PROTOCOL_DEBUG] WRITE_MESSAGE_START - Pattern: XX, Current: 2/3
[1785240440] [NOISE_PROTOCOL_DEBUG] WRITE_MESSAGE_PATTERNS - Processing patterns: [S, SE]
[1785240440] [NOISE_PROTOCOL_DEBUG] WRITE_MESSAGE_PATTERN - Processing pattern: S
[1785240440] [NOISE_PROTOCOL_DEBUG] CIPHER_DECRYPT_SUCCESS - Decryption successful, plaintext length: 0
[1785240440] [NOISE_PROTOCOL_DEBUG] WRITE_MESSAGE_S - Sending static key
[1785240440] [NOISE_PROTOCOL_DEBUG] DECRYPT_AND_HASH_SUCCESS - Decryption successful, plaintext length: 0
[1785240440] [NOISE_PROTOCOL_DEBUG] CIPHER_ENCRYPT - Encrypting with key, plaintext length: 32
[1785240440] [NOISE_PROTOCOL_DEBUG] CIPHER_ENCRYPT_KEY - Key length: 32
[1785240440] [NOISE_PROTOCOL_DEBUG] DECRYPT_AND_HASH_HASH_MIXED - Hash mixed with ciphertext
[1785240440] [NOISE_PROTOCOL_DEBUG] CIPHER_ENCRYPT_NONCE - Current nonce: 1
[1785240440] [NOISE_PROTOCOL_DEBUG] WRITE_MESSAGE_SE_DONE - DH(static, ephemeral) completed for initiator
[1785240440] [NOISE_PROTOCOL_DEBUG] READ_MESSAGE_PAYLOAD_SUCCESS - Payload decrypted successfully, length: 0
[1785240440] [NOISE_PROTOCOL_DEBUG] CIPHER_ENCRYPT_ASSOCIATED_DATA - Associated data length: 32
[1785240440] [NOISE_PROTOCOL_DEBUG] WRITE_MESSAGE_ENCRYPT - Encrypting payload of 0 bytes
[1785240440] [NOISE_PROTOCOL_DEBUG] READ_MESSAGE_COMPLETE - Message read successfully, new pattern: 2/3
[1785240440] [NOISE_PROTOCOL_DEBUG] CIPHER_ENCRYPT - Encrypting with key, plaintext length: 0
[1785240440] [NOISE_PROTOCOL_DEBUG] READ_MESSAGE_HASH_AFTER - Hash after read: [64, 139, 25, 152, 97, 192, 59, 18]
[1785240440] [NOISE_PROTOCOL_DEBUG] CIPHER_ENCRYPT_KEY - Key length: 32
[1785240440] [NOISE_PROTOCOL_DEBUG] WRITE_MESSAGE_START - Pattern: XX, Current: 2/3
[1785240440] [NOISE_PROTOCOL_DEBUG] CIPHER_ENCRYPT_NONCE - Current nonce: 0
[1785240440] [NOISE_PROTOCOL_DEBUG] WRITE_MESSAGE_PATTERNS - Processing patterns: [S, SE]
[1785240440] [NOISE_PROTOCOL_DEBUG] CIPHER_ENCRYPT_ASSOCIATED_DATA - Associated data length: 32
[1785240440] [NOISE_PROTOCOL_DEBUG] WRITE_MESSAGE_PATTERN - Processing pattern: S
[1785240440] [NOISE_PROTOCOL_DEBUG] WRITE_MESSAGE_S - Sending static key
[1785240440] [NOISE_PROTOCOL_DEBUG] CIPHER_ENCRYPT - Encrypting with key, plaintext length: 32
[1785240440] [NOISE_PROTOCOL_DEBUG] CIPHER_ENCRYPT_SUCCESS - Encryption successful, ciphertext length: 48
[1785240440] [NOISE_PROTOCOL_DEBUG] CIPHER_ENCRYPT_KEY - Key length: 32
[1785240440] [NOISE_PROTOCOL_DEBUG] CIPHER_ENCRYPT_NONCE - Current nonce: 1
[1785240440] [NOISE_PROTOCOL_DEBUG] WRITE_MESSAGE_S_DONE - Static key encrypted and sent, buffer size: 48
[1785240440] [NOISE_PROTOCOL_DEBUG] CIPHER_ENCRYPT_ASSOCIATED_DATA - Associated data length: 32
[1785240440] [NOISE_PROTOCOL_DEBUG] CIPHER_ENCRYPT_SUCCESS - Encryption successful, ciphertext length: 16
[1785240440] [NOISE_PROTOCOL_DEBUG] WRITE_MESSAGE_PATTERN - Processing pattern: SE
[1785240440] [NOISE_PROTOCOL_DEBUG] WRITE_MESSAGE_SE - Performing DH(static, ephemeral), role: Initiator
[1785240440] [NOISE_PROTOCOL_DEBUG] WRITE_MESSAGE_ENCRYPT_DONE - Payload encrypted, total buffer size: 64
[1785240440] [NOISE_PROTOCOL_DEBUG] WRITE_MESSAGE_COMPLETE - Message written, pattern 2 complete
[1785240440] [NOISE_PROTOCOL_DEBUG] CIPHER_ENCRYPT_SUCCESS - Encryption successful, ciphertext length: 48
[1785240440] [NOISE_PROTOCOL_DEBUG] WRITE_MESSAGE_S_DONE - Static key encrypted and sent, buffer size: 48
[1785240440] [NOISE_PROTOCOL_DEBUG] WRITE_MESSAGE_PATTERN - Processing pattern: SE
[1785240440] [NOISE_PROTOCOL_DEBUG] WRITE_MESSAGE_SE - Performing DH(static, ephemeral), role: Initiator
[1785240440] [NOISE_PROTOCOL_DEBUG] CIPHER_ENCRYPT - Encrypting with key, plaintext length: 5
[1785240440] [NOISE_PROTOCOL_DEBUG] CIPHER_ENCRYPT_KEY - Key length: 32
[1785240440] [NOISE_PROTOCOL_DEBUG] CIPHER_ENCRYPT_NONCE - Current nonce: 0
[1785240440] [NOISE_PROTOCOL_DEBUG] CIPHER_ENCRYPT_ASSOCIATED_DATA - Associated data length: 0
[1785240440] [NOISE_PROTOCOL_DEBUG] WRITE_MESSAGE_SE_DONE - DH(static, ephemeral) completed for initiator
[1785240440] [NOISE_PROTOCOL_DEBUG] WRITE_MESSAGE_ENCRYPT - Encrypting payload of 0 bytes
[1785240440] [NOISE_PROTOCOL_DEBUG] CIPHER_ENCRYPT - Encrypting with key, plaintext length: 0
[1785240440] [NOISE_PROTOCOL_DEBUG] CIPHER_ENCRYPT_KEY - Key length: 32
[1785240440] [NOISE_PROTOCOL_DEBUG] CIPHER_ENCRYPT_NONCE - Current nonce: 0
[1785240440] [NOISE_PROTOCOL_DEBUG] CIPHER_ENCRYPT_ASSOCIATED_DATA - Associated data length: 32
[1785240440] [NOISE_PROTOCOL_DEBUG] CIPHER_ENCRYPT_SUCCESS - Encryption successful, ciphertext length: 21
[1785240440] [NOISE_PROTOCOL_DEBUG] CIPHER_ENCRYPT_TRANSPORT - Transport message with nonce prefix, total length: 25
[1785240440] [NOISE_PROTOCOL_DEBUG] CIPHER_ENCRYPT_SUCCESS - Encryption successful, ciphertext length: 16
[1785240440] [NOISE_PROTOCOL_DEBUG] WRITE_MESSAGE_ENCRYPT_DONE - Payload encrypted, total buffer size: 64
[1785240440] [NOISE_PROTOCOL_DEBUG] READ_MESSAGE_START - Pattern: XX, Current: 2/3
[1785240440] [NOISE_PROTOCOL_DEBUG] WRITE_MESSAGE_COMPLETE - Message written, pattern 2 complete
[1785240440] [NOISE_PROTOCOL_DEBUG] READ_MESSAGE_HASH_BEFORE - Hash before read: [176, 191, 210, 176, 189, 47, 166, 211]
[1785240440] [NOISE_PROTOCOL_DEBUG] READ_MESSAGE_PATTERNS - Processing patterns: [S, SE]
[1785240440] [NOISE_PROTOCOL_DEBUG] READ_MESSAGE_PATTERN - Processing pattern: S
[1785240440] [NOISE_PROTOCOL_DEBUG] READ_MESSAGE_HASH_BEFORE_PATTERN - Hash before pattern: [176, 191, 210, 176, 189, 47, 166, 211]
[1785240440] [NOISE_PROTOCOL_DEBUG] READ_MESSAGE_S - Reading static key
[1785240440] [NOISE_PROTOCOL_DEBUG] READ_MESSAGE_S_CHECK - Checking static key length: need 48 bytes, available 64 bytes, has_cipher_key: true
[1785240440] [NOISE_PROTOCOL_DEBUG] READ_MESSAGE_S_DATA - Static key data length: 48, has_cipher_key: true
[1785240440] [NOISE_PROTOCOL_DEBUG] DECRYPT_AND_HASH - Decrypting with cipher key, ciphertext length: 48
[1785240440] [NOISE_PROTOCOL_DEBUG] DECRYPT_AND_HASH_HASH - Current hash length: 32
[1785240440] [NOISE_PROTOCOL_DEBUG] DECRYPT_AND_HASH_HASH_BYTES - Hash bytes: [176, 191, 210, 176, 189, 47, 166, 211]
[1785240440] [NOISE_PROTOCOL_DEBUG] CIPHER_DECRYPT - Decrypting with key, ciphertext length: 48
[1785240440] [NOISE_PROTOCOL_DEBUG] CIPHER_ENCRYPT - Encrypting with key, plaintext length: 3
[1785240440] [NOISE_PROTOCOL_DEBUG] CIPHER_ENCRYPT_KEY - Key length: 32
[1785240440] [NOISE_PROTOCOL_DEBUG] CIPHER_ENCRYPT_NONCE - Current nonce: 0
[1785240440] [NOISE_PROTOCOL_DEBUG] CIPHER_ENCRYPT_ASSOCIATED_DATA - Associated data length: 0
[1785240440] [NOISE_PROTOCOL_DEBUG] WRITE_MESSAGE_SE_DONE - DH(static, ephemeral) completed for initiator
[1785240440] [NOISE_PROTOCOL_DEBUG] WRITE_MESSAGE_ENCRYPT - Encrypting payload of 0 bytes
[1785240440] [NOISE_PROTOCOL_DEBUG] CIPHER_ENCRYPT - Encrypting with key, plaintext length: 0
[1785240440] [NOISE_PROTOCOL_DEBUG] CIPHER_ENCRYPT_KEY - Key length: 32
[1785240440] [NOISE_PROTOCOL_DEBUG] CIPHER_ENCRYPT_NONCE - Current nonce: 0
[1785240440] [NOISE_PROTOCOL_DEBUG] CIPHER_DECRYPT_SUCCESS - Decryption successful, plaintext length: 32
[1785240440] [NOISE_PROTOCOL_DEBUG] CIPHER_ENCRYPT_ASSOCIATED_DATA - Associated data length: 32
[1785240440] [NOISE_PROTOCOL_DEBUG] DECRYPT_AND_HASH_SUCCESS - Decryption successful, plaintext length: 32
[1785240440] [NOISE_PROTOCOL_DEBUG] CIPHER_ENCRYPT_SUCCESS - Encryption successful, ciphertext length: 19
[1785240440] [NOISE_PROTOCOL_DEBUG] DECRYPT_AND_HASH_HASH_MIXED - Hash mixed with ciphertext
[1785240440] [NOISE_PROTOCOL_DEBUG] WRITE_MESSAGE_SE_DONE - DH(static, ephemeral) completed for initiator
[1785240440] [NOISE_PROTOCOL_DEBUG] CIPHER_ENCRYPT_TRANSPORT - Transport message with nonce prefix, total length: 23
[1785240440] [NOISE_PROTOCOL_DEBUG] READ_MESSAGE_S_DONE - Static key read and validated successfully
[1785240440] [NOISE_PROTOCOL_DEBUG] WRITE_MESSAGE_ENCRYPT - Encrypting payload of 0 bytes
[1785240440] [NOISE_PROTOCOL_DEBUG] READ_MESSAGE_HASH_AFTER_PATTERN - Hash after pattern S: [186, 48, 106, 20, 251, 176, 207, 167]
[1785240440] [NOISE_PROTOCOL_DEBUG] CIPHER_ENCRYPT - Encrypting with key, plaintext length: 0
[1785240440] [NOISE_PROTOCOL_DEBUG] READ_MESSAGE_PATTERN - Processing pattern: SE
[1785240440] [NOISE_PROTOCOL_DEBUG] READ_MESSAGE_START - Pattern: XX, Current: 2/3
[1785240440] [NOISE_PROTOCOL_DEBUG] CIPHER_ENCRYPT_SUCCESS - Encryption successful, ciphertext length: 16
[1785240440] [NOISE_PROTOCOL_DEBUG] CIPHER_ENCRYPT_KEY - Key length: 32
[1785240440] [NOISE_PROTOCOL_DEBUG] READ_MESSAGE_HASH_BEFORE_PATTERN - Hash before pattern: [186, 48, 106, 20, 251, 176, 207, 167]
[1785240440] [NOISE_PROTOCOL_DEBUG] READ_MESSAGE_HASH_BEFORE - Hash before read: [156, 222, 47, 166, 79, 82, 205, 11]
[1785240440] [NOISE_PROTOCOL_DEBUG] CIPHER_ENCRYPT_NONCE - Current nonce: 0
[1785240440] [NOISE_PROTOCOL_DEBUG] WRITE_MESSAGE_ENCRYPT_DONE - Payload encrypted, total buffer size: 64
[1785240440] [NOISE_PROTOCOL_DEBUG] READ_MESSAGE_SE - Performing DH(static, ephemeral)
[1785240440] [NOISE_PROTOCOL_DEBUG] READ_MESSAGE_PATTERNS - Processing patterns: [S, SE]
[1785240440] [NOISE_PROTOCOL_DEBUG] CIPHER_ENCRYPT_ASSOCIATED_DATA - Associated data length: 32
[1785240440] [NOISE_PROTOCOL_DEBUG] WRITE_MESSAGE_COMPLETE - Message written, pattern 2 complete
[1785240440] [NOISE_PROTOCOL_DEBUG] READ_MESSAGE_PATTERN - Processing pattern: S
[1785240440] [NOISE_PROTOCOL_DEBUG] READ_MESSAGE_HASH_BEFORE_PATTERN - Hash before pattern: [156, 222, 47, 166, 79, 82, 205, 11]
[1785240440] [NOISE_PROTOCOL_DEBUG] READ_MESSAGE_S - Reading static key
[1785240440] [NOISE_PROTOCOL_DEBUG] READ_MESSAGE_S_CHECK - Checking static key length: need 48 bytes, available 64 bytes, has_cipher_key: true
[1785240440] [NOISE_PROTOCOL_DEBUG] READ_MESSAGE_S_DATA - Static key data length: 48, has_cipher_key: true
[1785240440] [NOISE_PROTOCOL_DEBUG] DECRYPT_AND_HASH - Decrypting with cipher key, ciphertext length: 48
[1785240440] [NOISE_PROTOCOL_DEBUG] DECRYPT_AND_HASH_HASH - Current hash length: 32
[1785240440] [NOISE_PROTOCOL_DEBUG] DECRYPT_AND_HASH_HASH_BYTES - Hash bytes: [156, 222, 47, 166, 79, 82, 205, 11]
[1785240440] [NOISE_PROTOCOL_DEBUG] CIPHER_ENCRYPT_SUCCESS - Encryption successful, ciphertext length: 16
[1785240440] [NOISE_PROTOCOL_DEBUG] CIPHER_DECRYPT - Decrypting with key, ciphertext length: 48
[1785240440] [NOISE_PROTOCOL_DEBUG] WRITE_MESSAGE_ENCRYPT_DONE - Payload encrypted, total buffer size: 64
[1785240440] [NOISE_PROTOCOL_DEBUG] WRITE_MESSAGE_COMPLETE - Message written, pattern 2 complete
[1785240440] [NOISE_PROTOCOL_DEBUG] CIPHER_ENCRYPT - Encrypting with key, plaintext length: 18
[1785240440] [NOISE_PROTOCOL_DEBUG] CIPHER_ENCRYPT_KEY - Key length: 32
[1785240440] [NOISE_PROTOCOL_DEBUG] CIPHER_ENCRYPT_NONCE - Current nonce: 0
[1785240440] [NOISE_PROTOCOL_DEBUG] CIPHER_ENCRYPT_ASSOCIATED_DATA - Associated data length: 0
[1785240440] [NOISE_PROTOCOL_DEBUG] CIPHER_DECRYPT_SUCCESS - Decryption successful, plaintext length: 32
[1785240440] [NOISE_PROTOCOL_DEBUG] DECRYPT_AND_HASH_SUCCESS - Decryption successful, plaintext length: 32
[1785240440] [NOISE_PROTOCOL_DEBUG] DECRYPT_AND_HASH_HASH_MIXED - Hash mixed with ciphertext
[1785240440] [NOISE_PROTOCOL_DEBUG] READ_MESSAGE_S_DONE - Static key read and validated successfully
[1785240440] [NOISE_PROTOCOL_DEBUG] READ_MESSAGE_HASH_AFTER_PATTERN - Hash after pattern S: [237, 71, 50, 68, 17, 51, 105, 180]
[1785240440] [NOISE_PROTOCOL_DEBUG] READ_MESSAGE_PATTERN - Processing pattern: SE
[1785240440] [NOISE_PROTOCOL_DEBUG] CIPHER_ENCRYPT - Encrypting with key, plaintext length: 14
[1785240440] [NOISE_PROTOCOL_DEBUG] CIPHER_ENCRYPT_SUCCESS - Encryption successful, ciphertext length: 34
[1785240440] [NOISE_PROTOCOL_DEBUG] READ_MESSAGE_HASH_BEFORE_PATTERN - Hash before pattern: [237, 71, 50, 68, 17, 51, 105, 180]
[1785240440] [NOISE_PROTOCOL_DEBUG] CIPHER_ENCRYPT_KEY - Key length: 32
[1785240440] [NOISE_PROTOCOL_DEBUG] CIPHER_ENCRYPT_TRANSPORT - Transport message with nonce prefix, total length: 38
[1785240440] [NOISE_PROTOCOL_DEBUG] READ_MESSAGE_SE - Performing DH(static, ephemeral)
[1785240440] [NOISE_PROTOCOL_DEBUG] CIPHER_ENCRYPT_NONCE - Current nonce: 0
[1785240440] [NOISE_PROTOCOL_DEBUG] CIPHER_ENCRYPT_ASSOCIATED_DATA - Associated data length: 0
[1785240440] [NOISE_PROTOCOL_DEBUG] READ_MESSAGE_START - Pattern: XX, Current: 2/3
[1785240440] [NOISE_PROTOCOL_DEBUG] READ_MESSAGE_HASH_BEFORE - Hash before read: [39, 61, 121, 225, 63, 22, 133, 220]
[1785240440] [NOISE_PROTOCOL_DEBUG] READ_MESSAGE_PATTERNS - Processing patterns: [S, SE]
[1785240440] [NOISE_PROTOCOL_DEBUG] READ_MESSAGE_PATTERN - Processing pattern: S
[1785240440] [NOISE_PROTOCOL_DEBUG] READ_MESSAGE_HASH_BEFORE_PATTERN - Hash before pattern: [39, 61, 121, 225, 63, 22, 133, 220]
[1785240440] [NOISE_PROTOCOL_DEBUG] READ_MESSAGE_S - Reading static key
[1785240440] [NOISE_PROTOCOL_DEBUG] READ_MESSAGE_S_CHECK - Checking static key length: need 48 bytes, available 64 bytes, has_cipher_key: true
[1785240440] [NOISE_PROTOCOL_DEBUG] READ_MESSAGE_S_DATA - Static key data length: 48, has_cipher_key: true
[1785240440] [NOISE_PROTOCOL_DEBUG] DECRYPT_AND_HASH - Decrypting with cipher key, ciphertext length: 48
[1785240440] [NOISE_PROTOCOL_DEBUG] CIPHER_ENCRYPT_SUCCESS - Encryption successful, ciphertext length: 30
[1785240440] [NOISE_PROTOCOL_DEBUG] DECRYPT_AND_HASH_HASH - Current hash length: 32
[1785240440] [NOISE_PROTOCOL_DEBUG] CIPHER_ENCRYPT_TRANSPORT - Transport message with nonce prefix, total length: 34
[1785240440] [NOISE_PROTOCOL_DEBUG] DECRYPT_AND_HASH_HASH_BYTES - Hash bytes: [39, 61, 121, 225, 63, 22, 133, 220]
[1785240440] [NOISE_PROTOCOL_DEBUG] CIPHER_DECRYPT - Decrypting with key, ciphertext length: 48
[1785240440] [NOISE_PROTOCOL_DEBUG] READ_MESSAGE_START - Pattern: XX, Current: 2/3
[1785240440] [NOISE_PROTOCOL_DEBUG] READ_MESSAGE_HASH_BEFORE - Hash before read: [64, 139, 25, 152, 97, 192, 59, 18]
[1785240440] [NOISE_PROTOCOL_DEBUG] READ_MESSAGE_PATTERNS - Processing patterns: [S, SE]
[1785240440] [NOISE_PROTOCOL_DEBUG] READ_MESSAGE_PATTERN - Processing pattern: S
[1785240440] [NOISE_PROTOCOL_DEBUG] READ_MESSAGE_HASH_BEFORE_PATTERN - Hash before pattern: [64, 139, 25, 152, 97, 192, 59, 18]
[1785240440] [NOISE_PROTOCOL_DEBUG] READ_MESSAGE_S - Reading static key
[1785240440] [NOISE_PROTOCOL_DEBUG] READ_MESSAGE_SE_DONE - DH(static, ephemeral) completed
[1785240440] [NOISE_PROTOCOL_DEBUG] READ_MESSAGE_S_CHECK - Checking static key length: need 48 bytes, available 64 bytes, has_cipher_key: true
[1785240440] [NOISE_PROTOCOL_DEBUG] READ_MESSAGE_HASH_AFTER_PATTERN - Hash after pattern SE: [186, 48, 106, 20, 251, 176, 207, 167]
[1785240440] [NOISE_PROTOCOL_DEBUG] READ_MESSAGE_S_DATA - Static key data length: 48, has_cipher_key: true
[1785240440] [NOISE_PROTOCOL_DEBUG] CIPHER_DECRYPT_SUCCESS - Decryption successful, plaintext length: 32
[1785240440] [NOISE_PROTOCOL_DEBUG] READ_MESSAGE_PAYLOAD - Decrypting payload, length: 16
[1785240440] [NOISE_PROTOCOL_DEBUG] DECRYPT_AND_HASH - Decrypting with cipher key, ciphertext length: 48
[1785240440] [NOISE_PROTOCOL_DEBUG] DECRYPT_AND_HASH_SUCCESS - Decryption successful, plaintext length: 32
[1785240440] [NOISE_PROTOCOL_DEBUG] DECRYPT_AND_HASH - Decrypting with cipher key, ciphertext length: 16
[1785240440] [NOISE_PROTOCOL_DEBUG] DECRYPT_AND_HASH_HASH - Current hash length: 32
[1785240440] [NOISE_PROTOCOL_DEBUG] DECRYPT_AND_HASH_HASH - Current hash length: 32
[1785240440] [NOISE_PROTOCOL_DEBUG] DECRYPT_AND_HASH_HASH_BYTES - Hash bytes: [64, 139, 25, 152, 97, 192, 59, 18]
[1785240440] [NOISE_PROTOCOL_DEBUG] DECRYPT_AND_HASH_HASH_MIXED - Hash mixed with ciphertext
[1785240440] [NOISE_PROTOCOL_DEBUG] DECRYPT_AND_HASH_HASH_BYTES - Hash bytes: [186, 48, 106, 20, 251, 176, 207, 167]
[1785240440] [NOISE_PROTOCOL_DEBUG] CIPHER_DECRYPT - Decrypting with key, ciphertext length: 48
[1785240440] [NOISE_PROTOCOL_DEBUG] READ_MESSAGE_S_DONE - Static key read and validated successfully
[1785240440] [NOISE_PROTOCOL_DEBUG] CIPHER_DECRYPT - Decrypting with key, ciphertext length: 16
[1785240440] [NOISE_PROTOCOL_DEBUG] READ_MESSAGE_HASH_AFTER_PATTERN - Hash after pattern S: [118, 22, 253, 117, 42, 66, 87, 149]
[1785240440] [NOISE_PROTOCOL_DEBUG] READ_MESSAGE_PATTERN - Processing pattern: SE
[1785240440] [NOISE_PROTOCOL_DEBUG] READ_MESSAGE_HASH_BEFORE_PATTERN - Hash before pattern: [118, 22, 253, 117, 42, 66, 87, 149]
[1785240440] [NOISE_PROTOCOL_DEBUG] READ_MESSAGE_SE - Performing DH(static, ephemeral)
[1785240440] [NOISE_PROTOCOL_DEBUG] CIPHER_DECRYPT_SUCCESS - Decryption successful, plaintext length: 0
[1785240440] [NOISE_PROTOCOL_DEBUG] DECRYPT_AND_HASH_SUCCESS - Decryption successful, plaintext length: 0
[1785240440] [NOISE_PROTOCOL_DEBUG] CIPHER_DECRYPT_SUCCESS - Decryption successful, plaintext length: 32
[1785240440] [NOISE_PROTOCOL_DEBUG] DECRYPT_AND_HASH_SUCCESS - Decryption successful, plaintext length: 32
[1785240440] [NOISE_PROTOCOL_DEBUG] DECRYPT_AND_HASH_HASH_MIXED - Hash mixed with ciphertext
[1785240440] [NOISE_PROTOCOL_DEBUG] READ_MESSAGE_PAYLOAD_SUCCESS - Payload decrypted successfully, length: 0
[1785240440] [NOISE_PROTOCOL_DEBUG] DECRYPT_AND_HASH_HASH_MIXED - Hash mixed with ciphertext
[1785240440] [NOISE_PROTOCOL_DEBUG] READ_MESSAGE_COMPLETE - Message read successfully, new pattern: 3/3
[1785240440] [NOISE_PROTOCOL_DEBUG] READ_MESSAGE_S_DONE - Static key read and validated successfully
[1785240440] [NOISE_PROTOCOL_DEBUG] READ_MESSAGE_HASH_AFTER - Hash after read: [57, 232, 55, 16, 196, 87, 19, 80]
[1785240440] [NOISE_PROTOCOL_DEBUG] READ_MESSAGE_HASH_AFTER_PATTERN - Hash after pattern S: [8, 188, 202, 86, 15, 77, 177, 1]
[1785240440] [NOISE_PROTOCOL_DEBUG] READ_MESSAGE_PATTERN - Processing pattern: SE
[1785240440] [NOISE_PROTOCOL_DEBUG] READ_MESSAGE_HASH_BEFORE_PATTERN - Hash before pattern: [8, 188, 202, 86, 15, 77, 177, 1]
[1785240440] [NOISE_PROTOCOL_DEBUG] READ_MESSAGE_SE - Performing DH(static, ephemeral)
[1785240440] [NOISE_PROTOCOL_DEBUG] READ_MESSAGE_SE_DONE - DH(static, ephemeral) completed
[1785240440] [NOISE_PROTOCOL_DEBUG] READ_MESSAGE_HASH_AFTER_PATTERN - Hash after pattern SE: [237, 71, 50, 68, 17, 51, 105, 180]
[1785240440] [NOISE_PROTOCOL_DEBUG] READ_MESSAGE_PAYLOAD - Decrypting payload, length: 16
[1785240440] [NOISE_PROTOCOL_DEBUG] DECRYPT_AND_HASH - Decrypting with cipher key, ciphertext length: 16
[1785240440] [NOISE_PROTOCOL_DEBUG] DECRYPT_AND_HASH_HASH - Current hash length: 32
[1785240440] [NOISE_PROTOCOL_DEBUG] DECRYPT_AND_HASH_HASH_BYTES - Hash bytes: [237, 71, 50, 68, 17, 51, 105, 180]
[1785240440] [NOISE_PROTOCOL_DEBUG] CIPHER_DECRYPT - Decrypting with key, ciphertext length: 25
[1785240440] [NOISE_PROTOCOL_DEBUG] CIPHER_DECRYPT - Decrypting with key, ciphertext length: 16
[1785240440] [NOISE_PROTOCOL_DEBUG] CIPHER_DECRYPT_SUCCESS - Decryption successful, plaintext length: 0
[1785240440] [NOISE_PROTOCOL_DEBUG] DECRYPT_AND_HASH_SUCCESS - Decryption successful, plaintext length: 0
[1785240440] [NOISE_PROTOCOL_DEBUG] CIPHER_DECRYPT_SUCCESS - Decryption successful, plaintext length: 5
[1785240440] [NOISE_PROTOCOL_DEBUG] DECRYPT_AND_HASH_HASH_MIXED - Hash mixed with ciphertext
[1785240440] [NOISE_PROTOCOL_DEBUG] READ_MESSAGE_SE_DONE - DH(static, ephemeral) completed
[1785240440] [NOISE_PROTOCOL_DEBUG] READ_MESSAGE_HASH_AFTER_PATTERN - Hash after pattern SE: [118, 22, 253, 117, 42, 66, 87, 149]
[1785240440] [NOISE_PROTOCOL_DEBUG] READ_MESSAGE_PAYLOAD_SUCCESS - Payload decrypted successfully, length: 0
[1785240440] [NOISE_PROTOCOL_DEBUG] CIPHER_ENCRYPT - Encrypting with key, plaintext length: 5
[1785240440] [NOISE_PROTOCOL_DEBUG] READ_MESSAGE_PAYLOAD - Decrypting payload, length: 16
[1785240440] [NOISE_PROTOCOL_DEBUG] READ_MESSAGE_COMPLETE - Message read successfully, new pattern: 3/3
[1785240440] [NOISE_PROTOCOL_DEBUG] CIPHER_ENCRYPT_KEY - Key length: 32
[1785240440] [NOISE_PROTOCOL_DEBUG] DECRYPT_AND_HASH - Decrypting with cipher key, ciphertext length: 16
[1785240440] [NOISE_PROTOCOL_DEBUG] READ_MESSAGE_HASH_AFTER - Hash after read: [130, 127, 184, 114, 132, 72, 26, 122]
[1785240440] [NOISE_PROTOCOL_DEBUG] CIPHER_ENCRYPT_NONCE - Current nonce: 0
[1785240440] [NOISE_PROTOCOL_DEBUG] DECRYPT_AND_HASH_HASH - Current hash length: 32
[1785240440] [NOISE_PROTOCOL_DEBUG] DECRYPT_AND_HASH_HASH_BYTES - Hash bytes: [118, 22, 253, 117, 42, 66, 87, 149]
[1785240440] [NOISE_PROTOCOL_DEBUG] CIPHER_ENCRYPT_ASSOCIATED_DATA - Associated data length: 0
[1785240440] [NOISE_PROTOCOL_DEBUG] CIPHER_DECRYPT - Decrypting with key, ciphertext length: 16
[1785240440] [NOISE_PROTOCOL_DEBUG] CIPHER_DECRYPT_SUCCESS - Decryption successful, plaintext length: 0
[1785240440] [NOISE_PROTOCOL_DEBUG] DECRYPT_AND_HASH_SUCCESS - Decryption successful, plaintext length: 0
[1785240440] [NOISE_PROTOCOL_DEBUG] CIPHER_ENCRYPT_SUCCESS - Encryption successful, ciphertext length: 21
[1785240440] [NOISE_PROTOCOL_DEBUG] CIPHER_DECRYPT - Decrypting with key, ciphertext length: 23
[1785240440] [NOISE_PROTOCOL_DEBUG] DECRYPT_AND_HASH_HASH_MIXED - Hash mixed with ciphertext
[1785240440] [NOISE_PROTOCOL_DEBUG] READ_MESSAGE_PAYLOAD_SUCCESS - Payload decrypted successfully, length: 0
[1785240440] [NOISE_PROTOCOL_DEBUG] READ_MESSAGE_COMPLETE - Message read successfully, new pattern: 3/3
[1785240440] [NOISE_PROTOCOL_DEBUG] READ_MESSAGE_HASH_AFTER - Hash after read: [2, 163, 165, 3, 208, 89, 200, 33]
[1785240440] [NOISE_PROTOCOL_DEBUG] CIPHER_ENCRYPT_TRANSPORT - Transport message with nonce prefix, total length: 25
[1785240440] [NOISE_PROTOCOL_DEBUG] READ_MESSAGE_SE_DONE - DH(static, ephemeral) completed
[1785240440] [NOISE_PROTOCOL_DEBUG] CIPHER_DECRYPT - Decrypting with key, ciphertext length: 25
[1785240440] [NOISE_PROTOCOL_DEBUG] READ_MESSAGE_HASH_AFTER_PATTERN - Hash after pattern SE: [8, 188, 202, 86, 15, 77, 177, 1]
[1785240440] [NOISE_PROTOCOL_DEBUG] CIPHER_DECRYPT_SUCCESS - Decryption successful, plaintext length: 3
[1785240440] [NOISE_PROTOCOL_DEBUG] READ_MESSAGE_PAYLOAD - Decrypting payload, length: 16
[1785240440] [NOISE_PROTOCOL_DEBUG] DECRYPT_AND_HASH - Decrypting with cipher key, ciphertext length: 16
[1785240440] [NOISE_PROTOCOL_DEBUG] CIPHER_DECRYPT - Decrypting with key, ciphertext length: 38
[1785240440] [NOISE_PROTOCOL_DEBUG] DECRYPT_AND_HASH_HASH - Current hash length: 32
[1785240440] [NOISE_PROTOCOL_DEBUG] DECRYPT_AND_HASH_HASH_BYTES - Hash bytes: [8, 188, 202, 86, 15, 77, 177, 1]
[1785240440] [NOISE_PROTOCOL_DEBUG] CIPHER_DECRYPT_SUCCESS - Decryption successful, plaintext length: 5
[1785240440] [NOISE_PROTOCOL_DEBUG] CIPHER_DECRYPT - Decrypting with key, ciphertext length: 16
[1785240440] [NOISE_PROTOCOL_DEBUG] CIPHER_DECRYPT_SUCCESS - Decryption successful, plaintext length: 18
[1785240440] [NOISE_PROTOCOL_DEBUG] CIPHER_DECRYPT_SUCCESS - Decryption successful, plaintext length: 0
[1785240440] [NOISE_PROTOCOL_DEBUG] DECRYPT_AND_HASH_SUCCESS - Decryption successful, plaintext length: 0
[1785240440] [NOISE_PROTOCOL_DEBUG] DECRYPT_AND_HASH_HASH_MIXED - Hash mixed with ciphertext
[1785240440] [NOISE_PROTOCOL_DEBUG] READ_MESSAGE_PAYLOAD_SUCCESS - Payload decrypted successfully, length: 0
[1785240440] [NOISE_PROTOCOL_DEBUG] READ_MESSAGE_COMPLETE - Message read successfully, new pattern: 3/3
[1785240440] [NOISE_PROTOCOL_DEBUG] READ_MESSAGE_HASH_AFTER - Hash after read: [250, 22, 49, 107, 88, 84, 244, 165]
[1785240440] [NOISE_PROTOCOL_DEBUG] CIPHER_DECRYPT - Decrypting with key, ciphertext length: 34
[1785240440] [NOISE_PROTOCOL_DEBUG] CIPHER_DECRYPT_SUCCESS - Decryption successful, plaintext length: 14
[1785244125] [NOISE_PROTOCOL_DEBUG] HANDSHAKE_INIT - Protocol name: Noise_XX_25519_ChaChaPoly_SHA256
[1785244125] [NOISE_PROTOCOL_DEBUG] HANDSHAKE_INIT - Initial hash: [78, 111, 105, 115, 101, 95, 88, 88]
[1785244125] [NOISE_PROTOCOL_DEBUG] HANDSHAKE_INIT - Initial chaining key: [78, 111, 105, 115, 101, 95, 88, 88]
[1785244125] [NOISE_PROTOCOL_DEBUG] WRITE_MESSAGE_START - Pattern: XX, Current: 0/3
[1785244125] [NOISE_PROTOCOL_DEBUG] WRITE_MESSAGE_PATTERNS - Processing patterns: [E]
[1785244125] [NOISE_PROTOCOL_DEBUG] WRITE_MESSAGE_PATTERN - Processing pattern: E
[1785244125] [NOISE_PROTOCOL_DEBUG] WRITE_MESSAGE_E - Generating ephemeral key
[1785244125] [NOISE_PROTOCOL_DEBUG] HANDSHAKE_INIT - Protocol name: Noise_XX_25519_ChaChaPoly_SHA256
[1785244125] [NOISE_PROTOCOL_DEBUG] HANDSHAKE_INIT - Initial hash: [78, 111, 105, 115, 101, 95, 88, 88]
[1785244125] [NOISE_PROTOCOL_DEBUG] HANDSHAKE_INIT - Initial chaining key: [78, 111, 105, 115, 101, 95, 88, 88]
[1785244125] [NOISE_PROTOCOL_DEBUG] HANDSHAKE_INIT - Protocol name: Noise_XX_25519_ChaChaPoly_SHA256
[1785244125] [NOISE_PROTOCOL_DEBUG] HANDSHAKE_INIT - Initial hash: [78, 111, 105, 115, 101, 95, 88, 88]
[1785244125] [NOISE_PROTOCOL_DEBUG] HANDSHAKE_INIT - Initial chaining key: [78, 111, 105, 115, 101, 95, 88, 88]
[1785244125] [NOISE_PROTOCOL_DEBUG] WRITE_MESSAGE_E_DONE - Ephemeral key generated, buffer size: 32
[1785244125] [NOISE_PROTOCOL_DEBUG] WRITE_MESSAGE_ENCRYPT - Encrypting payload of 0 bytes
[1785244125] [NOISE_PROTOCOL_DEBUG] WRITE_MESSAGE_ENCRYPT_DONE - Payload encrypted, total buffer size: 32
[1785244125] [NOISE_PROTOCOL_DEBUG] WRITE_MESSAGE_COMPLETE - Message written, pattern 0 complete
[1785244125] [NOISE_PROTOCOL_DEBUG] WRITE_MESSAGE_START - Pattern: XX, Current: 0/3
[1785244125] [NOISE_PROTOCOL_DEBUG] WRITE_MESSAGE_PATTERNS - Processing patterns: [E]
[1785244125] [NOISE_PROTOCOL_DEBUG] WRITE_MESSAGE_PATTERN - Processing pattern: E
[1785244125] [NOISE_PROTOCOL_DEBUG] WRITE_MESSAGE_E - Generating ephemeral key
[1785244125] [NOISE_PROTOCOL_DEBUG] WRITE_MESSAGE_START - Pattern: XX, Current: 0/3
[1785244125] [NOISE_PROTOCOL_DEBUG] WRITE_MESSAGE_PATTERNS - Processing patterns: [E]
[1785244125] [NOISE_PROTOCOL_DEBUG] WRITE_MESSAGE_PATTERN - Processing pattern: E
[1785244125] [NOISE_PROTOCOL_DEBUG] WRITE_MESSAGE_E - Generating ephemeral key
[1785244125] [NOISE_PROTOCOL_DEBUG] HANDSHAKE_INIT - Protocol name: Noise_XX_25519_ChaChaPoly_SHA256
[1785244125] [NOISE_PROTOCOL_DEBUG] HANDSHAKE_INIT - Protocol name: Noise_XX_25519_ChaChaPoly_SHA256
[1785244125] [NOISE_PROTOCOL_DEBUG] HANDSHAKE_INIT - Initial hash: [78, 111, 105, 115, 101, 95, 88, 88]
[1785244125] [NOISE_PROTOCOL_DEBUG] HANDSHAKE_INIT - Initial hash: [78, 111, 105, 115, 101, 95, 88, 88]
[1785244125] [NOISE_PROTOCOL_DEBUG] HANDSHAKE_INIT - Initial chaining key: [78, 111, 105, 115, 101, 95, 88, 88]
[1785244125] [NOISE_PROTOCOL_DEBUG] HANDSHAKE_INIT - Initial chaining key: [78, 111, 105, 115, 101, 95, 88, 88]
[1785244125] [NOISE_PROTOCOL_DEBUG] WRITE_MESSAGE_E_DONE - Ephemeral key generated, buffer size: 32
[1785244125] [NOISE_PROTOCOL_DEBUG] WRITE_MESSAGE_ENCRYPT - Encrypting payload of 0 bytes
[1785244125] [NOISE_PROTOCOL_DEBUG] WRITE_MESSAGE_ENCRYPT_DONE - Payload encrypted, total buffer size: 32
[1785244125] [NOISE_PROTOCOL_DEBUG] WRITE_MESSAGE_COMPLETE - Message written, pattern 0 complete
[1785244125] [NOISE_PROTOCOL_DEBUG] WRITE_MESSAGE_E_DONE - Ephemeral key generated, buffer size: 32
[1785244125] [NOISE_PROTOCOL_DEBUG] WRITE_MESSAGE_ENCRYPT - Encrypting payload of 0 bytes
[1785244125] [NOISE_PROTOCOL_DEBUG] READ_MESSAGE_START - Pattern: XX, Current: 0/3
[1785244125] [NOISE_PROTOCOL_DEBUG] READ_MESSAGE_HASH_BEFORE - Hash before read: [243, 209, 94, 97, 8, 237, 149, 86]
[1785244125] [NOISE_PROTOCOL_DEBUG] WRITE_MESSAGE_ENCRYPT_DONE - Payload encrypted, total buffer size: 32
[1785244125] [NOISE_PROTOCOL_DEBUG] READ_MESSAGE_PATTERNS - Processing patterns: [E]
[1785244125] [NOISE_PROTOCOL_DEBUG] HANDSHAKE_INIT - Protocol name: Noise_XX_25519_ChaChaPoly_SHA256
[1785244125] [NOISE_PROTOCOL_DEBUG] WRITE_MESSAGE_START - Pattern: XX, Current: 0/3
[1785244125] [NOISE_PROTOCOL_DEBUG] READ_MESSAGE_PATTERN - Processing pattern: E
[1785244125] [NOISE_PROTOCOL_DEBUG] WRITE_MESSAGE_COMPLETE - Message written, pattern 0 complete
[1785244125] [NOISE_PROTOCOL_DEBUG] HANDSHAKE_INIT - Initial hash: [78, 111, 105, 115, 101, 95, 88, 88]
[1785244125] [NOISE_PROTOCOL_DEBUG] WRITE_MESSAGE_PATTERNS - Processing patterns: [E]
[1785244125] [NOISE_PROTOCOL_DEBUG] READ_MESSAGE_HASH_BEFORE_PATTERN - Hash before pattern: [243, 209, 94, 97, 8, 237, 149, 86]
[1785244125] [NOISE_PROTOCOL_DEBUG] HANDSHAKE_INIT - Initial chaining key: [78, 111, 105, 115, 101, 95, 88, 88]
[1785244125] [NOISE_PROTOCOL_DEBUG] WRITE_MESSAGE_PATTERN - Processing pattern: E
[1785244125] [NOISE_PROTOCOL_DEBUG] READ_MESSAGE_E - Reading ephemeral key
[1785244125] [NOISE_PROTOCOL_DEBUG] WRITE_MESSAGE_E - Generating ephemeral key
[1785244125] [NOISE_PROTOCOL_DEBUG] READ_MESSAGE_E_BYTES - Ephemeral key bytes: [54, 181, 93, 20, 3, 20, 171, 28]
[1785244125] [NOISE_PROTOCOL_DEBUG] HANDSHAKE_INIT - Protocol name: Noise_XX_25519_ChaChaPoly_SHA256
[1785244125] [NOISE_PROTOCOL_DEBUG] HANDSHAKE_INIT - Initial hash: [78, 111, 105, 115, 101, 95, 88, 88]
[1785244125] [NOISE_PROTOCOL_DEBUG] READ_MESSAGE_E_DONE - Ephemeral key read, offset: 32
[1785244125] [NOISE_PROTOCOL_DEBUG] HANDSHAKE_INIT - Initial chaining key: [78, 111, 105, 115, 101, 95, 88, 88]
[1785244125] [NOISE_PROTOCOL_DEBUG] READ_MESSAGE_HASH_AFTER_PATTERN - Hash after pattern E: [111, 19, 240, 61, 48, 150, 16, 89]
[1785244125] [NOISE_PROTOCOL_DEBUG] READ_MESSAGE_PAYLOAD - Decrypting payload, length: 0
[1785244125] [NOISE_PROTOCOL_DEBUG] DECRYPT_AND_HASH - No cipher key, treating as plaintext, length: 0
[1785244125] [NOISE_PROTOCOL_DEBUG] DECRYPT_AND_HASH_PLAINTEXT - Hash mixed with plaintext
[1785244125] [NOISE_PROTOCOL_DEBUG] READ_MESSAGE_PAYLOAD_SUCCESS - Payload decrypted successfully, length: 0
[1785244125] [NOISE_PROTOCOL_DEBUG] READ_MESSAGE_COMPLETE - Message read successfully, new pattern: 1/3
[1785244125] [NOISE_PROTOCOL_DEBUG] READ_MESSAGE_HASH_AFTER - Hash after read: [90, 204, 150, 73, 36, 82, 149, 96]
[1785244125] [NOISE_PROTOCOL_DEBUG] WRITE_MESSAGE_START - Pattern: XX, Current: 1/3
[1785244125] [NOISE_PROTOCOL_DEBUG] WRITE_MESSAGE_PATTERNS - Processing patterns: [E, EE, S, ES]
[1785244125] [NOISE_PROTOCOL_DEBUG] WRITE_MESSAGE_PATTERN - Processing pattern: E
[1785244125] [NOISE_PROTOCOL_DEBUG] WRITE_MESSAGE_E - Generating ephemeral key
[1785244125] [NOISE_PROTOCOL_DEBUG] READ_MESSAGE_START - Pattern: XX, Current: 0/3
[1785244125] [NOISE_PROTOCOL_DEBUG] READ_MESSAGE_HASH_BEFORE - Hash before read: [243, 209, 94, 97, 8, 237, 149, 86]
[1785244125] [NOISE_PROTOCOL_DEBUG] READ_MESSAGE_PATTERNS - Processing patterns: [E]
[1785244125] [NOISE_PROTOCOL_DEBUG] READ_MESSAGE_PATTERN - Processing pattern: E
[1785244125] [NOISE_PROTOCOL_DEBUG] READ_MESSAGE_HASH_BEFORE_PATTERN - Hash before pattern: [243, 209, 94, 97, 8, 237, 149, 86]
[1785244125] [NOISE_PROTOCOL_DEBUG] WRITE_MESSAGE_E_DONE - Ephemeral key generated, buffer size: 32
[1785244125] [NOISE_PROTOCOL_DEBUG] READ_MESSAGE_START - Pattern: XX, Current: 0/3
[1785244125] [NOISE_PROTOCOL_DEBUG] READ_MESSAGE_E - Reading ephemeral key
[1785244125] [NOISE_PROTOCOL_DEBUG] WRITE_MESSAGE_ENCRYPT - Encrypting payload of 0 bytes
[1785244125] [NOISE_PROTOCOL_DEBUG] READ_MESSAGE_HASH_BEFORE - Hash before read: [243, 209, 94, 97, 8, 237, 149, 86]
[1785244125] [NOISE_PROTOCOL_DEBUG] READ_MESSAGE_E_BYTES - Ephemeral key bytes: [71, 7, 30, 105, 69, 231, 111, 199]
[1785244125] [NOISE_PROTOCOL_DEBUG] READ_MESSAGE_PATTERNS - Processing patterns: [E]
[1785244125] [NOISE_PROTOCOL_DEBUG] WRITE_MESSAGE_ENCRYPT_DONE - Payload encrypted, total buffer size: 32
[1785244125] [NOISE_PROTOCOL_DEBUG] READ_MESSAGE_E_DONE - Ephemeral key read, offset: 32
[1785244125] [NOISE_PROTOCOL_DEBUG] READ_MESSAGE_PATTERN - Processing pattern: E
[1785244125] [NOISE_PROTOCOL_DEBUG] WRITE_MESSAGE_COMPLETE - Message written, pattern 0 complete
[1785244125] [NOISE_PROTOCOL_DEBUG] READ_MESSAGE_HASH_BEFORE_PATTERN - Hash before pattern: [243, 209, 94, 97, 8, 237, 149, 86]
[1785244125] [NOISE_PROTOCOL_DEBUG] READ_MESSAGE_HASH_AFTER_PATTERN - Hash after pattern E: [76, 247, 47, 97, 28, 145, 183, 174]
[1785244125] [NOISE_PROTOCOL_DEBUG] READ_MESSAGE_E - Reading ephemeral key
[1785244125] [NOISE_PROTOCOL_DEBUG] READ_MESSAGE_PAYLOAD - Decrypting payload, length: 0
[1785244125] [NOISE_PROTOCOL_DEBUG] READ_MESSAGE_E_BYTES - Ephemeral key bytes: [32, 229, 67, 188, 86, 192, 191, 89]
[1785244125] [NOISE_PROTOCOL_DEBUG] DECRYPT_AND_HASH - No cipher key, treating as plaintext, length: 0
[1785244125] [NOISE_PROTOCOL_DEBUG] WRITE_MESSAGE_E_DONE - Ephemeral key generated, buffer size: 32
[1785244125] [NOISE_PROTOCOL_DEBUG] DECRYPT_AND_HASH_PLAINTEXT - Hash mixed with plaintext
[1785244125] [NOISE_PROTOCOL_DEBUG] WRITE_MESSAGE_PATTERN - Processing pattern: EE
[1785244125] [NOISE_PROTOCOL_DEBUG] READ_MESSAGE_E_DONE - Ephemeral key read, offset: 32
[1785244125] [NOISE_PROTOCOL_DEBUG] HANDSHAKE_INIT - Protocol name: Noise_XX_25519_ChaChaPoly_SHA256
[1785244125] [NOISE_PROTOCOL_DEBUG] READ_MESSAGE_PAYLOAD_SUCCESS - Payload decrypted successfully, length: 0
[1785244125] [NOISE_PROTOCOL_DEBUG] READ_MESSAGE_HASH_AFTER_PATTERN - Hash after pattern E: [177, 179, 142, 12, 90, 56, 189, 157]
[1785244125] [NOISE_PROTOCOL_DEBUG] WRITE_MESSAGE_EE - Performing DH(ephemeral, ephemeral)
[1785244125] [NOISE_PROTOCOL_DEBUG] HANDSHAKE_INIT - Initial hash: [78, 111, 105, 115, 101, 95, 88, 88]
[1785244125] [NOISE_PROTOCOL_DEBUG] READ_MESSAGE_COMPLETE - Message read successfully, new pattern: 1/3
[1785244125] [NOISE_PROTOCOL_DEBUG] READ_MESSAGE_PAYLOAD - Decrypting payload, length: 0
[1785244125] [NOISE_PROTOCOL_DEBUG] HANDSHAKE_INIT - Initial chaining key: [78, 111, 105, 115, 101, 95, 88, 88]
[1785244125] [NOISE_PROTOCOL_DEBUG] READ_MESSAGE_HASH_AFTER - Hash after read: [51, 118, 151, 184, 36, 66, 235, 216]
[1785244125] [NOISE_PROTOCOL_DEBUG] DECRYPT_AND_HASH - No cipher key, treating as plaintext, length: 0
[1785244125] [NOISE_PROTOCOL_DEBUG] WRITE_MESSAGE_START - Pattern: XX, Current: 1/3
[1785244125] [NOISE_PROTOCOL_DEBUG] DECRYPT_AND_HASH_PLAINTEXT - Hash mixed with plaintext
[1785244125] [NOISE_PROTOCOL_DEBUG] WRITE_MESSAGE_PATTERNS - Processing patterns: [E, EE, S, ES]
[1785244125] [NOISE_PROTOCOL_DEBUG] READ_MESSAGE_PAYLOAD_SUCCESS - Payload decrypted successfully, length: 0
[1785244125] [NOISE_PROTOCOL_DEBUG] WRITE_MESSAGE_PATTERN - Processing pattern: E
[1785244125] [NOISE_PROTOCOL_DEBUG] READ_MESSAGE_COMPLETE - Message read successfully, new pattern: 1/3
[1785244125] [NOISE_PROTOCOL_DEBUG] WRITE_MESSAGE_E - Generating ephemeral key
[1785244125] [NOISE_PROTOCOL_DEBUG] READ_MESSAGE_HASH_AFTER - Hash after read: [97, 21, 189, 1, 148, 25, 10, 222]
[1785244125] [NOISE_PROTOCOL_DEBUG] WRITE_MESSAGE_START - Pattern: XX, Current: 1/3
[1785244125] [NOISE_PROTOCOL_DEBUG] WRITE_MESSAGE_PATTERNS - Processing patterns: [E, EE, S, ES]
[1785244125] [NOISE_PROTOCOL_DEBUG] WRITE_MESSAGE_PATTERN - Processing pattern: E
[1785244125] [NOISE_PROTOCOL_DEBUG] WRITE_MESSAGE_E - Generating ephemeral key
[1785244125] [NOISE_PROTOCOL_DEBUG] READ_MESSAGE_START - Pattern: XX, Current: 0/3
[1785244125] [NOISE_PROTOCOL_DEBUG] READ_MESSAGE_HASH_BEFORE - Hash before read: [243, 209, 94, 97, 8, 237, 149, 86]
[1785244125] [NOISE_PROTOCOL_DEBUG] READ_MESSAGE_PATTERNS - Processing patterns: [E]
[1785244125] [NOISE_PROTOCOL_DEBUG] READ_MESSAGE_PATTERN - Processing pattern: E
[1785244125] [NOISE_PROTOCOL_DEBUG] READ_MESSAGE_HASH_BEFORE_PATTERN - Hash before pattern: [243, 209, 94, 97, 8, 237, 149, 86]
[1785244125] [NOISE_PROTOCOL_DEBUG] READ_MESSAGE_E - Reading ephemeral key
[1785244125] [NOISE_PROTOCOL_DEBUG] READ_MESSAGE_E_BYTES - Ephemeral key bytes: [21, 109, 243, 11, 146, 144, 5, 38]
[1785244125] [NOISE_PROTOCOL_DEBUG] READ_MESSAGE_E_DONE - Ephemeral key read, offset: 32
[1785244125] [NOISE_PROTOCOL_DEBUG] READ_MESSAGE_HASH_AFTER_PATTERN - Hash after pattern E: [163, 129, 212, 97, 140, 27, 9, 88]
[1785244125] [NOISE_PROTOCOL_DEBUG] WRITE_MESSAGE_E_DONE - Ephemeral key generated, buffer size: 32
[1785244125] [NOISE_PROTOCOL_DEBUG] READ_MESSAGE_PAYLOAD - Decrypting payload, length: 0
[1785244125] [NOISE_PROTOCOL_DEBUG] WRITE_MESSAGE_PATTERN - Processing pattern: EE
[1785244125] [NOISE_PROTOCOL_DEBUG] DECRYPT_AND_HASH - No cipher key, treating as plaintext, length: 0
[1785244125] [NOISE_PROTOCOL_DEBUG] WRITE_MESSAGE_EE - Performing DH(ephemeral, ephemeral)
[1785244125] [NOISE_PROTOCOL_DEBUG] DECRYPT_AND_HASH_PLAINTEXT - Hash mixed with plaintext
[1785244125] [NOISE_PROTOCOL_DEBUG] READ_MESSAGE_PAYLOAD_SUCCESS - Payload decrypted successfully, length: 0
[1785244125] [NOISE_PROTOCOL_DEBUG] WRITE_MESSAGE_E_DONE - Ephemeral key generated, buffer size: 32
[1785244125] [NOISE_PROTOCOL_DEBUG] READ_MESSAGE_COMPLETE - Message read successfully, new pattern: 1/3
[1785244125] [NOISE_PROTOCOL_DEBUG] WRITE_MESSAGE_PATTERN - Processing pattern: EE
[1785244125] [NOISE_PROTOCOL_DEBUG] READ_MESSAGE_HASH_AFTER - Hash after read: [173, 3, 147, 160, 92, 96, 3, 194]
[1785244125] [NOISE_PROTOCOL_DEBUG] WRITE_MESSAGE_EE - Performing DH(ephemeral, ephemeral)
[1785244125] [NOISE_PROTOCOL_DEBUG] WRITE_MESSAGE_START - Pattern: XX, Current: 1/3
[1785244125] [NOISE_PROTOCOL_DEBUG] WRITE_MESSAGE_PATTERNS - Processing patterns: [E, EE, S, ES]
[1785244125] [NOISE_PROTOCOL_DEBUG] WRITE_MESSAGE_PATTERN - Processing pattern: E
[1785244125] [NOISE_PROTOCOL_DEBUG] WRITE_MESSAGE_E - Generating ephemeral key
[1785244125] [NOISE_PROTOCOL_DEBUG] WRITE_MESSAGE_EE_DONE - DH(ephemeral, ephemeral) completed
[1785244125] [NOISE_PROTOCOL_DEBUG] WRITE_MESSAGE_PATTERN - Processing pattern: S
[1785244125] [NOISE_PROTOCOL_DEBUG] WRITE_MESSAGE_S - Sending static key
[1785244125] [NOISE_PROTOCOL_DEBUG] CIPHER_ENCRYPT - Encrypting with key, plaintext length: 32
[1785244125] [NOISE_PROTOCOL_DEBUG] CIPHER_ENCRYPT_KEY - Key length: 32
[1785244125] [NOISE_PROTOCOL_DEBUG] CIPHER_ENCRYPT_NONCE - Current nonce: 0
[1785244125] [NOISE_PROTOCOL_DEBUG] WRITE_MESSAGE_E_DONE - Ephemeral key generated, buffer size: 32
[1785244125] [NOISE_PROTOCOL_DEBUG] CIPHER_ENCRYPT_ASSOCIATED_DATA - Associated data length: 32
[1785244125] [NOISE_PROTOCOL_DEBUG] WRITE_MESSAGE_PATTERN - Processing pattern: EE
[1785244125] [NOISE_PROTOCOL_DEBUG] WRITE_MESSAGE_EE - Performing DH(ephemeral, ephemeral)
[1785244125] [NOISE_PROTOCOL_DEBUG] CIPHER_ENCRYPT_SUCCESS - Encryption successful, ciphertext length: 48
[1785244125] [NOISE_PROTOCOL_DEBUG] WRITE_MESSAGE_S_DONE - Static key encrypted and sent, buffer size: 80
[1785244125] [NOISE_PROTOCOL_DEBUG] WRITE_MESSAGE_PATTERN - Processing pattern: ES
[1785244125] [NOISE_PROTOCOL_DEBUG] WRITE_MESSAGE_ES - Performing DH(ephemeral, static), role: Responder
[1785244125] [NOISE_PROTOCOL_DEBUG] WRITE_MESSAGE_EE_DONE - DH(ephemeral, ephemeral) completed
[1785244125] [NOISE_PROTOCOL_DEBUG] WRITE_MESSAGE_PATTERN - Processing pattern: S
[1785244125] [NOISE_PROTOCOL_DEBUG] WRITE_MESSAGE_S - Sending static key
[1785244125] [NOISE_PROTOCOL_DEBUG] CIPHER_ENCRYPT - Encrypting with key, plaintext length: 32
[1785244125] [NOISE_PROTOCOL_DEBUG] WRITE_MESSAGE_EE_DONE - DH(ephemeral, ephemeral) completed
[1785244125] [NOISE_PROTOCOL_DEBUG] CIPHER_ENCRYPT_KEY - Key length: 32
[1785244125] [NOISE_PROTOCOL_DEBUG] WRITE_MESSAGE_PATTERN - Processing pattern: S
[1785244125] [NOISE_PROTOCOL_DEBUG] CIPHER_ENCRYPT_NONCE - Current nonce: 0
[1785244125] [NOISE_PROTOCOL_DEBUG] WRITE_MESSAGE_S - Sending static key
[1785244125] [NOISE_PROTOCOL_DEBUG] CIPHER_ENCRYPT_ASSOCIATED_DATA - Associated data length: 32
[1785244125] [NOISE_PROTOCOL_DEBUG] CIPHER_ENCRYPT - Encrypting with key, plaintext length: 32
[1785244125] [NOISE_PROTOCOL_DEBUG] CIPHER_ENCRYPT_KEY - Key length: 32
[1785244125] [NOISE_PROTOCOL_DEBUG] CIPHER_ENCRYPT_NONCE - Current nonce: 0
[1785244125] [NOISE_PROTOCOL_DEBUG] CIPHER_ENCRYPT_ASSOCIATED_DATA - Associated data length: 32
[1785244125] [NOISE_PROTOCOL_DEBUG] WRITE_MESSAGE_EE_DONE - DH(ephemeral, ephemeral) completed
[1785244125] [NOISE_PROTOCOL_DEBUG] WRITE_MESSAGE_PATTERN - Processing pattern: S
[1785244125] [NOISE_PROTOCOL_DEBUG] WRITE_MESSAGE_S - Sending static key
[1785244125] [NOISE_PROTOCOL_DEBUG] CIPHER_ENCRYPT - Encrypting with key, plaintext length: 32
[1785244125] [NOISE_PROTOCOL_DEBUG] CIPHER_ENCRYPT_KEY - Key length: 32
[1785244125] [NOISE_PROTOCOL_DEBUG] CIPHER_ENCRYPT_NONCE - Current nonce: 0
[1785244125] [NOISE_PROTOCOL_DEBUG] CIPHER_ENCRYPT_ASSOCIATED_DATA - Associated data length: 32
[1785244125] [NOISE_PROTOCOL_DEBUG] CIPHER_ENCRYPT_SUCCESS - Encryption successful, ciphertext length: 48
[1785244125] [NOISE_PROTOCOL_DEBUG] CIPHER_ENCRYPT_SUCCESS - Encryption successful, ciphertext length: 48
[1785244125] [NOISE_PROTOCOL_DEBUG] WRITE_MESSAGE_S_DONE - Static key encrypted and sent, buffer size: 80
[1785244125] [NOISE_PROTOCOL_DEBUG] WRITE_MESSAGE_S_DONE - Static key encrypted and sent, buffer size: 80
[1785244125] [NOISE_PROTOCOL_DEBUG] WRITE_MESSAGE_PATTERN - Processing pattern: ES
[1785244125] [NOISE_PROTOCOL_DEBUG] WRITE_MESSAGE_PATTERN - Processing pattern: ES
[1785244125] [NOISE_PROTOCOL_DEBUG] WRITE_MESSAGE_ES - Performing DH(ephemeral, static), role: Responder
[1785244125] [NOISE_PROTOCOL_DEBUG] WRITE_MESSAGE_ES - Performing DH(ephemeral, static), role: Responder
[1785244125] [NOISE_PROTOCOL_DEBUG] CIPHER_ENCRYPT_SUCCESS - Encryption successful, ciphertext length: 48
[1785244125] [NOISE_PROTOCOL_DEBUG] WRITE_MESSAGE_S_DONE - Static key encrypted and sent, buffer size: 80
[1785244125] [NOISE_PROTOCOL_DEBUG] WRITE_MESSAGE_ES_DONE - DH(ephemeral, static) completed for responder
[1785244125] [NOISE_PROTOCOL_DEBUG] WRITE_MESSAGE_PATTERN - Processing pattern: ES
[1785244125] [NOISE_PROTOCOL_DEBUG] WRITE_MESSAGE_ENCRYPT - Encrypting payload of 0 bytes
[1785244125] [NOISE_PROTOCOL_DEBUG] WRITE_MESSAGE_ES - Performing DH(ephemeral, static), role: Responder
[1785244125] [NOISE_PROTOCOL_DEBUG] CIPHER_ENCRYPT - Encrypting with key, plaintext length: 0
[1785244125] [NOISE_PROTOCOL_DEBUG] CIPHER_ENCRYPT_KEY - Key length: 32
[1785244125] [NOISE_PROTOCOL_DEBUG] CIPHER_ENCRYPT_NONCE - Current nonce: 0
[1785244125] [NOISE_PROTOCOL_DEBUG] CIPHER_ENCRYPT_ASSOCIATED_DATA - Associated data length: 32
[1785244125] [NOISE_PROTOCOL_DEBUG] CIPHER_ENCRYPT_SUCCESS - Encryption successful, ciphertext length: 16
[1785244125] [NOISE_PROTOCOL_DEBUG] WRITE_MESSAGE_ENCRYPT_DONE - Payload encrypted, total buffer size: 96
[1785244125] [NOISE_PROTOCOL_DEBUG] WRITE_MESSAGE_COMPLETE - Message written, pattern 1 complete
[1785244125] [NOISE_PROTOCOL_DEBUG] READ_MESSAGE_START - Pattern: XX, Current: 1/3
[1785244125] [NOISE_PROTOCOL_DEBUG] READ_MESSAGE_HASH_BEFORE - Hash before read: [90, 204, 150, 73, 36, 82, 149, 96]
[1785244125] [NOISE_PROTOCOL_DEBUG] READ_MESSAGE_PATTERNS - Processing patterns: [E, EE, S, ES]
[1785244125] [NOISE_PROTOCOL_DEBUG] READ_MESSAGE_PATTERN - Processing pattern: E
[1785244125] [NOISE_PROTOCOL_DEBUG] READ_MESSAGE_HASH_BEFORE_PATTERN - Hash before pattern: [90, 204, 150, 73, 36, 82, 149, 96]
[1785244125] [NOISE_PROTOCOL_DEBUG] READ_MESSAGE_E - Reading ephemeral key
[1785244125] [NOISE_PROTOCOL_DEBUG] READ_MESSAGE_E_BYTES - Ephemeral key bytes: [226, 149, 222, 89, 206, 209, 189, 122]
[1785244125] [NOISE_PROTOCOL_DEBUG] READ_MESSAGE_E_DONE - Ephemeral key read, offset: 32
[1785244125] [NOISE_PROTOCOL_DEBUG] READ_MESSAGE_HASH_AFTER_PATTERN - Hash after pattern E: [119, 114, 5, 123, 249, 102, 1, 169]
[1785244125] [NOISE_PROTOCOL_DEBUG] READ_MESSAGE_PATTERN - Processing pattern: EE
[1785244125] [NOISE_PROTOCOL_DEBUG] READ_MESSAGE_HASH_BEFORE_PATTERN - Hash before pattern: [119, 114, 5, 123, 249, 102, 1, 169]
[1785244125] [NOISE_PROTOCOL_DEBUG] READ_MESSAGE_EE - Performing DH(ephemeral, ephemeral)
[1785244125] [NOISE_PROTOCOL_DEBUG] WRITE_MESSAGE_ES_DONE - DH(ephemeral, static) completed for responder
[1785244125] [NOISE_PROTOCOL_DEBUG] WRITE_MESSAGE_ENCRYPT - Encrypting payload of 0 bytes
[1785244125] [NOISE_PROTOCOL_DEBUG] CIPHER_ENCRYPT - Encrypting with key, plaintext length: 0
[1785244125] [NOISE_PROTOCOL_DEBUG] CIPHER_ENCRYPT_KEY - Key length: 32
[1785244125] [NOISE_PROTOCOL_DEBUG] CIPHER_ENCRYPT_NONCE - Current nonce: 0
[1785244125] [NOISE_PROTOCOL_DEBUG] CIPHER_ENCRYPT_ASSOCIATED_DATA - Associated data length: 32
[1785244125] [NOISE_PROTOCOL_DEBUG] WRITE_MESSAGE_ES_DONE - DH(ephemeral, static) completed for responder
[1785244125] [NOISE_PROTOCOL_DEBUG] WRITE_MESSAGE_ES_DONE - DH(ephemeral, static) completed for responder
[1785244125] [NOISE_PROTOCOL_DEBUG] WRITE_MESSAGE_ENCRYPT - Encrypting payload of 0 bytes
[1785244125] [NOISE_PROTOCOL_DEBUG] WRITE_MESSAGE_ENCRYPT - Encrypting payload of 0 bytes
[1785244125] [NOISE_PROTOCOL_DEBUG] CIPHER_ENCRYPT - Encrypting with key, plaintext length: 0
[1785244125] [NOISE_PROTOCOL_DEBUG] CIPHER_ENCRYPT - Encrypting with key, plaintext length: 0
[1785244125] [NOISE_PROTOCOL_DEBUG] CIPHER_ENCRYPT_KEY - Key length: 32
[1785244125] [NOISE_PROTOCOL_DEBUG] CIPHER_ENCRYPT_KEY - Key length: 32
[1785244125] [NOISE_PROTOCOL_DEBUG] CIPHER_ENCRYPT_NONCE - Current nonce: 0
[1785244125] [NOISE_PROTOCOL_DEBUG] CIPHER_ENCRYPT_NONCE - Current nonce: 0
[1785244125] [NOISE_PROTOCOL_DEBUG] CIPHER_ENCRYPT_ASSOCIATED_DATA - Associated data length: 32
[1785244125] [NOISE_PROTOCOL_DEBUG] CIPHER_ENCRYPT_ASSOCIATED_DATA - Associated data length: 32
[1785244125] [NOISE_PROTOCOL_DEBUG] CIPHER_ENCRYPT_SUCCESS - Encryption successful, ciphertext length: 16
[1785244125] [NOISE_PROTOCOL_DEBUG] WRITE_MESSAGE_ENCRYPT_DONE - Payload encrypted, total buffer size: 96
[1785244125] [NOISE_PROTOCOL_DEBUG] WRITE_MESSAGE_COMPLETE - Message written, pattern 1 complete
[1785244125] [NOISE_PROTOCOL_DEBUG] CIPHER_ENCRYPT_SUCCESS - Encryption successful, ciphertext length: 16
[1785244125] [NOISE_PROTOCOL_DEBUG] CIPHER_ENCRYPT_SUCCESS - Encryption successful, ciphertext length: 16
[1785244125] [NOISE_PROTOCOL_DEBUG] READ_MESSAGE_START - Pattern: XX, Current: 1/3
[1785244125] [NOISE_PROTOCOL_DEBUG] READ_MESSAGE_HASH_BEFORE - Hash before read: [173, 3, 147, 160, 92, 96, 3, 194]
[1785244125] [NOISE_PROTOCOL_DEBUG] WRITE_MESSAGE_ENCRYPT_DONE - Payload encrypted, total buffer size: 96
[1785244125] [NOISE_PROTOCOL_DEBUG] WRITE_MESSAGE_ENCRYPT_DONE - Payload encrypted, total buffer size: 96
[1785244125] [NOISE_PROTOCOL_DEBUG] READ_MESSAGE_PATTERNS - Processing patterns: [E, EE, S, ES]
[1785244125] [NOISE_PROTOCOL_DEBUG] WRITE_MESSAGE_COMPLETE - Message written, pattern 1 complete
[1785244125] [NOISE_PROTOCOL_DEBUG] WRITE_MESSAGE_COMPLETE - Message written, pattern 1 complete
[1785244125] [NOISE_PROTOCOL_DEBUG] READ_MESSAGE_PATTERN - Processing pattern: E
[1785244125] [NOISE_PROTOCOL_DEBUG] READ_MESSAGE_HASH_BEFORE_PATTERN - Hash before pattern: [173, 3, 147, 160, 92, 96, 3, 194]
[1785244125] [NOISE_PROTOCOL_DEBUG] READ_MESSAGE_E - Reading ephemeral key
[1785244125] [NOISE_PROTOCOL_DEBUG] READ_MESSAGE_E_BYTES - Ephemeral key bytes: [18, 177, 210, 57, 192, 72, 71, 223]
[1785244125] [NOISE_PROTOCOL_DEBUG] READ_MESSAGE_START - Pattern: XX, Current: 1/3
[1785244125] [NOISE_PROTOCOL_DEBUG] READ_MESSAGE_START - Pattern: XX, Current: 1/3
[1785244125] [NOISE_PROTOCOL_DEBUG] READ_MESSAGE_E_DONE - Ephemeral key read, offset: 32
[1785244125] [NOISE_PROTOCOL_DEBUG] READ_MESSAGE_HASH_BEFORE - Hash before read: [97, 21, 189, 1, 148, 25, 10, 222]
[1785244125] [NOISE_PROTOCOL_DEBUG] READ_MESSAGE_HASH_BEFORE - Hash before read: [51, 118, 151, 184, 36, 66, 235, 216]
[1785244125] [NOISE_PROTOCOL_DEBUG] READ_MESSAGE_HASH_AFTER_PATTERN - Hash after pattern E: [166, 6, 90, 44, 136, 38, 243, 69]
[1785244125] [NOISE_PROTOCOL_DEBUG] READ_MESSAGE_PATTERNS - Processing patterns: [E, EE, S, ES]
[1785244125] [NOISE_PROTOCOL_DEBUG] READ_MESSAGE_PATTERNS - Processing patterns: [E, EE, S, ES]
[1785244125] [NOISE_PROTOCOL_DEBUG] READ_MESSAGE_PATTERN - Processing pattern: EE
[1785244125] [NOISE_PROTOCOL_DEBUG] READ_MESSAGE_PATTERN - Processing pattern: E
[1785244125] [NOISE_PROTOCOL_DEBUG] READ_MESSAGE_PATTERN - Processing pattern: E
[1785244125] [NOISE_PROTOCOL_DEBUG] READ_MESSAGE_HASH_BEFORE_PATTERN - Hash before pattern: [166, 6, 90, 44, 136, 38, 243, 69]
[1785244125] [NOISE_PROTOCOL_DEBUG] READ_MESSAGE_HASH_BEFORE_PATTERN - Hash before pattern: [51, 118, 151, 184, 36, 66, 235, 216]
[1785244125] [NOISE_PROTOCOL_DEBUG] READ_MESSAGE_HASH_BEFORE_PATTERN - Hash before pattern: [97, 21, 189, 1, 148, 25, 10, 222]
[1785244125] [NOISE_PROTOCOL_DEBUG] READ_MESSAGE_EE - Performing DH(ephemeral, ephemeral)
[1785244125] [NOISE_PROTOCOL_DEBUG] READ_MESSAGE_E - Reading ephemeral key
[1785244125] [NOISE_PROTOCOL_DEBUG] READ_MESSAGE_E - Reading ephemeral key
[1785244125] [NOISE_PROTOCOL_DEBUG] READ_MESSAGE_EE_DONE - DH(ephemeral, ephemeral) completed
[1785244125] [NOISE_PROTOCOL_DEBUG] READ_MESSAGE_E_BYTES - Ephemeral key bytes: [158, 213, 38, 69, 252, 144, 227, 42]
[1785244125] [NOISE_PROTOCOL_DEBUG] READ_MESSAGE_E_BYTES - Ephemeral key bytes: [146, 111, 113, 197, 143, 191, 97, 59]
[1785244125] [NOISE_PROTOCOL_DEBUG] READ_MESSAGE_HASH_AFTER_PATTERN - Hash after pattern EE: [119, 114, 5, 123, 249, 102, 1, 169]
[1785244125] [NOISE_PROTOCOL_DEBUG] READ_MESSAGE_PATTERN - Processing pattern: S
[1785244125] [NOISE_PROTOCOL_DEBUG] READ_MESSAGE_E_DONE - Ephemeral key read, offset: 32
[1785244125] [NOISE_PROTOCOL_DEBUG] READ_MESSAGE_E_DONE - Ephemeral key read, offset: 32
[1785244125] [NOISE_PROTOCOL_DEBUG] READ_MESSAGE_HASH_BEFORE_PATTERN - Hash before pattern: [119, 114, 5, 123, 249, 102, 1, 169]
[1785244125] [NOISE_PROTOCOL_DEBUG] READ_MESSAGE_HASH_AFTER_PATTERN - Hash after pattern E: [14, 209, 157, 53, 154, 180, 180, 63]
[1785244125] [NOISE_PROTOCOL_DEBUG] READ_MESSAGE_HASH_AFTER_PATTERN - Hash after pattern E: [227, 11, 59, 169, 145, 104, 215, 16]
[1785244125] [NOISE_PROTOCOL_DEBUG] READ_MESSAGE_S - Reading static key
[1785244125] [NOISE_PROTOCOL_DEBUG] READ_MESSAGE_PATTERN - Processing pattern: EE
[1785244125] [NOISE_PROTOCOL_DEBUG] READ_MESSAGE_PATTERN - Processing pattern: EE
[1785244125] [NOISE_PROTOCOL_DEBUG] READ_MESSAGE_S_CHECK - Checking static key length: need 48 bytes, available 64 bytes, has_cipher_key: true
[1785244125] [NOISE_PROTOCOL_DEBUG] READ_MESSAGE_HASH_BEFORE_PATTERN - Hash before pattern: [227, 11, 59, 169, 145, 104, 215, 16]
[1785244125] [NOISE_PROTOCOL_DEBUG] READ_MESSAGE_HASH_BEFORE_PATTERN - Hash before pattern: [14, 209, 157, 53, 154, 180, 180, 63]
[1785244125] [NOISE_PROTOCOL_DEBUG] READ_MESSAGE_S_DATA - Static key data length: 48, has_cipher_key: true
[1785244125] [NOISE_PROTOCOL_DEBUG] READ_MESSAGE_EE - Performing DH(ephemeral, ephemeral)
[1785244125] [NOISE_PROTOCOL_DEBUG] READ_MESSAGE_EE - Performing DH(ephemeral, ephemeral)
[1785244125] [NOISE_PROTOCOL_DEBUG] DECRYPT_AND_HASH - Decrypting with cipher key, ciphertext length: 48
[1785244125] [NOISE_PROTOCOL_DEBUG] DECRYPT_AND_HASH_HASH - Current hash length: 32
[1785244125] [NOISE_PROTOCOL_DEBUG] DECRYPT_AND_HASH_HASH_BYTES - Hash bytes: [119, 114, 5, 123, 249, 102, 1, 169]
[1785244125] [NOISE_PROTOCOL_DEBUG] CIPHER_DECRYPT - Decrypting with key, ciphertext length: 48
[1785244125] [NOISE_PROTOCOL_DEBUG] CIPHER_DECRYPT_SUCCESS - Decryption successful, plaintext length: 32
[1785244125] [NOISE_PROTOCOL_DEBUG] DECRYPT_AND_HASH_SUCCESS - Decryption successful, plaintext length: 32
[1785244125] [NOISE_PROTOCOL_DEBUG] DECRYPT_AND_HASH_HASH_MIXED - Hash mixed with ciphertext
[1785244125] [NOISE_PROTOCOL_DEBUG] READ_MESSAGE_S_DONE - Static key read and validated successfully
[1785244125] [NOISE_PROTOCOL_DEBUG] READ_MESSAGE_HASH_AFTER_PATTERN - Hash after pattern S: [219, 36, 153, 41, 27, 21, 204, 237]
[1785244125] [NOISE_PROTOCOL_DEBUG] READ_MESSAGE_PATTERN - Processing pattern: ES
[1785244125] [NOISE_PROTOCOL_DEBUG] READ_MESSAGE_HASH_BEFORE_PATTERN - Hash before pattern: [219, 36, 153, 41, 27, 21, 204, 237]
[1785244125] [NOISE_PROTOCOL_DEBUG] READ_MESSAGE_ES - Performing DH(ephemeral, static)
[1785244125] [NOISE_PROTOCOL_DEBUG] READ_MESSAGE_EE_DONE - DH(ephemeral, ephemeral) completed
[1785244125] [NOISE_PROTOCOL_DEBUG] READ_MESSAGE_HASH_AFTER_PATTERN - Hash after pattern EE: [166, 6, 90, 44, 136, 38, 243, 69]
[1785244125] [NOISE_PROTOCOL_DEBUG] READ_MESSAGE_PATTERN - Processing pattern: S
[1785244125] [NOISE_PROTOCOL_DEBUG] READ_MESSAGE_HASH_BEFORE_PATTERN - Hash before pattern: [166, 6, 90, 44, 136, 38, 243, 69]
[1785244125] [NOISE_PROTOCOL_DEBUG] READ_MESSAGE_S - Reading static key
[1785244125] [NOISE_PROTOCOL_DEBUG] READ_MESSAGE_S_CHECK - Checking static key length: need 48 bytes, available 64 bytes, has_cipher_key: true
[1785244125] [NOISE_PROTOCOL_DEBUG] READ_MESSAGE_S_DATA - Static key data length: 48, has_cipher_key: true
[1785244125] [NOISE_PROTOCOL_DEBUG] DECRYPT_AND_HASH - Decrypting with cipher key, ciphertext length: 48
[1785244125] [NOISE_PROTOCOL_DEBUG] DECRYPT_AND_HASH_HASH - Current hash length: 32
[1785244125] [NOISE_PROTOCOL_DEBUG] DECRYPT_AND_HASH_HASH_BYTES - Hash bytes: [166, 6, 90, 44, 136, 38, 243, 69]
[1785244125] [NOISE_PROTOCOL_DEBUG] CIPHER_DECRYPT - Decrypting with key, ciphertext length: 48
[1785244125] [NOISE_PROTOCOL_DEBUG] CIPHER_DECRYPT_SUCCESS - Decryption successful, plaintext length: 32
[1785244125] [NOISE_PROTOCOL_DEBUG] DECRYPT_AND_HASH_SUCCESS - Decryption successful, plaintext length: 32
[1785244125] [NOISE_PROTOCOL_DEBUG] DECRYPT_AND_HASH_HASH_MIXED - Hash mixed with ciphertext
[1785244125] [NOISE_PROTOCOL_DEBUG] READ_MESSAGE_EE_DONE - DH(ephemeral, ephemeral) completed
[1785244125] [NOISE_PROTOCOL_DEBUG] READ_MESSAGE_EE_DONE - DH(ephemeral, ephemeral) completed
[1785244125] [NOISE_PROTOCOL_DEBUG] READ_MESSAGE_S_DONE - Static key read and validated successfully
[1785244125] [NOISE_PROTOCOL_DEBUG] READ_MESSAGE_HASH_AFTER_PATTERN - Hash after pattern EE: [14, 209, 157, 53, 154, 180, 180, 63]
[1785244125] [NOISE_PROTOCOL_DEBUG] READ_MESSAGE_HASH_AFTER_PATTERN - Hash after pattern EE: [227, 11, 59, 169, 145, 104, 215, 16]
[1785244125] [NOISE_PROTOCOL_DEBUG] READ_MESSAGE_HASH_AFTER_PATTERN - Hash after pattern S: [210, 130, 205, 113, 0, 185, 202, 201]
[1785244125] [NOISE_PROTOCOL_DEBUG] READ_MESSAGE_PATTERN - Processing pattern: S
[1785244125] [NOISE_PROTOCOL_DEBUG] READ_MESSAGE_PATTERN - Processing pattern: S
[1785244125] [NOISE_PROTOCOL_DEBUG] READ_MESSAGE_PATTERN - Processing pattern: ES
[1785244125] [NOISE_PROTOCOL_DEBUG] READ_MESSAGE_HASH_BEFORE_PATTERN - Hash before pattern: [14, 209, 157, 53, 154, 180, 180, 63]
[1785244125] [NOISE_PROTOCOL_DEBUG] READ_MESSAGE_HASH_BEFORE_PATTERN - Hash before pattern: [227, 11, 59, 169, 145, 104, 215, 16]
[1785244125] [NOISE_PROTOCOL_DEBUG] READ_MESSAGE_HASH_BEFORE_PATTERN - Hash before pattern: [210, 130, 205, 113, 0, 185, 202, 201]
[1785244125] [NOISE_PROTOCOL_DEBUG] READ_MESSAGE_S - Reading static key
[1785244125] [NOISE_PROTOCOL_DEBUG] READ_MESSAGE_S - Reading static key
[1785244125] [NOISE_PROTOCOL_DEBUG] READ_MESSAGE_ES - Performing DH(ephemeral, static)
[1785244125] [NOISE_PROTOCOL_DEBUG] READ_MESSAGE_S_CHECK - Checking static key length: need 48 bytes, available 64 bytes, has_cipher_key: true
[1785244125] [NOISE_PROTOCOL_DEBUG] READ_MESSAGE_S_CHECK - Checking static key length: need 48 bytes, available 64 bytes, has_cipher_key: true
[1785244125] [NOISE_PROTOCOL_DEBUG] READ_MESSAGE_S_DATA - Static key data length: 48, has_cipher_key: true
[1785244125] [NOISE_PROTOCOL_DEBUG] READ_MESSAGE_S_DATA - Static key data length: 48, has_cipher_key: true
[1785244125] [NOISE_PROTOCOL_DEBUG] DECRYPT_AND_HASH - Decrypting with cipher key, ciphertext length: 48
[1785244125] [NOISE_PROTOCOL_DEBUG] DECRYPT_AND_HASH - Decrypting with cipher key, ciphertext length: 48
[1785244125] [NOISE_PROTOCOL_DEBUG] DECRYPT_AND_HASH_HASH - Current hash length: 32
[1785244125] [NOISE_PROTOCOL_DEBUG] DECRYPT_AND_HASH_HASH - Current hash length: 32
[1785244125] [NOISE_PROTOCOL_DEBUG] DECRYPT_AND_HASH_HASH_BYTES - Hash bytes: [227, 11, 59, 169, 145, 104, 215, 16]
[1785244125] [NOISE_PROTOCOL_DEBUG] DECRYPT_AND_HASH_HASH_BYTES - Hash bytes: [14, 209, 157, 53, 154, 180, 180, 63]
[1785244125] [NOISE_PROTOCOL_DEBUG] CIPHER_DECRYPT - Decrypting with key, ciphertext length: 48
[1785244125] [NOISE_PROTOCOL_DEBUG] CIPHER_DECRYPT - Decrypting with key, ciphertext length: 48
[1785244125] [NOISE_PROTOCOL_DEBUG] READ_MESSAGE_ES_DONE - DH(ephemeral, static) completed
[1785244125] [NOISE_PROTOCOL_DEBUG] READ_MESSAGE_HASH_AFTER_PATTERN - Hash after pattern ES: [219, 36, 153, 41, 27, 21, 204, 237]
[1785244125] [NOISE_PROTOCOL_DEBUG] READ_MESSAGE_PAYLOAD - Decrypting payload, length: 16
[1785244125] [NOISE_PROTOCOL_DEBUG] DECRYPT_AND_HASH - Decrypting with cipher key, ciphertext length: 16
[1785244125] [NOISE_PROTOCOL_DEBUG] DECRYPT_AND_HASH_HASH - Current hash length: 32
[1785244125] [NOISE_PROTOCOL_DEBUG] DECRYPT_AND_HASH_HASH_BYTES - Hash bytes: [219, 36, 153, 41, 27, 21, 204, 237]
[1785244125] [NOISE_PROTOCOL_DEBUG] CIPHER_DECRYPT - Decrypting with key, ciphertext length: 16
[1785244125] [NOISE_PROTOCOL_DEBUG] CIPHER_DECRYPT_SUCCESS - Decryption successful, plaintext length: 32
[1785244125] [NOISE_PROTOCOL_DEBUG] CIPHER_DECRYPT_SUCCESS - Decryption successful, plaintext length: 32
[1785244125] [NOISE_PROTOCOL_DEBUG] DECRYPT_AND_HASH_SUCCESS - Decryption successful, plaintext length: 32
[1785244125] [NOISE_PROTOCOL_DEBUG] DECRYPT_AND_HASH_SUCCESS - Decryption successful, plaintext length: 32
[1785244125] [NOISE_PROTOCOL_DEBUG] DECRYPT_AND_HASH_HASH_MIXED - Hash mixed with ciphertext
[1785244125] [NOISE_PROTOCOL_DEBUG] DECRYPT_AND_HASH_HASH_MIXED - Hash mixed with ciphertext
[1785244125] [NOISE_PROTOCOL_DEBUG] READ_MESSAGE_S_DONE - Static key read and validated successfully
[1785244125] [NOISE_PROTOCOL_DEBUG] READ_MESSAGE_S_DONE - Static key read and validated successfully
[1785244125] [NOISE_PROTOCOL_DEBUG] CIPHER_DECRYPT_SUCCESS - Decryption successful, plaintext length: 0
[1785244125] [NOISE_PROTOCOL_DEBUG] READ_MESSAGE_HASH_AFTER_PATTERN - Hash after pattern S: [98, 49, 179, 51, 194, 52, 51, 102]
[1785244125] [NOISE_PROTOCOL_DEBUG] READ_MESSAGE_HASH_AFTER_PATTERN - Hash after pattern S: [107, 101, 17, 22, 39, 45, 146, 42]
[1785244125] [NOISE_PROTOCOL_DEBUG] DECRYPT_AND_HASH_SUCCESS - Decryption successful, plaintext length: 0
[1785244125] [NOISE_PROTOCOL_DEBUG] READ_MESSAGE_PATTERN - Processing pattern: ES
[1785244125] [NOISE_PROTOCOL_DEBUG] READ_MESSAGE_PATTERN - Processing pattern: ES
[1785244125] [NOISE_PROTOCOL_DEBUG] READ_MESSAGE_HASH_BEFORE_PATTERN - Hash before pattern: [107, 101, 17, 22, 39, 45, 146, 42]
[1785244125] [NOISE_PROTOCOL_DEBUG] DECRYPT_AND_HASH_HASH_MIXED - Hash mixed with ciphertext
[1785244125] [NOISE_PROTOCOL_DEBUG] READ_MESSAGE_HASH_BEFORE_PATTERN - Hash before pattern: [98, 49, 179, 51, 194, 52, 51, 102]
[1785244125] [NOISE_PROTOCOL_DEBUG] READ_MESSAGE_ES - Performing DH(ephemeral, static)
[1785244125] [NOISE_PROTOCOL_DEBUG] READ_MESSAGE_PAYLOAD_SUCCESS - Payload decrypted successfully, length: 0
[1785244125] [NOISE_PROTOCOL_DEBUG] READ_MESSAGE_ES - Performing DH(ephemeral, static)
[1785244125] [NOISE_PROTOCOL_DEBUG] READ_MESSAGE_COMPLETE - Message read successfully, new pattern: 2/3
[1785244125] [NOISE_PROTOCOL_DEBUG] READ_MESSAGE_HASH_AFTER - Hash after read: [250, 144, 22, 192, 99, 235, 140, 206]
[1785244125] [NOISE_PROTOCOL_DEBUG] WRITE_MESSAGE_START - Pattern: XX, Current: 2/3
[1785244125] [NOISE_PROTOCOL_DEBUG] WRITE_MESSAGE_PATTERNS - Processing patterns: [S, SE]
[1785244125] [NOISE_PROTOCOL_DEBUG] WRITE_MESSAGE_PATTERN - Processing pattern: S
[1785244125] [NOISE_PROTOCOL_DEBUG] WRITE_MESSAGE_S - Sending static key
[1785244125] [NOISE_PROTOCOL_DEBUG] CIPHER_ENCRYPT - Encrypting with key, plaintext length: 32
[1785244125] [NOISE_PROTOCOL_DEBUG] CIPHER_ENCRYPT_KEY - Key length: 32
[1785244125] [NOISE_PROTOCOL_DEBUG] CIPHER_ENCRYPT_NONCE - Current nonce: 1
[1785244125] [NOISE_PROTOCOL_DEBUG] CIPHER_ENCRYPT_ASSOCIATED_DATA - Associated data length: 32
[1785244125] [NOISE_PROTOCOL_DEBUG] READ_MESSAGE_ES_DONE - DH(ephemeral, static) completed
[1785244125] [NOISE_PROTOCOL_DEBUG] READ_MESSAGE_HASH_AFTER_PATTERN - Hash after pattern ES: [210, 130, 205, 113, 0, 185, 202, 201]
[1785244125] [NOISE_PROTOCOL_DEBUG] READ_MESSAGE_PAYLOAD - Decrypting payload, length: 16
[1785244125] [NOISE_PROTOCOL_DEBUG] DECRYPT_AND_HASH - Decrypting with cipher key, ciphertext length: 16
[1785244125] [NOISE_PROTOCOL_DEBUG] DECRYPT_AND_HASH_HASH - Current hash length: 32
[1785244125] [NOISE_PROTOCOL_DEBUG] CIPHER_ENCRYPT_SUCCESS - Encryption successful, ciphertext length: 48
[1785244125] [NOISE_PROTOCOL_DEBUG] DECRYPT_AND_HASH_HASH_BYTES - Hash bytes: [210, 130, 205, 113, 0, 185, 202, 201]
[1785244125] [NOISE_PROTOCOL_DEBUG] CIPHER_DECRYPT - Decrypting with key, ciphertext length: 16
[1785244125] [NOISE_PROTOCOL_DEBUG] WRITE_MESSAGE_S_DONE - Static key encrypted and sent, buffer size: 48
[1785244125] [NOISE_PROTOCOL_DEBUG] WRITE_MESSAGE_PATTERN - Processing pattern: SE
[1785244125] [NOISE_PROTOCOL_DEBUG] WRITE_MESSAGE_SE - Performing DH(static, ephemeral), role: Initiator
[1785244125] [NOISE_PROTOCOL_DEBUG] CIPHER_DECRYPT_SUCCESS - Decryption successful, plaintext length: 0
[1785244125] [NOISE_PROTOCOL_DEBUG] DECRYPT_AND_HASH_SUCCESS - Decryption successful, plaintext length: 0
[1785244125] [NOISE_PROTOCOL_DEBUG] DECRYPT_AND_HASH_HASH_MIXED - Hash mixed with ciphertext
[1785244125] [NOISE_PROTOCOL_DEBUG] READ_MESSAGE_PAYLOAD_SUCCESS - Payload decrypted successfully, length: 0
[1785244125] [NOISE_PROTOCOL_DEBUG] READ_MESSAGE_COMPLETE - Message read successfully, new pattern: 2/3
[1785244125] [NOISE_PROTOCOL_DEBUG] READ_MESSAGE_HASH_AFTER - Hash after read: [228, 34, 76, 103, 176, 88, 107, 27]
[1785244125] [NOISE_PROTOCOL_DEBUG] WRITE_MESSAGE_START - Pattern: XX, Current: 2/3
[1785244125] [NOISE_PROTOCOL_DEBUG] WRITE_MESSAGE_PATTERNS - Processing patterns: [S, SE]
[1785244125] [NOISE_PROTOCOL_DEBUG] WRITE_MESSAGE_PATTERN - Processing pattern: S
[1785244125] [NOISE_PROTOCOL_DEBUG] WRITE_MESSAGE_S - Sending static key
[1785244125] [NOISE_PROTOCOL_DEBUG] CIPHER_ENCRYPT - Encrypting with key, plaintext length: 32
[1785244125] [NOISE_PROTOCOL_DEBUG] CIPHER_ENCRYPT_KEY - Key length: 32
[1785244125] [NOISE_PROTOCOL_DEBUG] CIPHER_ENCRYPT_NONCE - Current nonce: 1
[1785244125] [NOISE_PROTOCOL_DEBUG] CIPHER_ENCRYPT_ASSOCIATED_DATA - Associated data length: 32
[1785244125] [NOISE_PROTOCOL_DEBUG] CIPHER_ENCRYPT_SUCCESS - Encryption successful, ciphertext length: 48
[1785244125] [NOISE_PROTOCOL_DEBUG] WRITE_MESSAGE_S_DONE - Static key encrypted and sent, buffer size: 48
[1785244125] [NOISE_PROTOCOL_DEBUG] WRITE_MESSAGE_PATTERN - Processing pattern: SE
[1785244125] [NOISE_PROTOCOL_DEBUG] WRITE_MESSAGE_SE - Performing DH(static, ephemeral), role: Initiator
[1785244125] [NOISE_PROTOCOL_DEBUG] READ_MESSAGE_ES_DONE - DH(ephemeral, static) completed
[1785244125] [NOISE_PROTOCOL_DEBUG] READ_MESSAGE_ES_DONE - DH(ephemeral, static) completed
[1785244125] [NOISE_PROTOCOL_DEBUG] READ_MESSAGE_HASH_AFTER_PATTERN - Hash after pattern ES: [107, 101, 17, 22, 39, 45, 146, 42]
[1785244125] [NOISE_PROTOCOL_DEBUG] READ_MESSAGE_HASH_AFTER_PATTERN - Hash after pattern ES: [98, 49, 179, 51, 194, 52, 51, 102]
[1785244125] [NOISE_PROTOCOL_DEBUG] READ_MESSAGE_PAYLOAD - Decrypting payload, length: 16
[1785244125] [NOISE_PROTOCOL_DEBUG] READ_MESSAGE_PAYLOAD - Decrypting payload, length: 16
[1785244125] [NOISE_PROTOCOL_DEBUG] DECRYPT_AND_HASH - Decrypting with cipher key, ciphertext length: 16
[1785244125] [NOISE_PROTOCOL_DEBUG] DECRYPT_AND_HASH - Decrypting with cipher key, ciphertext length: 16
[1785244125] [NOISE_PROTOCOL_DEBUG] DECRYPT_AND_HASH_HASH - Current hash length: 32
[1785244125] [NOISE_PROTOCOL_DEBUG] DECRYPT_AND_HASH_HASH - Current hash length: 32
[1785244125] [NOISE_PROTOCOL_DEBUG] DECRYPT_AND_HASH_HASH_BYTES - Hash bytes: [107, 101, 17, 22, 39, 45, 146, 42]
[1785244125] [NOISE_PROTOCOL_DEBUG] DECRYPT_AND_HASH_HASH_BYTES - Hash bytes: [98, 49, 179, 51, 194, 52, 51, 102]
[1785244125] [NOISE_PROTOCOL_DEBUG] CIPHER_DECRYPT - Decrypting with key, ciphertext length: 16
[1785244125] [NOISE_PROTOCOL_DEBUG] CIPHER_DECRYPT - Decrypting with key, ciphertext length: 16
[1785244125] [NOISE_PROTOCOL_DEBUG] CIPHER_DECRYPT_SUCCESS - Decryption successful, plaintext length: 0
[1785244125] [NOISE_PROTOCOL_DEBUG] CIPHER_DECRYPT_SUCCESS - Decryption successful, plaintext length: 0
[1785244125] [NOISE_PROTOCOL_DEBUG] DECRYPT_AND_HASH_SUCCESS - Decryption successful, plaintext length: 0
[1785244125] [NOISE_PROTOCOL_DEBUG] DECRYPT_AND_HASH_SUCCESS - Decryption successful, plaintext length: 0
[1785244125] [NOISE_PROTOCOL_DEBUG] DECRYPT_AND_HASH_HASH_MIXED - Hash mixed with ciphertext
[1785244125] [NOISE_PROTOCOL_DEBUG] DECRYPT_AND_HASH_HASH_MIXED - Hash mixed with ciphertext
[1785244125] [NOISE_PROTOCOL_DEBUG] WRITE_MESSAGE_SE_DONE - DH(static, ephemeral) completed for initiator
[1785244125] [NOISE_PROTOCOL_DEBUG] READ_MESSAGE_PAYLOAD_SUCCESS - Payload decrypted successfully, length: 0
[1785244125] [NOISE_PROTOCOL_DEBUG] READ_MESSAGE_PAYLOAD_SUCCESS - Payload decrypted successfully, length: 0
[1785244125] [NOISE_PROTOCOL_DEBUG] WRITE_MESSAGE_ENCRYPT - Encrypting payload of 0 bytes
[1785244125] [NOISE_PROTOCOL_DEBUG] READ_MESSAGE_COMPLETE - Message read successfully, new pattern: 2/3
[1785244125] [NOISE_PROTOCOL_DEBUG] READ_MESSAGE_COMPLETE - Message read successfully, new pattern: 2/3
[1785244125] [NOISE_PROTOCOL_DEBUG] CIPHER_ENCRYPT - Encrypting with key, plaintext length: 0
[1785244125] [NOISE_PROTOCOL_DEBUG] READ_MESSAGE_HASH_AFTER - Hash after read: [98, 150, 244, 67, 195, 76, 226, 251]
[1785244125] [NOISE_PROTOCOL_DEBUG] READ_MESSAGE_HASH_AFTER - Hash after read: [52, 249, 24, 69, 14, 232, 186, 216]
[1785244125] [NOISE_PROTOCOL_DEBUG] CIPHER_ENCRYPT_KEY - Key length: 32
[1785244125] [NOISE_PROTOCOL_DEBUG] WRITE_MESSAGE_START - Pattern: XX, Current: 2/3
[1785244125] [NOISE_PROTOCOL_DEBUG] WRITE_MESSAGE_START - Pattern: XX, Current: 2/3
[1785244125] [NOISE_PROTOCOL_DEBUG] CIPHER_ENCRYPT_NONCE - Current nonce: 0
[1785244125] [NOISE_PROTOCOL_DEBUG] WRITE_MESSAGE_PATTERNS - Processing patterns: [S, SE]
[1785244125] [NOISE_PROTOCOL_DEBUG] WRITE_MESSAGE_PATTERNS - Processing patterns: [S, SE]
[1785244125] [NOISE_PROTOCOL_DEBUG] CIPHER_ENCRYPT_ASSOCIATED_DATA - Associated data length: 32
[1785244125] [NOISE_PROTOCOL_DEBUG] WRITE_MESSAGE_PATTERN - Processing pattern: S
[1785244125] [NOISE_PROTOCOL_DEBUG] WRITE_MESSAGE_PATTERN - Processing pattern: S
[1785244125] [NOISE_PROTOCOL_DEBUG] WRITE_MESSAGE_S - Sending static key
[1785244125] [NOISE_PROTOCOL_DEBUG] WRITE_MESSAGE_S - Sending static key
[1785244125] [NOISE_PROTOCOL_DEBUG] CIPHER_ENCRYPT - Encrypting with key, plaintext length: 32
[1785244125] [NOISE_PROTOCOL_DEBUG] CIPHER_ENCRYPT - Encrypting with key, plaintext length: 32
[1785244125] [NOISE_PROTOCOL_DEBUG] CIPHER_ENCRYPT_KEY - Key length: 32
[1785244125] [NOISE_PROTOCOL_DEBUG] CIPHER_ENCRYPT_KEY - Key length: 32
[1785244125] [NOISE_PROTOCOL_DEBUG] CIPHER_ENCRYPT_NONCE - Current nonce: 1
[1785244125] [NOISE_PROTOCOL_DEBUG] CIPHER_ENCRYPT_NONCE - Current nonce: 1
[1785244125] [NOISE_PROTOCOL_DEBUG] CIPHER_ENCRYPT_ASSOCIATED_DATA - Associated data length: 32
[1785244125] [NOISE_PROTOCOL_DEBUG] CIPHER_ENCRYPT_ASSOCIATED_DATA - Associated data length: 32
[1785244125] [NOISE_PROTOCOL_DEBUG] CIPHER_ENCRYPT_SUCCESS - Encryption successful, ciphertext length: 16
[1785244125] [NOISE_PROTOCOL_DEBUG] WRITE_MESSAGE_ENCRYPT_DONE - Payload encrypted, total buffer size: 64
[1785244125] [NOISE_PROTOCOL_DEBUG] WRITE_MESSAGE_COMPLETE - Message written, pattern 2 complete
[1785244125] [NOISE_PROTOCOL_DEBUG] CIPHER_ENCRYPT_SUCCESS - Encryption successful, ciphertext length: 48
[1785244125] [NOISE_PROTOCOL_DEBUG] CIPHER_ENCRYPT_SUCCESS - Encryption successful, ciphertext length: 48
[1785244125] [NOISE_PROTOCOL_DEBUG] WRITE_MESSAGE_S_DONE - Static key encrypted and sent, buffer size: 48
[1785244125] [NOISE_PROTOCOL_DEBUG] WRITE_MESSAGE_S_DONE - Static key encrypted and sent, buffer size: 48
[1785244125] [NOISE_PROTOCOL_DEBUG] WRITE_MESSAGE_SE_DONE - DH(static, ephemeral) completed for initiator
[1785244125] [NOISE_PROTOCOL_DEBUG] WRITE_MESSAGE_PATTERN - Processing pattern: SE
[1785244125] [NOISE_PROTOCOL_DEBUG] WRITE_MESSAGE_PATTERN - Processing pattern: SE
[1785244125] [NOISE_PROTOCOL_DEBUG] WRITE_MESSAGE_ENCRYPT - Encrypting payload of 0 bytes
[1785244125] [NOISE_PROTOCOL_DEBUG] WRITE_MESSAGE_SE - Performing DH(static, ephemeral), role: Initiator
[1785244125] [NOISE_PROTOCOL_DEBUG] WRITE_MESSAGE_SE - Performing DH(static, ephemeral), role: Initiator
[1785244125] [NOISE_PROTOCOL_DEBUG] CIPHER_ENCRYPT - Encrypting with key, plaintext length: 0
[1785244125] [NOISE_PROTOCOL_DEBUG] CIPHER_ENCRYPT - Encrypting with key, plaintext length: 18
[1785244125] [NOISE_PROTOCOL_DEBUG] CIPHER_ENCRYPT_KEY - Key length: 32
[1785244125] [NOISE_PROTOCOL_DEBUG] CIPHER_ENCRYPT_KEY - Key length: 32
[1785244125] [NOISE_PROTOCOL_DEBUG] CIPHER_ENCRYPT_NONCE - Current nonce: 0
[1785244125] [NOISE_PROTOCOL_DEBUG] CIPHER_ENCRYPT_NONCE - Current nonce: 0
[1785244125] [NOISE_PROTOCOL_DEBUG] CIPHER_ENCRYPT_ASSOCIATED_DATA - Associated data length: 32
[1785244125] [NOISE_PROTOCOL_DEBUG] CIPHER_ENCRYPT_ASSOCIATED_DATA - Associated data length: 0
[1785244125] [NOISE_PROTOCOL_DEBUG] CIPHER_ENCRYPT_SUCCESS - Encryption successful, ciphertext length: 16
[1785244125] [NOISE_PROTOCOL_DEBUG] WRITE_MESSAGE_ENCRYPT_DONE - Payload encrypted, total buffer size: 64
[1785244125] [NOISE_PROTOCOL_DEBUG] WRITE_MESSAGE_COMPLETE - Message written, pattern 2 complete
[1785244125] [NOISE_PROTOCOL_DEBUG] CIPHER_ENCRYPT_SUCCESS - Encryption successful, ciphertext length: 34
[1785244125] [NOISE_PROTOCOL_DEBUG] CIPHER_ENCRYPT_TRANSPORT - Transport message with nonce prefix, total length: 38
[1785244125] [NOISE_PROTOCOL_DEBUG] READ_MESSAGE_START - Pattern: XX, Current: 2/3
[1785244125] [NOISE_PROTOCOL_DEBUG] READ_MESSAGE_HASH_BEFORE - Hash before read: [250, 144, 22, 192, 99, 235, 140, 206]
[1785244125] [NOISE_PROTOCOL_DEBUG] READ_MESSAGE_PATTERNS - Processing patterns: [S, SE]
[1785244125] [NOISE_PROTOCOL_DEBUG] READ_MESSAGE_PATTERN - Processing pattern: S
[1785244125] [NOISE_PROTOCOL_DEBUG] READ_MESSAGE_HASH_BEFORE_PATTERN - Hash before pattern: [250, 144, 22, 192, 99, 235, 140, 206]
[1785244125] [NOISE_PROTOCOL_DEBUG] READ_MESSAGE_S - Reading static key
[1785244125] [NOISE_PROTOCOL_DEBUG] CIPHER_ENCRYPT - Encrypting with key, plaintext length: 14
[1785244125] [NOISE_PROTOCOL_DEBUG] READ_MESSAGE_S_CHECK - Checking static key length: need 48 bytes, available 64 bytes, has_cipher_key: true
[1785244125] [NOISE_PROTOCOL_DEBUG] CIPHER_ENCRYPT_KEY - Key length: 32
[1785244125] [NOISE_PROTOCOL_DEBUG] READ_MESSAGE_S_DATA - Static key data length: 48, has_cipher_key: true
[1785244125] [NOISE_PROTOCOL_DEBUG] CIPHER_ENCRYPT_NONCE - Current nonce: 0
[1785244125] [NOISE_PROTOCOL_DEBUG] DECRYPT_AND_HASH - Decrypting with cipher key, ciphertext length: 48
[1785244125] [NOISE_PROTOCOL_DEBUG] CIPHER_ENCRYPT_ASSOCIATED_DATA - Associated data length: 0
[1785244125] [NOISE_PROTOCOL_DEBUG] DECRYPT_AND_HASH_HASH - Current hash length: 32
[1785244125] [NOISE_PROTOCOL_DEBUG] DECRYPT_AND_HASH_HASH_BYTES - Hash bytes: [250, 144, 22, 192, 99, 235, 140, 206]
[1785244125] [NOISE_PROTOCOL_DEBUG] CIPHER_DECRYPT - Decrypting with key, ciphertext length: 48
[1785244125] [NOISE_PROTOCOL_DEBUG] CIPHER_ENCRYPT_SUCCESS - Encryption successful, ciphertext length: 30
[1785244125] [NOISE_PROTOCOL_DEBUG] CIPHER_ENCRYPT_TRANSPORT - Transport message with nonce prefix, total length: 34
[1785244125] [NOISE_PROTOCOL_DEBUG] CIPHER_DECRYPT_SUCCESS - Decryption successful, plaintext length: 32
[1785244125] [NOISE_PROTOCOL_DEBUG] READ_MESSAGE_START - Pattern: XX, Current: 2/3
[1785244125] [NOISE_PROTOCOL_DEBUG] DECRYPT_AND_HASH_SUCCESS - Decryption successful, plaintext length: 32
[1785244125] [NOISE_PROTOCOL_DEBUG] READ_MESSAGE_HASH_BEFORE - Hash before read: [228, 34, 76, 103, 176, 88, 107, 27]
[1785244125] [NOISE_PROTOCOL_DEBUG] READ_MESSAGE_PATTERNS - Processing patterns: [S, SE]
[1785244125] [NOISE_PROTOCOL_DEBUG] DECRYPT_AND_HASH_HASH_MIXED - Hash mixed with ciphertext
[1785244125] [NOISE_PROTOCOL_DEBUG] READ_MESSAGE_PATTERN - Processing pattern: S
[1785244125] [NOISE_PROTOCOL_DEBUG] READ_MESSAGE_S_DONE - Static key read and validated successfully
[1785244125] [NOISE_PROTOCOL_DEBUG] READ_MESSAGE_HASH_BEFORE_PATTERN - Hash before pattern: [228, 34, 76, 103, 176, 88, 107, 27]
[1785244125] [NOISE_PROTOCOL_DEBUG] READ_MESSAGE_HASH_AFTER_PATTERN - Hash after pattern S: [230, 154, 30, 189, 83, 99, 37, 146]
[1785244125] [NOISE_PROTOCOL_DEBUG] READ_MESSAGE_S - Reading static key
[1785244125] [NOISE_PROTOCOL_DEBUG] READ_MESSAGE_PATTERN - Processing pattern: SE
[1785244125] [NOISE_PROTOCOL_DEBUG] READ_MESSAGE_S_CHECK - Checking static key length: need 48 bytes, available 64 bytes, has_cipher_key: true
[1785244125] [NOISE_PROTOCOL_DEBUG] READ_MESSAGE_HASH_BEFORE_PATTERN - Hash before pattern: [230, 154, 30, 189, 83, 99, 37, 146]
[1785244125] [NOISE_PROTOCOL_DEBUG] READ_MESSAGE_S_DATA - Static key data length: 48, has_cipher_key: true
[1785244125] [NOISE_PROTOCOL_DEBUG] READ_MESSAGE_SE - Performing DH(static, ephemeral)
[1785244125] [NOISE_PROTOCOL_DEBUG] DECRYPT_AND_HASH - Decrypting with cipher key, ciphertext length: 48
[1785244125] [NOISE_PROTOCOL_DEBUG] DECRYPT_AND_HASH_HASH - Current hash length: 32
[1785244125] [NOISE_PROTOCOL_DEBUG] DECRYPT_AND_HASH_HASH_BYTES - Hash bytes: [228, 34, 76, 103, 176, 88, 107, 27]
[1785244125] [NOISE_PROTOCOL_DEBUG] CIPHER_DECRYPT - Decrypting with key, ciphertext length: 48
[1785244125] [NOISE_PROTOCOL_DEBUG] WRITE_MESSAGE_SE_DONE - DH(static, ephemeral) completed for initiator
[1785244125] [NOISE_PROTOCOL_DEBUG] WRITE_MESSAGE_SE_DONE - DH(static, ephemeral) completed for initiator
[1785244125] [NOISE_PROTOCOL_DEBUG] WRITE_MESSAGE_ENCRYPT - Encrypting payload of 0 bytes
[1785244125] [NOISE_PROTOCOL_DEBUG] WRITE_MESSAGE_ENCRYPT - Encrypting payload of 0 bytes
[1785244125] [NOISE_PROTOCOL_DEBUG] CIPHER_ENCRYPT - Encrypting with key, plaintext length: 0
[1785244125] [NOISE_PROTOCOL_DEBUG] CIPHER_ENCRYPT - Encrypting with key, plaintext length: 0
[1785244125] [NOISE_PROTOCOL_DEBUG] CIPHER_ENCRYPT_KEY - Key length: 32
[1785244125] [NOISE_PROTOCOL_DEBUG] CIPHER_ENCRYPT_KEY - Key length: 32
[1785244125] [NOISE_PROTOCOL_DEBUG] CIPHER_ENCRYPT_NONCE - Current nonce: 0
[1785244125] [NOISE_PROTOCOL_DEBUG] CIPHER_ENCRYPT_NONCE - Current nonce: 0
[1785244125] [NOISE_PROTOCOL_DEBUG] CIPHER_DECRYPT_SUCCESS - Decryption successful, plaintext length: 32
[1785244125] [NOISE_PROTOCOL_DEBUG] CIPHER_ENCRYPT_ASSOCIATED_DATA - Associated data length: 32
[1785244125] [NOISE_PROTOCOL_DEBUG] CIPHER_ENCRYPT_ASSOCIATED_DATA - Associated data length: 32
[1785244125] [NOISE_PROTOCOL_DEBUG] DECRYPT_AND_HASH_SUCCESS - Decryption successful, plaintext length: 32
[1785244125] [NOISE_PROTOCOL_DEBUG] DECRYPT_AND_HASH_HASH_MIXED - Hash mixed with ciphertext
[1785244125] [NOISE_PROTOCOL_DEBUG] READ_MESSAGE_S_DONE - Static key read and validated successfully
[1785244125] [NOISE_PROTOCOL_DEBUG] READ_MESSAGE_HASH_AFTER_PATTERN - Hash after pattern S: [172, 235, 133, 234, 101, 116, 190, 233]
[1785244125] [NOISE_PROTOCOL_DEBUG] READ_MESSAGE_PATTERN - Processing pattern: SE
[1785244125] [NOISE_PROTOCOL_DEBUG] READ_MESSAGE_HASH_BEFORE_PATTERN - Hash before pattern: [172, 235, 133, 234, 101, 116, 190, 233]
[1785244125] [NOISE_PROTOCOL_DEBUG] CIPHER_ENCRYPT_SUCCESS - Encryption successful, ciphertext length: 16
[1785244125] [NOISE_PROTOCOL_DEBUG] CIPHER_ENCRYPT_SUCCESS - Encryption successful, ciphertext length: 16
[1785244125] [NOISE_PROTOCOL_DEBUG] READ_MESSAGE_SE - Performing DH(static, ephemeral)
[1785244125] [NOISE_PROTOCOL_DEBUG] WRITE_MESSAGE_ENCRYPT_DONE - Payload encrypted, total buffer size: 64
[1785244125] [NOISE_PROTOCOL_DEBUG] WRITE_MESSAGE_ENCRYPT_DONE - Payload encrypted, total buffer size: 64
[1785244125] [NOISE_PROTOCOL_DEBUG] WRITE_MESSAGE_COMPLETE - Message written, pattern 2 complete
[1785244125] [NOISE_PROTOCOL_DEBUG] WRITE_MESSAGE_COMPLETE - Message written, pattern 2 complete
[1785244125] [NOISE_PROTOCOL_DEBUG] CIPHER_ENCRYPT - Encrypting with key, plaintext length: 3
[1785244125] [NOISE_PROTOCOL_DEBUG] CIPHER_ENCRYPT - Encrypting with key, plaintext length: 5
[1785244125] [NOISE_PROTOCOL_DEBUG] CIPHER_ENCRYPT_KEY - Key length: 32
[1785244125] [NOISE_PROTOCOL_DEBUG] CIPHER_ENCRYPT_KEY - Key length: 32
[1785244125] [NOISE_PROTOCOL_DEBUG] CIPHER_ENCRYPT_NONCE - Current nonce: 0
[1785244125] [NOISE_PROTOCOL_DEBUG] CIPHER_ENCRYPT_NONCE - Current nonce: 0
[1785244125] [NOISE_PROTOCOL_DEBUG] CIPHER_ENCRYPT_ASSOCIATED_DATA - Associated data length: 0
[1785244125] [NOISE_PROTOCOL_DEBUG] CIPHER_ENCRYPT_ASSOCIATED_DATA - Associated data length: 0
[1785244125] [NOISE_PROTOCOL_DEBUG] READ_MESSAGE_SE_DONE - DH(static, ephemeral) completed
[1785244125] [NOISE_PROTOCOL_DEBUG] CIPHER_ENCRYPT_SUCCESS - Encryption successful, ciphertext length: 21
[1785244125] [NOISE_PROTOCOL_DEBUG] CIPHER_ENCRYPT_SUCCESS - Encryption successful, ciphertext length: 19
[1785244125] [NOISE_PROTOCOL_DEBUG] READ_MESSAGE_HASH_AFTER_PATTERN - Hash after pattern SE: [230, 154, 30, 189, 83, 99, 37, 146]
[1785244125] [NOISE_PROTOCOL_DEBUG] CIPHER_ENCRYPT_TRANSPORT - Transport message with nonce prefix, total length: 25
[1785244125] [NOISE_PROTOCOL_DEBUG] CIPHER_ENCRYPT_TRANSPORT - Transport message with nonce prefix, total length: 23
[1785244125] [NOISE_PROTOCOL_DEBUG] READ_MESSAGE_PAYLOAD - Decrypting payload, length: 16
[1785244125] [NOISE_PROTOCOL_DEBUG] DECRYPT_AND_HASH - Decrypting with cipher key, ciphertext length: 16
[1785244125] [NOISE_PROTOCOL_DEBUG] DECRYPT_AND_HASH_HASH - Current hash length: 32
[1785244125] [NOISE_PROTOCOL_DEBUG] DECRYPT_AND_HASH_HASH_BYTES - Hash bytes: [230, 154, 30, 189, 83, 99, 37, 146]
[1785244125] [NOISE_PROTOCOL_DEBUG] READ_MESSAGE_START - Pattern: XX, Current: 2/3
[1785244125] [NOISE_PROTOCOL_DEBUG] READ_MESSAGE_START - Pattern: XX, Current: 2/3
[1785244125] [NOISE_PROTOCOL_DEBUG] CIPHER_DECRYPT - Decrypting with key, ciphertext length: 16
[1785244125] [NOISE_PROTOCOL_DEBUG] READ_MESSAGE_HASH_BEFORE - Hash before read: [52, 249, 24, 69, 14, 232, 186, 216]
[1785244125] [NOISE_PROTOCOL_DEBUG] READ_MESSAGE_HASH_BEFORE - Hash before read: [98, 150, 244, 67, 195, 76, 226, 251]
[1785244125] [NOISE_PROTOCOL_DEBUG] READ_MESSAGE_PATTERNS - Processing patterns: [S, SE]
[1785244125] [NOISE_PROTOCOL_DEBUG] READ_MESSAGE_PATTERNS - Processing patterns: [S, SE]
[1785244125] [NOISE_PROTOCOL_DEBUG] READ_MESSAGE_PATTERN - Processing pattern: S
[1785244125] [NOISE_PROTOCOL_DEBUG] READ_MESSAGE_PATTERN - Processing pattern: S
[1785244125] [NOISE_PROTOCOL_DEBUG] READ_MESSAGE_HASH_BEFORE_PATTERN - Hash before pattern: [98, 150, 244, 67, 195, 76, 226, 251]
[1785244125] [NOISE_PROTOCOL_DEBUG] READ_MESSAGE_HASH_BEFORE_PATTERN - Hash before pattern: [52, 249, 24, 69, 14, 232, 186, 216]
[1785244125] [NOISE_PROTOCOL_DEBUG] READ_MESSAGE_S - Reading static key
[1785244125] [NOISE_PROTOCOL_DEBUG] READ_MESSAGE_S - Reading static key
[1785244125] [NOISE_PROTOCOL_DEBUG] READ_MESSAGE_S_CHECK - Checking static key length: need 48 bytes, available 64 bytes, has_cipher_key: true
[1785244125] [NOISE_PROTOCOL_DEBUG] READ_MESSAGE_S_CHECK - Checking static key length: need 48 bytes, available 64 bytes, has_cipher_key: true
[1785244125] [NOISE_PROTOCOL_DEBUG] READ_MESSAGE_S_DATA - Static key data length: 48, has_cipher_key: true
[1785244125] [NOISE_PROTOCOL_DEBUG] READ_MESSAGE_S_DATA - Static key data length: 48, has_cipher_key: true
[1785244125] [NOISE_PROTOCOL_DEBUG] CIPHER_DECRYPT_SUCCESS - Decryption successful, plaintext length: 0
[1785244125] [NOISE_PROTOCOL_DEBUG] DECRYPT_AND_HASH - Decrypting with cipher key, ciphertext length: 48
[1785244125] [NOISE_PROTOCOL_DEBUG] DECRYPT_AND_HASH - Decrypting with cipher key, ciphertext length: 48
[1785244125] [NOISE_PROTOCOL_DEBUG] READ_MESSAGE_SE_DONE - DH(static, ephemeral) completed
[1785244125] [NOISE_PROTOCOL_DEBUG] DECRYPT_AND_HASH_SUCCESS - Decryption successful, plaintext length: 0
[1785244125] [NOISE_PROTOCOL_DEBUG] DECRYPT_AND_HASH_HASH - Current hash length: 32
[1785244125] [NOISE_PROTOCOL_DEBUG] DECRYPT_AND_HASH_HASH - Current hash length: 32
[1785244125] [NOISE_PROTOCOL_DEBUG] READ_MESSAGE_HASH_AFTER_PATTERN - Hash after pattern SE: [172, 235, 133, 234, 101, 116, 190, 233]
[1785244125] [NOISE_PROTOCOL_DEBUG] DECRYPT_AND_HASH_HASH_MIXED - Hash mixed with ciphertext
[1785244125] [NOISE_PROTOCOL_DEBUG] DECRYPT_AND_HASH_HASH_BYTES - Hash bytes: [98, 150, 244, 67, 195, 76, 226, 251]
[1785244125] [NOISE_PROTOCOL_DEBUG] DECRYPT_AND_HASH_HASH_BYTES - Hash bytes: [52, 249, 24, 69, 14, 232, 186, 216]
[1785244125] [NOISE_PROTOCOL_DEBUG] READ_MESSAGE_PAYLOAD - Decrypting payload, length: 16
[1785244125] [NOISE_PROTOCOL_DEBUG] READ_MESSAGE_PAYLOAD_SUCCESS - Payload decrypted successfully, length: 0
[1785244125] [NOISE_PROTOCOL_DEBUG] CIPHER_DECRYPT - Decrypting with key, ciphertext length: 48
[1785244125] [NOISE_PROTOCOL_DEBUG] CIPHER_DECRYPT - Decrypting with key, ciphertext length: 48
[1785244125] [NOISE_PROTOCOL_DEBUG] DECRYPT_AND_HASH - Decrypting with cipher key, ciphertext length: 16
[1785244125] [NOISE_PROTOCOL_DEBUG] READ_MESSAGE_COMPLETE - Message read successfully, new pattern: 3/3
[1785244125] [NOISE_PROTOCOL_DEBUG] DECRYPT_AND_HASH_HASH - Current hash length: 32
[1785244125] [NOISE_PROTOCOL_DEBUG] READ_MESSAGE_HASH_AFTER - Hash after read: [87, 247, 41, 148, 206, 130, 41, 145]
[1785244125] [NOISE_PROTOCOL_DEBUG] DECRYPT_AND_HASH_HASH_BYTES - Hash bytes: [172, 235, 133, 234, 101, 116, 190, 233]
[1785244125] [NOISE_PROTOCOL_DEBUG] CIPHER_DECRYPT - Decrypting with key, ciphertext length: 16
[1785244125] [NOISE_PROTOCOL_DEBUG] CIPHER_DECRYPT_SUCCESS - Decryption successful, plaintext length: 0
[1785244125] [NOISE_PROTOCOL_DEBUG] CIPHER_DECRYPT_SUCCESS - Decryption successful, plaintext length: 32
[1785244125] [NOISE_PROTOCOL_DEBUG] CIPHER_DECRYPT_SUCCESS - Decryption successful, plaintext length: 32
[1785244125] [NOISE_PROTOCOL_DEBUG] DECRYPT_AND_HASH_SUCCESS - Decryption successful, plaintext length: 0
[1785244125] [NOISE_PROTOCOL_DEBUG] DECRYPT_AND_HASH_SUCCESS - Decryption successful, plaintext length: 32
[1785244125] [NOISE_PROTOCOL_DEBUG] DECRYPT_AND_HASH_SUCCESS - Decryption successful, plaintext length: 32
[1785244125] [NOISE_PROTOCOL_DEBUG] CIPHER_DECRYPT - Decrypting with key, ciphertext length: 38
[1785244125] [NOISE_PROTOCOL_DEBUG] DECRYPT_AND_HASH_HASH_MIXED - Hash mixed with ciphertext
[1785244125] [NOISE_PROTOCOL_DEBUG] DECRYPT_AND_HASH_HASH_MIXED - Hash mixed with ciphertext
[1785244125] [NOISE_PROTOCOL_DEBUG] DECRYPT_AND_HASH_HASH_MIXED - Hash mixed with ciphertext
[1785244125] [NOISE_PROTOCOL_DEBUG] READ_MESSAGE_PAYLOAD_SUCCESS - Payload decrypted successfully, length: 0
[1785244125] [NOISE_PROTOCOL_DEBUG] READ_MESSAGE_S_DONE - Static key read and validated successfully
[1785244125] [NOISE_PROTOCOL_DEBUG] READ_MESSAGE_S_DONE - Static key read and validated successfully
[1785244125] [NOISE_PROTOCOL_DEBUG] READ_MESSAGE_COMPLETE - Message read successfully, new pattern: 3/3
[1785244125] [NOISE_PROTOCOL_DEBUG] READ_MESSAGE_HASH_AFTER_PATTERN - Hash after pattern S: [244, 100, 178, 216, 68, 225, 233, 252]
[1785244125] [NOISE_PROTOCOL_DEBUG] READ_MESSAGE_HASH_AFTER_PATTERN - Hash after pattern S: [89, 87, 94, 68, 195, 182, 59, 236]
[1785244125] [NOISE_PROTOCOL_DEBUG] READ_MESSAGE_HASH_AFTER - Hash after read: [59, 184, 166, 219, 66, 219, 213, 109]
[1785244125] [NOISE_PROTOCOL_DEBUG] READ_MESSAGE_PATTERN - Processing pattern: SE
[1785244125] [NOISE_PROTOCOL_DEBUG] READ_MESSAGE_PATTERN - Processing pattern: SE
[1785244125] [NOISE_PROTOCOL_DEBUG] READ_MESSAGE_HASH_BEFORE_PATTERN - Hash before pattern: [244, 100, 178, 216, 68, 225, 233, 252]
[1785244125] [NOISE_PROTOCOL_DEBUG] READ_MESSAGE_HASH_BEFORE_PATTERN - Hash before pattern: [89, 87, 94, 68, 195, 182, 59, 236]
[1785244125] [NOISE_PROTOCOL_DEBUG] READ_MESSAGE_SE - Performing DH(static, ephemeral)
[1785244125] [NOISE_PROTOCOL_DEBUG] READ_MESSAGE_SE - Performing DH(static, ephemeral)
[1785244125] [NOISE_PROTOCOL_DEBUG] CIPHER_DECRYPT_SUCCESS - Decryption successful, plaintext length: 18
[1785244125] [NOISE_PROTOCOL_DEBUG] CIPHER_DECRYPT - Decrypting with key, ciphertext length: 34
[1785244125] [NOISE_PROTOCOL_DEBUG] CIPHER_DECRYPT_SUCCESS - Decryption successful, plaintext length: 14
[1785244125] [NOISE_PROTOCOL_DEBUG] READ_MESSAGE_SE_DONE - DH(static, ephemeral) completed
[1785244125] [NOISE_PROTOCOL_DEBUG] READ_MESSAGE_SE_DONE - DH(static, ephemeral) completed
[1785244125] [NOISE_PROTOCOL_DEBUG] READ_MESSAGE_HASH_AFTER_PATTERN - Hash after pattern SE: [244, 100, 178, 216, 68, 225, 233, 252]
[1785244125] [NOISE_PROTOCOL_DEBUG] READ_MESSAGE_HASH_AFTER_PATTERN - Hash after pattern SE: [89, 87, 94, 68, 195, 182, 59, 236]
[1785244125] [NOISE_PROTOCOL_DEBUG] READ_MESSAGE_PAYLOAD - Decrypting payload, length: 16
[1785244125] [NOISE_PROTOCOL_DEBUG] READ_MESSAGE_PAYLOAD - Decrypting payload, length: 16
[1785244125] [NOISE_PROTOCOL_DEBUG] DECRYPT_AND_HASH - Decrypting with cipher key, ciphertext length: 16
[1785244125] [NOISE_PROTOCOL_DEBUG] DECRYPT_AND_HASH - Decrypting with cipher key, ciphertext length: 16
[1785244125] [NOISE_PROTOCOL_DEBUG] DECRYPT_AND_HASH_HASH - Current hash length: 32
[1785244125] [NOISE_PROTOCOL_DEBUG] DECRYPT_AND_HASH_HASH - Current hash length: 32
[1785244125] [NOISE_PROTOCOL_DEBUG] DECRYPT_AND_HASH_HASH_BYTES - Hash bytes: [244, 100, 178, 216, 68, 225, 233, 252]
[1785244125] [NOISE_PROTOCOL_DEBUG] DECRYPT_AND_HASH_HASH_BYTES - Hash bytes: [89, 87, 94, 68, 195, 182, 59, 236]
[1785244125] [NOISE_PROTOCOL_DEBUG] CIPHER_DECRYPT - Decrypting with key, ciphertext length: 16
[1785244125] [NOISE_PROTOCOL_DEBUG] CIPHER_DECRYPT - Decrypting with key, ciphertext length: 16
[1785244125] [NOISE_PROTOCOL_DEBUG] CIPHER_DECRYPT_SUCCESS - Decryption successful, plaintext length: 0
[1785244125] [NOISE_PROTOCOL_DEBUG] CIPHER_DECRYPT_SUCCESS - Decryption successful, plaintext length: 0
[1785244125] [NOISE_PROTOCOL_DEBUG] DECRYPT_AND_HASH_SUCCESS - Decryption successful, plaintext length: 0
[1785244125] [NOISE_PROTOCOL_DEBUG] DECRYPT_AND_HASH_SUCCESS - Decryption successful, plaintext length: 0
[1785244125] [NOISE_PROTOCOL_DEBUG] DECRYPT_AND_HASH_HASH_MIXED - Hash mixed with ciphertext
[1785244125] [NOISE_PROTOCOL_DEBUG] DECRYPT_AND_HASH_HASH_MIXED - Hash mixed with ciphertext
[1785244125] [NOISE_PROTOCOL_DEBUG] READ_MESSAGE_PAYLOAD_SUCCESS - Payload decrypted successfully, length: 0
[1785244125] [NOISE_PROTOCOL_DEBUG] READ_MESSAGE_PAYLOAD_SUCCESS - Payload decrypted successfully, length: 0
[1785244125] [NOISE_PROTOCOL_DEBUG] READ_MESSAGE_COMPLETE - Message read successfully, new pattern: 3/3
[1785244125] [NOISE_PROTOCOL_DEBUG] READ_MESSAGE_COMPLETE - Message read successfully, new pattern: 3/3
[1785244125] [NOISE_PROTOCOL_DEBUG] READ_MESSAGE_HASH_AFTER - Hash after read: [200, 82, 130, 98, 71, 249, 240, 243]
[1785244125] [NOISE_PROTOCOL_DEBUG] READ_MESSAGE_HASH_AFTER - Hash after read: [200, 168, 35, 55, 231, 147, 20, 124]
[1785244125] [NOISE_PROTOCOL_DEBUG] CIPHER_DECRYPT - Decrypting with key, ciphertext length: 25
[1785244125] [NOISE_PROTOCOL_DEBUG] CIPHER_DECRYPT - Decrypting with key, ciphertext length: 23
[1785244125] [NOISE_PROTOCOL_DEBUG] CIPHER_DECRYPT_SUCCESS - Decryption successful, plaintext length: 3
[1785244125] [NOISE_PROTOCOL_DEBUG] CIPHER_DECRYPT_SUCCESS - Decryption successful, plaintext length: 5
[1785244125] [NOISE_PROTOCOL_DEBUG] CIPHER_ENCRYPT - Encrypting with key, plaintext length: 5
[1785244125] [NOISE_PROTOCOL_DEBUG] CIPHER_ENCRYPT_KEY - Key length: 32
[1785244125] [NOISE_PROTOCOL_DEBUG] CIPHER_ENCRYPT_NONCE - Current nonce: 0
[1785244125] [NOISE_PROTOCOL_DEBUG] CIPHER_ENCRYPT_ASSOCIATED_DATA - Associated data length: 0
[1785244125] [NOISE_PROTOCOL_DEBUG] CIPHER_ENCRYPT_SUCCESS - Encryption successful, ciphertext length: 21
[1785244125] [NOISE_PROTOCOL_DEBUG] CIPHER_ENCRYPT_TRANSPORT - Transport message with nonce prefix, total length: 25
[1785244125] [NOISE_PROTOCOL_DEBUG] CIPHER_DECRYPT - Decrypting with key, ciphertext length: 25
[1785244125] [NOISE_PROTOCOL_DEBUG] CIPHER_DECRYPT_SUCCESS - Decryption successful, plaintext length: 5
[1785244491] [NOISE_PROTOCOL_DEBUG] HANDSHAKE_INIT - Protocol name: Noise_XX_25519_ChaChaPoly_SHA256
[1785244491] [NOISE_PROTOCOL_DEBUG] HANDSHAKE_INIT - Initial hash: [78, 111, 105, 115, 101, 95, 88, 88]
[1785244491] [NOISE_PROTOCOL_DEBUG] HANDSHAKE_INIT - Initial chaining key: [78, 111, 105, 115, 101, 95, 88, 88]
[1785244491] [NOISE_PROTOCOL_DEBUG] HANDSHAKE_INIT - Protocol name: Noise_XX_25519_ChaChaPoly_SHA256
[1785244491] [NOISE_PROTOCOL_DEBUG] HANDSHAKE_INIT - Initial hash: [78, 111, 105, 115, 101, 95, 88, 88]
[1785244491] [NOISE_PROTOCOL_DEBUG] HANDSHAKE_INIT - Initial chaining key: [78, 111, 105, 115, 101, 95, 88, 88]
[1785244491] [NOISE_PROTOCOL_DEBUG] HANDSHAKE_INIT - Protocol name: Noise_XX_25519_ChaChaPoly_SHA256
[1785244491] [NOISE_PROTOCOL_DEBUG] WRITE_MESSAGE_START - Pattern: XX, Current: 0/3
[1785244491] [NOISE_PROTOCOL_DEBUG] WRITE_MESSAGE_PATTERNS - Processing patterns: [E]
[1785244491] [NOISE_PROTOCOL_DEBUG] HANDSHAKE_INIT - Initial hash: [78, 111, 105, 115, 101, 95, 88, 88]
[1785244491] [NOISE_PROTOCOL_DEBUG] WRITE_MESSAGE_PATTERN - Processing pattern: E
[1785244491] [NOISE_PROTOCOL_DEBUG] HANDSHAKE_INIT - Initial chaining key: [78, 111, 105, 115, 101, 95, 88, 88]
[1785244491] [NOISE_PROTOCOL_DEBUG] WRITE_MESSAGE_E - Generating ephemeral key
[1785244491] [NOISE_PROTOCOL_DEBUG] WRITE_MESSAGE_START - Pattern: XX, Current: 0/3
[1785244491] [NOISE_PROTOCOL_DEBUG] WRITE_MESSAGE_PATTERNS - Processing patterns: [E]
[1785244491] [NOISE_PROTOCOL_DEBUG] WRITE_MESSAGE_PATTERN - Processing pattern: E
[1785244491] [NOISE_PROTOCOL_DEBUG] WRITE_MESSAGE_E - Generating ephemeral key
[1785244491] [NOISE_PROTOCOL_DEBUG] WRITE_MESSAGE_START - Pattern: XX, Current: 0/3
[1785244491] [NOISE_PROTOCOL_DEBUG] WRITE_MESSAGE_PATTERNS - Processing patterns: [E]
[1785244491] [NOISE_PROTOCOL_DEBUG] WRITE_MESSAGE_PATTERN - Processing pattern: E
[1785244491] [NOISE_PROTOCOL_DEBUG] WRITE_MESSAGE_E - Generating ephemeral key
[1785244491] [NOISE_PROTOCOL_DEBUG] WRITE_MESSAGE_E_DONE - Ephemeral key generated, buffer size: 32
[1785244491] [NOISE_PROTOCOL_DEBUG] WRITE_MESSAGE_ENCRYPT - Encrypting payload of 0 bytes
[1785244491] [NOISE_PROTOCOL_DEBUG] WRITE_MESSAGE_ENCRYPT_DONE - Payload encrypted, total buffer size: 32
[1785244491] [NOISE_PROTOCOL_DEBUG] WRITE_MESSAGE_COMPLETE - Message written, pattern 0 complete
[1785244491] [NOISE_PROTOCOL_DEBUG] WRITE_MESSAGE_E_DONE - Ephemeral key generated, buffer size: 32
[1785244491] [NOISE_PROTOCOL_DEBUG] WRITE_MESSAGE_ENCRYPT - Encrypting payload of 0 bytes
[1785244491] [NOISE_PROTOCOL_DEBUG] HANDSHAKE_INIT - Protocol name: Noise_XX_25519_ChaChaPoly_SHA256
[1785244491] [NOISE_PROTOCOL_DEBUG] WRITE_MESSAGE_ENCRYPT_DONE - Payload encrypted, total buffer size: 32
[1785244491] [NOISE_PROTOCOL_DEBUG] HANDSHAKE_INIT - Protocol name: Noise_XX_25519_ChaChaPoly_SHA256
[1785244491] [NOISE_PROTOCOL_DEBUG] WRITE_MESSAGE_COMPLETE - Message written, pattern 0 complete
[1785244491] [NOISE_PROTOCOL_DEBUG] HANDSHAKE_INIT - Initial hash: [78, 111, 105, 115, 101, 95, 88, 88]
[1785244491] [NOISE_PROTOCOL_DEBUG] HANDSHAKE_INIT - Initial hash: [78, 111, 105, 115, 101, 95, 88, 88]
[1785244491] [NOISE_PROTOCOL_DEBUG] HANDSHAKE_INIT - Initial chaining key: [78, 111, 105, 115, 101, 95, 88, 88]
[1785244491] [NOISE_PROTOCOL_DEBUG] HANDSHAKE_INIT - Initial chaining key: [78, 111, 105, 115, 101, 95, 88, 88]
[1785244491] [NOISE_PROTOCOL_DEBUG] HANDSHAKE_INIT - Protocol name: Noise_XX_25519_ChaChaPoly_SHA256
[1785244491] [NOISE_PROTOCOL_DEBUG] HANDSHAKE_INIT - Initial hash: [78, 111, 105, 115, 101, 95, 88, 88]
[1785244491] [NOISE_PROTOCOL_DEBUG] HANDSHAKE_INIT - Initial chaining key: [78, 111, 105, 115, 101, 95, 88, 88]
[1785244491] [NOISE_PROTOCOL_DEBUG] WRITE_MESSAGE_E_DONE - Ephemeral key generated, buffer size: 32
[1785244491] [NOISE_PROTOCOL_DEBUG] WRITE_MESSAGE_ENCRYPT - Encrypting payload of 0 bytes
[1785244491] [NOISE_PROTOCOL_DEBUG] WRITE_MESSAGE_ENCRYPT_DONE - Payload encrypted, total buffer size: 32
[1785244491] [NOISE_PROTOCOL_DEBUG] WRITE_MESSAGE_COMPLETE - Message written, pattern 0 complete
[1785244491] [NOISE_PROTOCOL_DEBUG] READ_MESSAGE_START - Pattern: XX, Current: 0/3
[1785244491] [NOISE_PROTOCOL_DEBUG] READ_MESSAGE_HASH_BEFORE - Hash before read: [243, 209, 94, 97, 8, 237, 149, 86]
[1785244491] [NOISE_PROTOCOL_DEBUG] WRITE_MESSAGE_START - Pattern: XX, Current: 0/3
[1785244491] [NOISE_PROTOCOL_DEBUG] READ_MESSAGE_PATTERNS - Processing patterns: [E]
[1785244491] [NOISE_PROTOCOL_DEBUG] WRITE_MESSAGE_PATTERNS - Processing patterns: [E]
[1785244491] [NOISE_PROTOCOL_DEBUG] HANDSHAKE_INIT - Protocol name: Noise_XX_25519_ChaChaPoly_SHA256
[1785244491] [NOISE_PROTOCOL_DEBUG] READ_MESSAGE_PATTERN - Processing pattern: E
[1785244491] [NOISE_PROTOCOL_DEBUG] WRITE_MESSAGE_PATTERN - Processing pattern: E
[1785244491] [NOISE_PROTOCOL_DEBUG] HANDSHAKE_INIT - Initial hash: [78, 111, 105, 115, 101, 95, 88, 88]
[1785244491] [NOISE_PROTOCOL_DEBUG] READ_MESSAGE_START - Pattern: XX, Current: 0/3
[1785244491] [NOISE_PROTOCOL_DEBUG] READ_MESSAGE_HASH_BEFORE_PATTERN - Hash before pattern: [243, 209, 94, 97, 8, 237, 149, 86]
[1785244491] [NOISE_PROTOCOL_DEBUG] WRITE_MESSAGE_E - Generating ephemeral key
[1785244491] [NOISE_PROTOCOL_DEBUG] HANDSHAKE_INIT - Initial chaining key: [78, 111, 105, 115, 101, 95, 88, 88]
[1785244491] [NOISE_PROTOCOL_DEBUG] READ_MESSAGE_HASH_BEFORE - Hash before read: [243, 209, 94, 97, 8, 237, 149, 86]
[1785244491] [NOISE_PROTOCOL_DEBUG] READ_MESSAGE_E - Reading ephemeral key
[1785244491] [NOISE_PROTOCOL_DEBUG] READ_MESSAGE_PATTERNS - Processing patterns: [E]
[1785244491] [NOISE_PROTOCOL_DEBUG] READ_MESSAGE_E_BYTES - Ephemeral key bytes: [225, 242, 184, 71, 139, 173, 13, 232]
[1785244491] [NOISE_PROTOCOL_DEBUG] READ_MESSAGE_PATTERN - Processing pattern: E
[1785244491] [NOISE_PROTOCOL_DEBUG] READ_MESSAGE_E_DONE - Ephemeral key read, offset: 32
[1785244491] [NOISE_PROTOCOL_DEBUG] READ_MESSAGE_HASH_BEFORE_PATTERN - Hash before pattern: [243, 209, 94, 97, 8, 237, 149, 86]
[1785244491] [NOISE_PROTOCOL_DEBUG] READ_MESSAGE_E - Reading ephemeral key
[1785244491] [NOISE_PROTOCOL_DEBUG] READ_MESSAGE_HASH_AFTER_PATTERN - Hash after pattern E: [146, 46, 52, 154, 75, 15, 227, 71]
[1785244491] [NOISE_PROTOCOL_DEBUG] READ_MESSAGE_E_BYTES - Ephemeral key bytes: [30, 220, 91, 2, 79, 210, 53, 187]
[1785244491] [NOISE_PROTOCOL_DEBUG] READ_MESSAGE_PAYLOAD - Decrypting payload, length: 0
[1785244491] [NOISE_PROTOCOL_DEBUG] DECRYPT_AND_HASH - No cipher key, treating as plaintext, length: 0
[1785244491] [NOISE_PROTOCOL_DEBUG] READ_MESSAGE_E_DONE - Ephemeral key read, offset: 32
[1785244491] [NOISE_PROTOCOL_DEBUG] DECRYPT_AND_HASH_PLAINTEXT - Hash mixed with plaintext
[1785244491] [NOISE_PROTOCOL_DEBUG] READ_MESSAGE_HASH_AFTER_PATTERN - Hash after pattern E: [184, 112, 245, 64, 140, 136, 246, 177]
[1785244491] [NOISE_PROTOCOL_DEBUG] READ_MESSAGE_PAYLOAD_SUCCESS - Payload decrypted successfully, length: 0
[1785244491] [NOISE_PROTOCOL_DEBUG] READ_MESSAGE_PAYLOAD - Decrypting payload, length: 0
[1785244491] [NOISE_PROTOCOL_DEBUG] READ_MESSAGE_COMPLETE - Message read successfully, new pattern: 1/3
[1785244491] [NOISE_PROTOCOL_DEBUG] DECRYPT_AND_HASH - No cipher key, treating as plaintext, length: 0
[1785244491] [NOISE_PROTOCOL_DEBUG] READ_MESSAGE_HASH_AFTER - Hash after read: [179, 18, 208, 68, 144, 44, 9, 0]
[1785244491] [NOISE_PROTOCOL_DEBUG] WRITE_MESSAGE_START - Pattern: XX, Current: 1/3
[1785244491] [NOISE_PROTOCOL_DEBUG] DECRYPT_AND_HASH_PLAINTEXT - Hash mixed with plaintext
[1785244491] [NOISE_PROTOCOL_DEBUG] WRITE_MESSAGE_PATTERNS - Processing patterns: [E, EE, S, ES]
[1785244491] [NOISE_PROTOCOL_DEBUG] READ_MESSAGE_PAYLOAD_SUCCESS - Payload decrypted successfully, length: 0
[1785244491] [NOISE_PROTOCOL_DEBUG] WRITE_MESSAGE_PATTERN - Processing pattern: E
[1785244491] [NOISE_PROTOCOL_DEBUG] READ_MESSAGE_COMPLETE - Message read successfully, new pattern: 1/3
[1785244491] [NOISE_PROTOCOL_DEBUG] WRITE_MESSAGE_E - Generating ephemeral key
[1785244491] [NOISE_PROTOCOL_DEBUG] READ_MESSAGE_HASH_AFTER - Hash after read: [157, 219, 122, 117, 39, 109, 111, 178]
[1785244491] [NOISE_PROTOCOL_DEBUG] READ_MESSAGE_START - Pattern: XX, Current: 0/3
[1785244491] [NOISE_PROTOCOL_DEBUG] WRITE_MESSAGE_START - Pattern: XX, Current: 1/3
[1785244491] [NOISE_PROTOCOL_DEBUG] READ_MESSAGE_HASH_BEFORE - Hash before read: [243, 209, 94, 97, 8, 237, 149, 86]
[1785244491] [NOISE_PROTOCOL_DEBUG] WRITE_MESSAGE_PATTERNS - Processing patterns: [E, EE, S, ES]
[1785244491] [NOISE_PROTOCOL_DEBUG] READ_MESSAGE_PATTERNS - Processing patterns: [E]
[1785244491] [NOISE_PROTOCOL_DEBUG] WRITE_MESSAGE_PATTERN - Processing pattern: E
[1785244491] [NOISE_PROTOCOL_DEBUG] WRITE_MESSAGE_E_DONE - Ephemeral key generated, buffer size: 32
[1785244491] [NOISE_PROTOCOL_DEBUG] READ_MESSAGE_PATTERN - Processing pattern: E
[1785244491] [NOISE_PROTOCOL_DEBUG] WRITE_MESSAGE_E - Generating ephemeral key
[1785244491] [NOISE_PROTOCOL_DEBUG] WRITE_MESSAGE_ENCRYPT - Encrypting payload of 0 bytes
[1785244491] [NOISE_PROTOCOL_DEBUG] READ_MESSAGE_HASH_BEFORE_PATTERN - Hash before pattern: [243, 209, 94, 97, 8, 237, 149, 86]
[1785244491] [NOISE_PROTOCOL_DEBUG] READ_MESSAGE_E - Reading ephemeral key
[1785244491] [NOISE_PROTOCOL_DEBUG] WRITE_MESSAGE_ENCRYPT_DONE - Payload encrypted, total buffer size: 32
[1785244491] [NOISE_PROTOCOL_DEBUG] READ_MESSAGE_E_BYTES - Ephemeral key bytes: [58, 239, 123, 195, 29, 207, 100, 67]
[1785244491] [NOISE_PROTOCOL_DEBUG] WRITE_MESSAGE_COMPLETE - Message written, pattern 0 complete
[1785244491] [NOISE_PROTOCOL_DEBUG] READ_MESSAGE_E_DONE - Ephemeral key read, offset: 32
[1785244491] [NOISE_PROTOCOL_DEBUG] READ_MESSAGE_HASH_AFTER_PATTERN - Hash after pattern E: [9, 13, 148, 220, 167, 109, 68, 158]
[1785244491] [NOISE_PROTOCOL_DEBUG] READ_MESSAGE_PAYLOAD - Decrypting payload, length: 0
[1785244491] [NOISE_PROTOCOL_DEBUG] DECRYPT_AND_HASH - No cipher key, treating as plaintext, length: 0
[1785244491] [NOISE_PROTOCOL_DEBUG] HANDSHAKE_INIT - Protocol name: Noise_XX_25519_ChaChaPoly_SHA256
[1785244491] [NOISE_PROTOCOL_DEBUG] HANDSHAKE_INIT - Initial hash: [78, 111, 105, 115, 101, 95, 88, 88]
[1785244491] [NOISE_PROTOCOL_DEBUG] DECRYPT_AND_HASH_PLAINTEXT - Hash mixed with plaintext
[1785244491] [NOISE_PROTOCOL_DEBUG] HANDSHAKE_INIT - Initial chaining key: [78, 111, 105, 115, 101, 95, 88, 88]
[1785244491] [NOISE_PROTOCOL_DEBUG] WRITE_MESSAGE_E_DONE - Ephemeral key generated, buffer size: 32
[1785244491] [NOISE_PROTOCOL_DEBUG] READ_MESSAGE_PAYLOAD_SUCCESS - Payload decrypted successfully, length: 0
[1785244491] [NOISE_PROTOCOL_DEBUG] WRITE_MESSAGE_PATTERN - Processing pattern: EE
[1785244491] [NOISE_PROTOCOL_DEBUG] READ_MESSAGE_COMPLETE - Message read successfully, new pattern: 1/3
[1785244491] [NOISE_PROTOCOL_DEBUG] WRITE_MESSAGE_EE - Performing DH(ephemeral, ephemeral)
[1785244491] [NOISE_PROTOCOL_DEBUG] READ_MESSAGE_HASH_AFTER - Hash after read: [193, 14, 183, 101, 204, 150, 242, 232]
[1785244491] [NOISE_PROTOCOL_DEBUG] WRITE_MESSAGE_START - Pattern: XX, Current: 1/3
[1785244491] [NOISE_PROTOCOL_DEBUG] WRITE_MESSAGE_PATTERNS - Processing patterns: [E, EE, S, ES]
[1785244491] [NOISE_PROTOCOL_DEBUG] WRITE_MESSAGE_E_DONE - Ephemeral key generated, buffer size: 32
[1785244491] [NOISE_PROTOCOL_DEBUG] WRITE_MESSAGE_PATTERN - Processing pattern: E
[1785244491] [NOISE_PROTOCOL_DEBUG] WRITE_MESSAGE_PATTERN - Processing pattern: EE
[1785244491] [NOISE_PROTOCOL_DEBUG] WRITE_MESSAGE_E - Generating ephemeral key
[1785244491] [NOISE_PROTOCOL_DEBUG] WRITE_MESSAGE_EE - Performing DH(ephemeral, ephemeral)
[1785244491] [NOISE_PROTOCOL_DEBUG] READ_MESSAGE_START - Pattern: XX, Current: 0/3
[1785244491] [NOISE_PROTOCOL_DEBUG] READ_MESSAGE_HASH_BEFORE - Hash before read: [243, 209, 94, 97, 8, 237, 149, 86]
[1785244491] [NOISE_PROTOCOL_DEBUG] READ_MESSAGE_PATTERNS - Processing patterns: [E]
[1785244491] [NOISE_PROTOCOL_DEBUG] READ_MESSAGE_PATTERN - Processing pattern: E
[1785244491] [NOISE_PROTOCOL_DEBUG] READ_MESSAGE_HASH_BEFORE_PATTERN - Hash before pattern: [243, 209, 94, 97, 8, 237, 149, 86]
[1785244491] [NOISE_PROTOCOL_DEBUG] READ_MESSAGE_E - Reading ephemeral key
[1785244491] [NOISE_PROTOCOL_DEBUG] READ_MESSAGE_E_BYTES - Ephemeral key bytes: [173, 255, 158, 116, 251, 163, 194, 70]
[1785244491] [NOISE_PROTOCOL_DEBUG] WRITE_MESSAGE_E_DONE - Ephemeral key generated, buffer size: 32
[1785244491] [NOISE_PROTOCOL_DEBUG] READ_MESSAGE_E_DONE - Ephemeral key read, offset: 32
[1785244491] [NOISE_PROTOCOL_DEBUG] WRITE_MESSAGE_PATTERN - Processing pattern: EE
[1785244491] [NOISE_PROTOCOL_DEBUG] READ_MESSAGE_HASH_AFTER_PATTERN - Hash after pattern E: [58, 2, 75, 242, 1, 57, 3, 37]
[1785244491] [NOISE_PROTOCOL_DEBUG] WRITE_MESSAGE_EE - Performing DH(ephemeral, ephemeral)
[1785244491] [NOISE_PROTOCOL_DEBUG] READ_MESSAGE_PAYLOAD - Decrypting payload, length: 0
[1785244491] [NOISE_PROTOCOL_DEBUG] DECRYPT_AND_HASH - No cipher key, treating as plaintext, length: 0
[1785244491] [NOISE_PROTOCOL_DEBUG] DECRYPT_AND_HASH_PLAINTEXT - Hash mixed with plaintext
[1785244491] [NOISE_PROTOCOL_DEBUG] READ_MESSAGE_PAYLOAD_SUCCESS - Payload decrypted successfully, length: 0
[1785244491] [NOISE_PROTOCOL_DEBUG] READ_MESSAGE_COMPLETE - Message read successfully, new pattern: 1/3
[1785244491] [NOISE_PROTOCOL_DEBUG] READ_MESSAGE_HASH_AFTER - Hash after read: [202, 248, 24, 147, 166, 31, 111, 90]
[1785244491] [NOISE_PROTOCOL_DEBUG] WRITE_MESSAGE_START - Pattern: XX, Current: 1/3
[1785244491] [NOISE_PROTOCOL_DEBUG] WRITE_MESSAGE_PATTERNS - Processing patterns: [E, EE, S, ES]
[1785244491] [NOISE_PROTOCOL_DEBUG] WRITE_MESSAGE_PATTERN - Processing pattern: E
[1785244491] [NOISE_PROTOCOL_DEBUG] WRITE_MESSAGE_E - Generating ephemeral key
[1785244491] [NOISE_PROTOCOL_DEBUG] WRITE_MESSAGE_EE_DONE - DH(ephemeral, ephemeral) completed
[1785244491] [NOISE_PROTOCOL_DEBUG] WRITE_MESSAGE_PATTERN - Processing pattern: S
[1785244491] [NOISE_PROTOCOL_DEBUG] WRITE_MESSAGE_S - Sending static key
[1785244491] [NOISE_PROTOCOL_DEBUG] CIPHER_ENCRYPT - Encrypting with key, plaintext length: 32
[1785244491] [NOISE_PROTOCOL_DEBUG] CIPHER_ENCRYPT_KEY - Key length: 32
[1785244491] [NOISE_PROTOCOL_DEBUG] CIPHER_ENCRYPT_NONCE - Current nonce: 0
[1785244491] [NOISE_PROTOCOL_DEBUG] WRITE_MESSAGE_EE_DONE - DH(ephemeral, ephemeral) completed
[1785244491] [NOISE_PROTOCOL_DEBUG] CIPHER_ENCRYPT_ASSOCIATED_DATA - Associated data length: 32
[1785244491] [NOISE_PROTOCOL_DEBUG] WRITE_MESSAGE_PATTERN - Processing pattern: S
[1785244491] [NOISE_PROTOCOL_DEBUG] WRITE_MESSAGE_S - Sending static key
[1785244491] [NOISE_PROTOCOL_DEBUG] CIPHER_ENCRYPT - Encrypting with key, plaintext length: 32
[1785244491] [NOISE_PROTOCOL_DEBUG] CIPHER_ENCRYPT_KEY - Key length: 32
[1785244491] [NOISE_PROTOCOL_DEBUG] CIPHER_ENCRYPT_NONCE - Current nonce: 0
[1785244491] [NOISE_PROTOCOL_DEBUG] CIPHER_ENCRYPT_ASSOCIATED_DATA - Associated data length: 32
[1785244491] [NOISE_PROTOCOL_DEBUG] WRITE_MESSAGE_E_DONE - Ephemeral key generated, buffer size: 32
[1785244491] [NOISE_PROTOCOL_DEBUG] WRITE_MESSAGE_PATTERN - Processing pattern: EE
[1785244491] [NOISE_PROTOCOL_DEBUG] WRITE_MESSAGE_EE - Performing DH(ephemeral, ephemeral)
[1785244491] [NOISE_PROTOCOL_DEBUG] CIPHER_ENCRYPT_SUCCESS - Encryption successful, ciphertext length: 48
[1785244491] [NOISE_PROTOCOL_DEBUG] WRITE_MESSAGE_S_DONE - Static key encrypted and sent, buffer size: 80
[1785244491] [NOISE_PROTOCOL_DEBUG] WRITE_MESSAGE_PATTERN - Processing pattern: ES
[1785244491] [NOISE_PROTOCOL_DEBUG] WRITE_MESSAGE_ES - Performing DH(ephemeral, static), role: Responder
[1785244491] [NOISE_PROTOCOL_DEBUG] CIPHER_ENCRYPT_SUCCESS - Encryption successful, ciphertext length: 48
[1785244491] [NOISE_PROTOCOL_DEBUG] WRITE_MESSAGE_S_DONE - Static key encrypted and sent, buffer size: 80
[1785244491] [NOISE_PROTOCOL_DEBUG] WRITE_MESSAGE_PATTERN - Processing pattern: ES
[1785244491] [NOISE_PROTOCOL_DEBUG] WRITE_MESSAGE_ES - Performing DH(ephemeral, static), role: Responder
[1785244491] [NOISE_PROTOCOL_DEBUG] WRITE_MESSAGE_EE_DONE - DH(ephemeral, ephemeral) completed
[1785244491] [NOISE_PROTOCOL_DEBUG] WRITE_MESSAGE_PATTERN - Processing pattern: S
[1785244491] [NOISE_PROTOCOL_DEBUG] WRITE_MESSAGE_S - Sending static key
[1785244491] [NOISE_PROTOCOL_DEBUG] CIPHER_ENCRYPT - Encrypting with key, plaintext length: 32
[1785244491] [NOISE_PROTOCOL_DEBUG] CIPHER_ENCRYPT_KEY - Key length: 32
[1785244491] [NOISE_PROTOCOL_DEBUG] CIPHER_ENCRYPT_NONCE - Current nonce: 0
[1785244491] [NOISE_PROTOCOL_DEBUG] CIPHER_ENCRYPT_ASSOCIATED_DATA - Associated data length: 32
[1785244491] [NOISE_PROTOCOL_DEBUG] CIPHER_ENCRYPT_SUCCESS - Encryption successful, ciphertext length: 48
[1785244491] [NOISE_PROTOCOL_DEBUG] WRITE_MESSAGE_S_DONE - Static key encrypted and sent, buffer size: 80
[1785244491] [NOISE_PROTOCOL_DEBUG] WRITE_MESSAGE_PATTERN - Processing pattern: ES
[1785244491] [NOISE_PROTOCOL_DEBUG] WRITE_MESSAGE_ES - Performing DH(ephemeral, static), role: Responder
[1785244491] [NOISE_PROTOCOL_DEBUG] WRITE_MESSAGE_EE_DONE - DH(ephemeral, ephemeral) completed
[1785244491] [NOISE_PROTOCOL_DEBUG] WRITE_MESSAGE_ES_DONE - DH(ephemeral, static) completed for responder
[1785244491] [NOISE_PROTOCOL_DEBUG] WRITE_MESSAGE_PATTERN - Processing pattern: S
[1785244491] [NOISE_PROTOCOL_DEBUG] WRITE_MESSAGE_ENCRYPT - Encrypting payload of 0 bytes
[1785244491] [NOISE_PROTOCOL_DEBUG] WRITE_MESSAGE_S - Sending static key
[1785244491] [NOISE_PROTOCOL_DEBUG] CIPHER_ENCRYPT - Encrypting with key, plaintext length: 0
[1785244491] [NOISE_PROTOCOL_DEBUG] CIPHER_ENCRYPT - Encrypting with key, plaintext length: 32
[1785244491] [NOISE_PROTOCOL_DEBUG] CIPHER_ENCRYPT_KEY - Key length: 32
[1785244491] [NOISE_PROTOCOL_DEBUG] CIPHER_ENCRYPT_KEY - Key length: 32
[1785244491] [NOISE_PROTOCOL_DEBUG] CIPHER_ENCRYPT_NONCE - Current nonce: 0
[1785244491] [NOISE_PROTOCOL_DEBUG] CIPHER_ENCRYPT_NONCE - Current nonce: 0
[1785244491] [NOISE_PROTOCOL_DEBUG] WRITE_MESSAGE_ES_DONE - DH(ephemeral, static) completed for responder
[1785244491] [NOISE_PROTOCOL_DEBUG] CIPHER_ENCRYPT_ASSOCIATED_DATA - Associated data length: 32
[1785244491] [NOISE_PROTOCOL_DEBUG] CIPHER_ENCRYPT_ASSOCIATED_DATA - Associated data length: 32
[1785244491] [NOISE_PROTOCOL_DEBUG] WRITE_MESSAGE_ENCRYPT - Encrypting payload of 0 bytes
[1785244491] [NOISE_PROTOCOL_DEBUG] CIPHER_ENCRYPT - Encrypting with key, plaintext length: 0
[1785244491] [NOISE_PROTOCOL_DEBUG] CIPHER_ENCRYPT_KEY - Key length: 32
[1785244491] [NOISE_PROTOCOL_DEBUG] CIPHER_ENCRYPT_NONCE - Current nonce: 0
[1785244491] [NOISE_PROTOCOL_DEBUG] CIPHER_ENCRYPT_ASSOCIATED_DATA - Associated data length: 32
[1785244491] [NOISE_PROTOCOL_DEBUG] CIPHER_ENCRYPT_SUCCESS - Encryption successful, ciphertext length: 16
[1785244491] [NOISE_PROTOCOL_DEBUG] WRITE_MESSAGE_ENCRYPT_DONE - Payload encrypted, total buffer size: 96
[1785244491] [NOISE_PROTOCOL_DEBUG] WRITE_MESSAGE_COMPLETE - Message written, pattern 1 complete
[1785244491] [NOISE_PROTOCOL_DEBUG] CIPHER_ENCRYPT_SUCCESS - Encryption successful, ciphertext length: 16
[1785244491] [NOISE_PROTOCOL_DEBUG] CIPHER_ENCRYPT_SUCCESS - Encryption successful, ciphertext length: 48
[1785244491] [NOISE_PROTOCOL_DEBUG] WRITE_MESSAGE_ENCRYPT_DONE - Payload encrypted, total buffer size: 96
[1785244491] [NOISE_PROTOCOL_DEBUG] READ_MESSAGE_START - Pattern: XX, Current: 1/3
[1785244491] [NOISE_PROTOCOL_DEBUG] WRITE_MESSAGE_S_DONE - Static key encrypted and sent, buffer size: 80
[1785244491] [NOISE_PROTOCOL_DEBUG] WRITE_MESSAGE_COMPLETE - Message written, pattern 1 complete
[1785244491] [NOISE_PROTOCOL_DEBUG] READ_MESSAGE_HASH_BEFORE - Hash before read: [179, 18, 208, 68, 144, 44, 9, 0]
[1785244491] [NOISE_PROTOCOL_DEBUG] WRITE_MESSAGE_PATTERN - Processing pattern: ES
[1785244491] [NOISE_PROTOCOL_DEBUG] READ_MESSAGE_PATTERNS - Processing patterns: [E, EE, S, ES]
[1785244491] [NOISE_PROTOCOL_DEBUG] WRITE_MESSAGE_ES - Performing DH(ephemeral, static), role: Responder
[1785244491] [NOISE_PROTOCOL_DEBUG] READ_MESSAGE_PATTERN - Processing pattern: E
[1785244491] [NOISE_PROTOCOL_DEBUG] READ_MESSAGE_HASH_BEFORE_PATTERN - Hash before pattern: [179, 18, 208, 68, 144, 44, 9, 0]
[1785244491] [NOISE_PROTOCOL_DEBUG] READ_MESSAGE_START - Pattern: XX, Current: 1/3
[1785244491] [NOISE_PROTOCOL_DEBUG] READ_MESSAGE_E - Reading ephemeral key
[1785244491] [NOISE_PROTOCOL_DEBUG] READ_MESSAGE_HASH_BEFORE - Hash before read: [157, 219, 122, 117, 39, 109, 111, 178]
[1785244491] [NOISE_PROTOCOL_DEBUG] READ_MESSAGE_E_BYTES - Ephemeral key bytes: [26, 7, 182, 138, 197, 29, 66, 166]
[1785244491] [NOISE_PROTOCOL_DEBUG] READ_MESSAGE_PATTERNS - Processing patterns: [E, EE, S, ES]
[1785244491] [NOISE_PROTOCOL_DEBUG] READ_MESSAGE_PATTERN - Processing pattern: E
[1785244491] [NOISE_PROTOCOL_DEBUG] READ_MESSAGE_E_DONE - Ephemeral key read, offset: 32
[1785244491] [NOISE_PROTOCOL_DEBUG] READ_MESSAGE_HASH_BEFORE_PATTERN - Hash before pattern: [157, 219, 122, 117, 39, 109, 111, 178]
[1785244491] [NOISE_PROTOCOL_DEBUG] READ_MESSAGE_E - Reading ephemeral key
[1785244491] [NOISE_PROTOCOL_DEBUG] READ_MESSAGE_HASH_AFTER_PATTERN - Hash after pattern E: [58, 200, 49, 176, 66, 158, 186, 42]
[1785244491] [NOISE_PROTOCOL_DEBUG] READ_MESSAGE_E_BYTES - Ephemeral key bytes: [118, 62, 188, 43, 45, 195, 160, 12]
[1785244491] [NOISE_PROTOCOL_DEBUG] READ_MESSAGE_PATTERN - Processing pattern: EE
[1785244491] [NOISE_PROTOCOL_DEBUG] READ_MESSAGE_HASH_BEFORE_PATTERN - Hash before pattern: [58, 200, 49, 176, 66, 158, 186, 42]
[1785244491] [NOISE_PROTOCOL_DEBUG] READ_MESSAGE_E_DONE - Ephemeral key read, offset: 32
[1785244491] [NOISE_PROTOCOL_DEBUG] READ_MESSAGE_EE - Performing DH(ephemeral, ephemeral)
[1785244491] [NOISE_PROTOCOL_DEBUG] READ_MESSAGE_HASH_AFTER_PATTERN - Hash after pattern E: [236, 210, 31, 10, 21, 47, 253, 194]
[1785244491] [NOISE_PROTOCOL_DEBUG] READ_MESSAGE_PATTERN - Processing pattern: EE
[1785244491] [NOISE_PROTOCOL_DEBUG] READ_MESSAGE_HASH_BEFORE_PATTERN - Hash before pattern: [236, 210, 31, 10, 21, 47, 253, 194]
[1785244491] [NOISE_PROTOCOL_DEBUG] READ_MESSAGE_EE - Performing DH(ephemeral, ephemeral)
[1785244491] [NOISE_PROTOCOL_DEBUG] WRITE_MESSAGE_ES_DONE - DH(ephemeral, static) completed for responder
[1785244491] [NOISE_PROTOCOL_DEBUG] WRITE_MESSAGE_ENCRYPT - Encrypting payload of 0 bytes
[1785244491] [NOISE_PROTOCOL_DEBUG] CIPHER_ENCRYPT - Encrypting with key, plaintext length: 0
[1785244491] [NOISE_PROTOCOL_DEBUG] CIPHER_ENCRYPT_KEY - Key length: 32
[1785244491] [NOISE_PROTOCOL_DEBUG] CIPHER_ENCRYPT_NONCE - Current nonce: 0
[1785244491] [NOISE_PROTOCOL_DEBUG] CIPHER_ENCRYPT_ASSOCIATED_DATA - Associated data length: 32
[1785244491] [NOISE_PROTOCOL_DEBUG] CIPHER_ENCRYPT_SUCCESS - Encryption successful, ciphertext length: 16
[1785244491] [NOISE_PROTOCOL_DEBUG] WRITE_MESSAGE_ENCRYPT_DONE - Payload encrypted, total buffer size: 96
[1785244491] [NOISE_PROTOCOL_DEBUG] WRITE_MESSAGE_COMPLETE - Message written, pattern 1 complete
[1785244491] [NOISE_PROTOCOL_DEBUG] READ_MESSAGE_START - Pattern: XX, Current: 1/3
[1785244491] [NOISE_PROTOCOL_DEBUG] READ_MESSAGE_HASH_BEFORE - Hash before read: [193, 14, 183, 101, 204, 150, 242, 232]
[1785244491] [NOISE_PROTOCOL_DEBUG] READ_MESSAGE_PATTERNS - Processing patterns: [E, EE, S, ES]
[1785244491] [NOISE_PROTOCOL_DEBUG] READ_MESSAGE_PATTERN - Processing pattern: E
[1785244491] [NOISE_PROTOCOL_DEBUG] READ_MESSAGE_HASH_BEFORE_PATTERN - Hash before pattern: [193, 14, 183, 101, 204, 150, 242, 232]
[1785244491] [NOISE_PROTOCOL_DEBUG] READ_MESSAGE_E - Reading ephemeral key
[1785244491] [NOISE_PROTOCOL_DEBUG] READ_MESSAGE_E_BYTES - Ephemeral key bytes: [1, 44, 66, 44, 108, 120, 115, 215]
[1785244491] [NOISE_PROTOCOL_DEBUG] READ_MESSAGE_E_DONE - Ephemeral key read, offset: 32
[1785244491] [NOISE_PROTOCOL_DEBUG] READ_MESSAGE_HASH_AFTER_PATTERN - Hash after pattern E: [43, 36, 178, 176, 191, 98, 43, 138]
[1785244491] [NOISE_PROTOCOL_DEBUG] READ_MESSAGE_PATTERN - Processing pattern: EE
[1785244491] [NOISE_PROTOCOL_DEBUG] READ_MESSAGE_HASH_BEFORE_PATTERN - Hash before pattern: [43, 36, 178, 176, 191, 98, 43, 138]
[1785244491] [NOISE_PROTOCOL_DEBUG] WRITE_MESSAGE_ES_DONE - DH(ephemeral, static) completed for responder
[1785244491] [NOISE_PROTOCOL_DEBUG] READ_MESSAGE_EE - Performing DH(ephemeral, ephemeral)
[1785244491] [NOISE_PROTOCOL_DEBUG] WRITE_MESSAGE_ENCRYPT - Encrypting payload of 0 bytes
[1785244491] [NOISE_PROTOCOL_DEBUG] CIPHER_ENCRYPT - Encrypting with key, plaintext length: 0
[1785244491] [NOISE_PROTOCOL_DEBUG] CIPHER_ENCRYPT_KEY - Key length: 32
[1785244491] [NOISE_PROTOCOL_DEBUG] CIPHER_ENCRYPT_NONCE - Current nonce: 0
[1785244491] [NOISE_PROTOCOL_DEBUG] READ_MESSAGE_EE_DONE - DH(ephemeral, ephemeral) completed
[1785244491] [NOISE_PROTOCOL_DEBUG] CIPHER_ENCRYPT_ASSOCIATED_DATA - Associated data length: 32
[1785244491] [NOISE_PROTOCOL_DEBUG] READ_MESSAGE_HASH_AFTER_PATTERN - Hash after pattern EE: [58, 200, 49, 176, 66, 158, 186, 42]
[1785244491] [NOISE_PROTOCOL_DEBUG] READ_MESSAGE_PATTERN - Processing pattern: S
[1785244491] [NOISE_PROTOCOL_DEBUG] READ_MESSAGE_HASH_BEFORE_PATTERN - Hash before pattern: [58, 200, 49, 176, 66, 158, 186, 42]
[1785244491] [NOISE_PROTOCOL_DEBUG] READ_MESSAGE_S - Reading static key
[1785244491] [NOISE_PROTOCOL_DEBUG] READ_MESSAGE_EE_DONE - DH(ephemeral, ephemeral) completed
[1785244491] [NOISE_PROTOCOL_DEBUG] READ_MESSAGE_S_CHECK - Checking static key length: need 48 bytes, available 64 bytes, has_cipher_key: true
[1785244491] [NOISE_PROTOCOL_DEBUG] READ_MESSAGE_HASH_AFTER_PATTERN - Hash after pattern EE: [236, 210, 31, 10, 21, 47, 253, 194]
[1785244491] [NOISE_PROTOCOL_DEBUG] READ_MESSAGE_S_DATA - Static key data length: 48, has_cipher_key: true
[1785244491] [NOISE_PROTOCOL_DEBUG] READ_MESSAGE_PATTERN - Processing pattern: S
[1785244491] [NOISE_PROTOCOL_DEBUG] DECRYPT_AND_HASH - Decrypting with cipher key, ciphertext length: 48
[1785244491] [NOISE_PROTOCOL_DEBUG] CIPHER_ENCRYPT_SUCCESS - Encryption successful, ciphertext length: 16
[1785244491] [NOISE_PROTOCOL_DEBUG] READ_MESSAGE_HASH_BEFORE_PATTERN - Hash before pattern: [236, 210, 31, 10, 21, 47, 253, 194]
[1785244491] [NOISE_PROTOCOL_DEBUG] DECRYPT_AND_HASH_HASH - Current hash length: 32
[1785244491] [NOISE_PROTOCOL_DEBUG] READ_MESSAGE_S - Reading static key
[1785244491] [NOISE_PROTOCOL_DEBUG] DECRYPT_AND_HASH_HASH_BYTES - Hash bytes: [58, 200, 49, 176, 66, 158, 186, 42]
[1785244491] [NOISE_PROTOCOL_DEBUG] WRITE_MESSAGE_ENCRYPT_DONE - Payload encrypted, total buffer size: 96
[1785244491] [NOISE_PROTOCOL_DEBUG] READ_MESSAGE_S_CHECK - Checking static key length: need 48 bytes, available 64 bytes, has_cipher_key: true
[1785244491] [NOISE_PROTOCOL_DEBUG] CIPHER_DECRYPT - Decrypting with key, ciphertext length: 48
[1785244491] [NOISE_PROTOCOL_DEBUG] WRITE_MESSAGE_COMPLETE - Message written, pattern 1 complete
[1785244491] [NOISE_PROTOCOL_DEBUG] READ_MESSAGE_S_DATA - Static key data length: 48, has_cipher_key: true
[1785244491] [NOISE_PROTOCOL_DEBUG] DECRYPT_AND_HASH - Decrypting with cipher key, ciphertext length: 48
[1785244491] [NOISE_PROTOCOL_DEBUG] DECRYPT_AND_HASH_HASH - Current hash length: 32
[1785244491] [NOISE_PROTOCOL_DEBUG] DECRYPT_AND_HASH_HASH_BYTES - Hash bytes: [236, 210, 31, 10, 21, 47, 253, 194]
[1785244491] [NOISE_PROTOCOL_DEBUG] READ_MESSAGE_START - Pattern: XX, Current: 1/3
[1785244491] [NOISE_PROTOCOL_DEBUG] CIPHER_DECRYPT - Decrypting with key, ciphertext length: 48
[1785244491] [NOISE_PROTOCOL_DEBUG] READ_MESSAGE_HASH_BEFORE - Hash before read: [202, 248, 24, 147, 166, 31, 111, 90]
[1785244491] [NOISE_PROTOCOL_DEBUG] READ_MESSAGE_PATTERNS - Processing patterns: [E, EE, S, ES]
[1785244491] [NOISE_PROTOCOL_DEBUG] READ_MESSAGE_PATTERN - Processing pattern: E
[1785244491] [NOISE_PROTOCOL_DEBUG] READ_MESSAGE_HASH_BEFORE_PATTERN - Hash before pattern: [202, 248, 24, 147, 166, 31, 111, 90]
[1785244491] [NOISE_PROTOCOL_DEBUG] READ_MESSAGE_E - Reading ephemeral key
[1785244491] [NOISE_PROTOCOL_DEBUG] CIPHER_DECRYPT_SUCCESS - Decryption successful, plaintext length: 32
[1785244491] [NOISE_PROTOCOL_DEBUG] READ_MESSAGE_E_BYTES - Ephemeral key bytes: [234, 226, 18, 185, 160, 22, 179, 110]
[1785244491] [NOISE_PROTOCOL_DEBUG] DECRYPT_AND_HASH_SUCCESS - Decryption successful, plaintext length: 32
[1785244491] [NOISE_PROTOCOL_DEBUG] READ_MESSAGE_E_DONE - Ephemeral key read, offset: 32
[1785244491] [NOISE_PROTOCOL_DEBUG] DECRYPT_AND_HASH_HASH_MIXED - Hash mixed with ciphertext
[1785244491] [NOISE_PROTOCOL_DEBUG] READ_MESSAGE_HASH_AFTER_PATTERN - Hash after pattern E: [13, 237, 155, 205, 190, 223, 60, 135]
[1785244491] [NOISE_PROTOCOL_DEBUG] READ_MESSAGE_S_DONE - Static key read and validated successfully
[1785244491] [NOISE_PROTOCOL_DEBUG] CIPHER_DECRYPT_SUCCESS - Decryption successful, plaintext length: 32
[1785244491] [NOISE_PROTOCOL_DEBUG] READ_MESSAGE_PATTERN - Processing pattern: EE
[1785244491] [NOISE_PROTOCOL_DEBUG] READ_MESSAGE_HASH_AFTER_PATTERN - Hash after pattern S: [75, 41, 68, 99, 241, 99, 235, 2]
[1785244491] [NOISE_PROTOCOL_DEBUG] DECRYPT_AND_HASH_SUCCESS - Decryption successful, plaintext length: 32
[1785244491] [NOISE_PROTOCOL_DEBUG] READ_MESSAGE_HASH_BEFORE_PATTERN - Hash before pattern: [13, 237, 155, 205, 190, 223, 60, 135]
[1785244491] [NOISE_PROTOCOL_DEBUG] READ_MESSAGE_PATTERN - Processing pattern: ES
[1785244491] [NOISE_PROTOCOL_DEBUG] READ_MESSAGE_EE - Performing DH(ephemeral, ephemeral)
[1785244491] [NOISE_PROTOCOL_DEBUG] READ_MESSAGE_HASH_BEFORE_PATTERN - Hash before pattern: [75, 41, 68, 99, 241, 99, 235, 2]
[1785244491] [NOISE_PROTOCOL_DEBUG] DECRYPT_AND_HASH_HASH_MIXED - Hash mixed with ciphertext
[1785244491] [NOISE_PROTOCOL_DEBUG] READ_MESSAGE_ES - Performing DH(ephemeral, static)
[1785244491] [NOISE_PROTOCOL_DEBUG] READ_MESSAGE_S_DONE - Static key read and validated successfully
[1785244491] [NOISE_PROTOCOL_DEBUG] READ_MESSAGE_HASH_AFTER_PATTERN - Hash after pattern S: [53, 87, 11, 181, 173, 2, 97, 76]
[1785244491] [NOISE_PROTOCOL_DEBUG] READ_MESSAGE_PATTERN - Processing pattern: ES
[1785244491] [NOISE_PROTOCOL_DEBUG] READ_MESSAGE_HASH_BEFORE_PATTERN - Hash before pattern: [53, 87, 11, 181, 173, 2, 97, 76]
[1785244491] [NOISE_PROTOCOL_DEBUG] READ_MESSAGE_ES - Performing DH(ephemeral, static)
[1785244491] [NOISE_PROTOCOL_DEBUG] READ_MESSAGE_EE_DONE - DH(ephemeral, ephemeral) completed
[1785244491] [NOISE_PROTOCOL_DEBUG] READ_MESSAGE_HASH_AFTER_PATTERN - Hash after pattern EE: [43, 36, 178, 176, 191, 98, 43, 138]
[1785244491] [NOISE_PROTOCOL_DEBUG] READ_MESSAGE_PATTERN - Processing pattern: S
[1785244491] [NOISE_PROTOCOL_DEBUG] READ_MESSAGE_HASH_BEFORE_PATTERN - Hash before pattern: [43, 36, 178, 176, 191, 98, 43, 138]
[1785244491] [NOISE_PROTOCOL_DEBUG] READ_MESSAGE_S - Reading static key
[1785244491] [NOISE_PROTOCOL_DEBUG] READ_MESSAGE_S_CHECK - Checking static key length: need 48 bytes, available 64 bytes, has_cipher_key: true
[1785244491] [NOISE_PROTOCOL_DEBUG] READ_MESSAGE_S_DATA - Static key data length: 48, has_cipher_key: true
[1785244491] [NOISE_PROTOCOL_DEBUG] DECRYPT_AND_HASH - Decrypting with cipher key, ciphertext length: 48
[1785244491] [NOISE_PROTOCOL_DEBUG] DECRYPT_AND_HASH_HASH - Current hash length: 32
[1785244491] [NOISE_PROTOCOL_DEBUG] DECRYPT_AND_HASH_HASH_BYTES - Hash bytes: [43, 36, 178, 176, 191, 98, 43, 138]
[1785244491] [NOISE_PROTOCOL_DEBUG] CIPHER_DECRYPT - Decrypting with key, ciphertext length: 48
[1785244491] [NOISE_PROTOCOL_DEBUG] CIPHER_DECRYPT_SUCCESS - Decryption successful, plaintext length: 32
[1785244491] [NOISE_PROTOCOL_DEBUG] DECRYPT_AND_HASH_SUCCESS - Decryption successful, plaintext length: 32
[1785244491] [NOISE_PROTOCOL_DEBUG] DECRYPT_AND_HASH_HASH_MIXED - Hash mixed with ciphertext
[1785244491] [NOISE_PROTOCOL_DEBUG] READ_MESSAGE_S_DONE - Static key read and validated successfully
[1785244491] [NOISE_PROTOCOL_DEBUG] READ_MESSAGE_HASH_AFTER_PATTERN - Hash after pattern S: [120, 95, 134, 2, 255, 55, 137, 17]
[1785244491] [NOISE_PROTOCOL_DEBUG] READ_MESSAGE_PATTERN - Processing pattern: ES
[1785244491] [NOISE_PROTOCOL_DEBUG] READ_MESSAGE_ES_DONE - DH(ephemeral, static) completed
[1785244491] [NOISE_PROTOCOL_DEBUG] READ_MESSAGE_HASH_BEFORE_PATTERN - Hash before pattern: [120, 95, 134, 2, 255, 55, 137, 17]
[1785244491] [NOISE_PROTOCOL_DEBUG] READ_MESSAGE_ES - Performing DH(ephemeral, static)
[1785244491] [NOISE_PROTOCOL_DEBUG] READ_MESSAGE_HASH_AFTER_PATTERN - Hash after pattern ES: [75, 41, 68, 99, 241, 99, 235, 2]
[1785244491] [NOISE_PROTOCOL_DEBUG] READ_MESSAGE_PAYLOAD - Decrypting payload, length: 16
[1785244491] [NOISE_PROTOCOL_DEBUG] DECRYPT_AND_HASH - Decrypting with cipher key, ciphertext length: 16
[1785244491] [NOISE_PROTOCOL_DEBUG] DECRYPT_AND_HASH_HASH - Current hash length: 32
[1785244491] [NOISE_PROTOCOL_DEBUG] READ_MESSAGE_EE_DONE - DH(ephemeral, ephemeral) completed
[1785244491] [NOISE_PROTOCOL_DEBUG] DECRYPT_AND_HASH_HASH_BYTES - Hash bytes: [75, 41, 68, 99, 241, 99, 235, 2]
[1785244491] [NOISE_PROTOCOL_DEBUG] READ_MESSAGE_ES_DONE - DH(ephemeral, static) completed
[1785244491] [NOISE_PROTOCOL_DEBUG] READ_MESSAGE_HASH_AFTER_PATTERN - Hash after pattern EE: [13, 237, 155, 205, 190, 223, 60, 135]
[1785244491] [NOISE_PROTOCOL_DEBUG] CIPHER_DECRYPT - Decrypting with key, ciphertext length: 16
[1785244491] [NOISE_PROTOCOL_DEBUG] READ_MESSAGE_PATTERN - Processing pattern: S
[1785244491] [NOISE_PROTOCOL_DEBUG] READ_MESSAGE_HASH_AFTER_PATTERN - Hash after pattern ES: [53, 87, 11, 181, 173, 2, 97, 76]
[1785244491] [NOISE_PROTOCOL_DEBUG] READ_MESSAGE_HASH_BEFORE_PATTERN - Hash before pattern: [13, 237, 155, 205, 190, 223, 60, 135]
[1785244491] [NOISE_PROTOCOL_DEBUG] READ_MESSAGE_PAYLOAD - Decrypting payload, length: 16
[1785244491] [NOISE_PROTOCOL_DEBUG] READ_MESSAGE_S - Reading static key
[1785244491] [NOISE_PROTOCOL_DEBUG] DECRYPT_AND_HASH - Decrypting with cipher key, ciphertext length: 16
[1785244491] [NOISE_PROTOCOL_DEBUG] READ_MESSAGE_S_CHECK - Checking static key length: need 48 bytes, available 64 bytes, has_cipher_key: true
[1785244491] [NOISE_PROTOCOL_DEBUG] DECRYPT_AND_HASH_HASH - Current hash length: 32
[1785244491] [NOISE_PROTOCOL_DEBUG] READ_MESSAGE_S_DATA - Static key data length: 48, has_cipher_key: true
[1785244491] [NOISE_PROTOCOL_DEBUG] DECRYPT_AND_HASH_HASH_BYTES - Hash bytes: [53, 87, 11, 181, 173, 2, 97, 76]
[1785244491] [NOISE_PROTOCOL_DEBUG] DECRYPT_AND_HASH - Decrypting with cipher key, ciphertext length: 48
[1785244491] [NOISE_PROTOCOL_DEBUG] CIPHER_DECRYPT - Decrypting with key, ciphertext length: 16
[1785244491] [NOISE_PROTOCOL_DEBUG] DECRYPT_AND_HASH_HASH - Current hash length: 32
[1785244491] [NOISE_PROTOCOL_DEBUG] CIPHER_DECRYPT_SUCCESS - Decryption successful, plaintext length: 0
[1785244491] [NOISE_PROTOCOL_DEBUG] DECRYPT_AND_HASH_HASH_BYTES - Hash bytes: [13, 237, 155, 205, 190, 223, 60, 135]
[1785244491] [NOISE_PROTOCOL_DEBUG] DECRYPT_AND_HASH_SUCCESS - Decryption successful, plaintext length: 0
[1785244491] [NOISE_PROTOCOL_DEBUG] CIPHER_DECRYPT - Decrypting with key, ciphertext length: 48
[1785244491] [NOISE_PROTOCOL_DEBUG] DECRYPT_AND_HASH_HASH_MIXED - Hash mixed with ciphertext
[1785244491] [NOISE_PROTOCOL_DEBUG] READ_MESSAGE_PAYLOAD_SUCCESS - Payload decrypted successfully, length: 0
[1785244491] [NOISE_PROTOCOL_DEBUG] READ_MESSAGE_COMPLETE - Message read successfully, new pattern: 2/3
[1785244491] [NOISE_PROTOCOL_DEBUG] CIPHER_DECRYPT_SUCCESS - Decryption successful, plaintext length: 0
[1785244491] [NOISE_PROTOCOL_DEBUG] READ_MESSAGE_HASH_AFTER - Hash after read: [104, 173, 32, 37, 209, 52, 197, 67]
[1785244491] [NOISE_PROTOCOL_DEBUG] DECRYPT_AND_HASH_SUCCESS - Decryption successful, plaintext length: 0
[1785244491] [NOISE_PROTOCOL_DEBUG] WRITE_MESSAGE_START - Pattern: XX, Current: 2/3
[1785244491] [NOISE_PROTOCOL_DEBUG] WRITE_MESSAGE_PATTERNS - Processing patterns: [S, SE]
[1785244491] [NOISE_PROTOCOL_DEBUG] DECRYPT_AND_HASH_HASH_MIXED - Hash mixed with ciphertext
[1785244491] [NOISE_PROTOCOL_DEBUG] WRITE_MESSAGE_PATTERN - Processing pattern: S
[1785244491] [NOISE_PROTOCOL_DEBUG] READ_MESSAGE_PAYLOAD_SUCCESS - Payload decrypted successfully, length: 0
[1785244491] [NOISE_PROTOCOL_DEBUG] WRITE_MESSAGE_S - Sending static key
[1785244491] [NOISE_PROTOCOL_DEBUG] READ_MESSAGE_COMPLETE - Message read successfully, new pattern: 2/3
[1785244491] [NOISE_PROTOCOL_DEBUG] CIPHER_ENCRYPT - Encrypting with key, plaintext length: 32
[1785244491] [NOISE_PROTOCOL_DEBUG] READ_MESSAGE_HASH_AFTER - Hash after read: [234, 36, 160, 199, 159, 126, 87, 59]
[1785244491] [NOISE_PROTOCOL_DEBUG] CIPHER_DECRYPT_SUCCESS - Decryption successful, plaintext length: 32
[1785244491] [NOISE_PROTOCOL_DEBUG] CIPHER_ENCRYPT_KEY - Key length: 32
[1785244491] [NOISE_PROTOCOL_DEBUG] WRITE_MESSAGE_START - Pattern: XX, Current: 2/3
[1785244491] [NOISE_PROTOCOL_DEBUG] DECRYPT_AND_HASH_SUCCESS - Decryption successful, plaintext length: 32
[1785244491] [NOISE_PROTOCOL_DEBUG] CIPHER_ENCRYPT_NONCE - Current nonce: 1
[1785244491] [NOISE_PROTOCOL_DEBUG] WRITE_MESSAGE_PATTERNS - Processing patterns: [S, SE]
[1785244491] [NOISE_PROTOCOL_DEBUG] CIPHER_ENCRYPT_ASSOCIATED_DATA - Associated data length: 32
[1785244491] [NOISE_PROTOCOL_DEBUG] DECRYPT_AND_HASH_HASH_MIXED - Hash mixed with ciphertext
[1785244491] [NOISE_PROTOCOL_DEBUG] WRITE_MESSAGE_PATTERN - Processing pattern: S
[1785244491] [NOISE_PROTOCOL_DEBUG] READ_MESSAGE_S_DONE - Static key read and validated successfully
[1785244491] [NOISE_PROTOCOL_DEBUG] WRITE_MESSAGE_S - Sending static key
[1785244491] [NOISE_PROTOCOL_DEBUG] READ_MESSAGE_HASH_AFTER_PATTERN - Hash after pattern S: [189, 107, 89, 24, 105, 194, 12, 167]
[1785244491] [NOISE_PROTOCOL_DEBUG] CIPHER_ENCRYPT - Encrypting with key, plaintext length: 32
[1785244491] [NOISE_PROTOCOL_DEBUG] READ_MESSAGE_PATTERN - Processing pattern: ES
[1785244491] [NOISE_PROTOCOL_DEBUG] CIPHER_ENCRYPT_KEY - Key length: 32
[1785244491] [NOISE_PROTOCOL_DEBUG] READ_MESSAGE_HASH_BEFORE_PATTERN - Hash before pattern: [189, 107, 89, 24, 105, 194, 12, 167]
[1785244491] [NOISE_PROTOCOL_DEBUG] CIPHER_ENCRYPT_NONCE - Current nonce: 1
[1785244491] [NOISE_PROTOCOL_DEBUG] READ_MESSAGE_ES - Performing DH(ephemeral, static)
[1785244491] [NOISE_PROTOCOL_DEBUG] CIPHER_ENCRYPT_ASSOCIATED_DATA - Associated data length: 32
[1785244491] [NOISE_PROTOCOL_DEBUG] CIPHER_ENCRYPT_SUCCESS - Encryption successful, ciphertext length: 48
[1785244491] [NOISE_PROTOCOL_DEBUG] WRITE_MESSAGE_S_DONE - Static key encrypted and sent, buffer size: 48
[1785244491] [NOISE_PROTOCOL_DEBUG] WRITE_MESSAGE_PATTERN - Processing pattern: SE
[1785244491] [NOISE_PROTOCOL_DEBUG] WRITE_MESSAGE_SE - Performing DH(static, ephemeral), role: Initiator
[1785244491] [NOISE_PROTOCOL_DEBUG] CIPHER_ENCRYPT_SUCCESS - Encryption successful, ciphertext length: 48
[1785244491] [NOISE_PROTOCOL_DEBUG] WRITE_MESSAGE_S_DONE - Static key encrypted and sent, buffer size: 48
[1785244491] [NOISE_PROTOCOL_DEBUG] WRITE_MESSAGE_PATTERN - Processing pattern: SE
[1785244491] [NOISE_PROTOCOL_DEBUG] READ_MESSAGE_ES_DONE - DH(ephemeral, static) completed
[1785244491] [NOISE_PROTOCOL_DEBUG] WRITE_MESSAGE_SE - Performing DH(static, ephemeral), role: Initiator
[1785244491] [NOISE_PROTOCOL_DEBUG] READ_MESSAGE_HASH_AFTER_PATTERN - Hash after pattern ES: [120, 95, 134, 2, 255, 55, 137, 17]
[1785244491] [NOISE_PROTOCOL_DEBUG] READ_MESSAGE_PAYLOAD - Decrypting payload, length: 16
[1785244491] [NOISE_PROTOCOL_DEBUG] DECRYPT_AND_HASH - Decrypting with cipher key, ciphertext length: 16
[1785244491] [NOISE_PROTOCOL_DEBUG] DECRYPT_AND_HASH_HASH - Current hash length: 32
[1785244491] [NOISE_PROTOCOL_DEBUG] DECRYPT_AND_HASH_HASH_BYTES - Hash bytes: [120, 95, 134, 2, 255, 55, 137, 17]
[1785244491] [NOISE_PROTOCOL_DEBUG] CIPHER_DECRYPT - Decrypting with key, ciphertext length: 16
[1785244491] [NOISE_PROTOCOL_DEBUG] CIPHER_DECRYPT_SUCCESS - Decryption successful, plaintext length: 0
[1785244491] [NOISE_PROTOCOL_DEBUG] DECRYPT_AND_HASH_SUCCESS - Decryption successful, plaintext length: 0
[1785244491] [NOISE_PROTOCOL_DEBUG] DECRYPT_AND_HASH_HASH_MIXED - Hash mixed with ciphertext
[1785244491] [NOISE_PROTOCOL_DEBUG] READ_MESSAGE_PAYLOAD_SUCCESS - Payload decrypted successfully, length: 0
[1785244491] [NOISE_PROTOCOL_DEBUG] READ_MESSAGE_COMPLETE - Message read successfully, new pattern: 2/3
[1785244491] [NOISE_PROTOCOL_DEBUG] READ_MESSAGE_HASH_AFTER - Hash after read: [67, 81, 138, 93, 142, 91, 180, 246]
[1785244491] [NOISE_PROTOCOL_DEBUG] WRITE_MESSAGE_START - Pattern: XX, Current: 2/3
[1785244491] [NOISE_PROTOCOL_DEBUG] WRITE_MESSAGE_PATTERNS - Processing patterns: [S, SE]
[1785244491] [NOISE_PROTOCOL_DEBUG] WRITE_MESSAGE_PATTERN - Processing pattern: S
[1785244491] [NOISE_PROTOCOL_DEBUG] WRITE_MESSAGE_S - Sending static key
[1785244491] [NOISE_PROTOCOL_DEBUG] CIPHER_ENCRYPT - Encrypting with key, plaintext length: 32
[1785244491] [NOISE_PROTOCOL_DEBUG] CIPHER_ENCRYPT_KEY - Key length: 32
[1785244491] [NOISE_PROTOCOL_DEBUG] CIPHER_ENCRYPT_NONCE - Current nonce: 1
[1785244491] [NOISE_PROTOCOL_DEBUG] CIPHER_ENCRYPT_ASSOCIATED_DATA - Associated data length: 32
[1785244491] [NOISE_PROTOCOL_DEBUG] READ_MESSAGE_ES_DONE - DH(ephemeral, static) completed
[1785244491] [NOISE_PROTOCOL_DEBUG] WRITE_MESSAGE_SE_DONE - DH(static, ephemeral) completed for initiator
[1785244491] [NOISE_PROTOCOL_DEBUG] READ_MESSAGE_HASH_AFTER_PATTERN - Hash after pattern ES: [189, 107, 89, 24, 105, 194, 12, 167]
[1785244491] [NOISE_PROTOCOL_DEBUG] CIPHER_ENCRYPT_SUCCESS - Encryption successful, ciphertext length: 48
[1785244491] [NOISE_PROTOCOL_DEBUG] WRITE_MESSAGE_ENCRYPT - Encrypting payload of 0 bytes
[1785244491] [NOISE_PROTOCOL_DEBUG] READ_MESSAGE_PAYLOAD - Decrypting payload, length: 16
[1785244491] [NOISE_PROTOCOL_DEBUG] CIPHER_ENCRYPT - Encrypting with key, plaintext length: 0
[1785244491] [NOISE_PROTOCOL_DEBUG] WRITE_MESSAGE_S_DONE - Static key encrypted and sent, buffer size: 48
[1785244491] [NOISE_PROTOCOL_DEBUG] DECRYPT_AND_HASH - Decrypting with cipher key, ciphertext length: 16
[1785244491] [NOISE_PROTOCOL_DEBUG] CIPHER_ENCRYPT_KEY - Key length: 32
[1785244491] [NOISE_PROTOCOL_DEBUG] WRITE_MESSAGE_PATTERN - Processing pattern: SE
[1785244491] [NOISE_PROTOCOL_DEBUG] DECRYPT_AND_HASH_HASH - Current hash length: 32
[1785244491] [NOISE_PROTOCOL_DEBUG] CIPHER_ENCRYPT_NONCE - Current nonce: 0
[1785244491] [NOISE_PROTOCOL_DEBUG] WRITE_MESSAGE_SE - Performing DH(static, ephemeral), role: Initiator
[1785244491] [NOISE_PROTOCOL_DEBUG] DECRYPT_AND_HASH_HASH_BYTES - Hash bytes: [189, 107, 89, 24, 105, 194, 12, 167]
[1785244491] [NOISE_PROTOCOL_DEBUG] CIPHER_ENCRYPT_ASSOCIATED_DATA - Associated data length: 32
[1785244491] [NOISE_PROTOCOL_DEBUG] CIPHER_DECRYPT - Decrypting with key, ciphertext length: 16
[1785244491] [NOISE_PROTOCOL_DEBUG] WRITE_MESSAGE_SE_DONE - DH(static, ephemeral) completed for initiator
[1785244491] [NOISE_PROTOCOL_DEBUG] WRITE_MESSAGE_ENCRYPT - Encrypting payload of 0 bytes
[1785244491] [NOISE_PROTOCOL_DEBUG] CIPHER_ENCRYPT - Encrypting with key, plaintext length: 0
[1785244491] [NOISE_PROTOCOL_DEBUG] CIPHER_ENCRYPT_KEY - Key length: 32
[1785244491] [NOISE_PROTOCOL_DEBUG] CIPHER_ENCRYPT_NONCE - Current nonce: 0
[1785244491] [NOISE_PROTOCOL_DEBUG] CIPHER_ENCRYPT_ASSOCIATED_DATA - Associated data length: 32
[1785244491] [NOISE_PROTOCOL_DEBUG] CIPHER_ENCRYPT_SUCCESS - Encryption successful, ciphertext length: 16
[1785244491] [NOISE_PROTOCOL_DEBUG] CIPHER_DECRYPT_SUCCESS - Decryption successful, plaintext length: 0
[1785244491] [NOISE_PROTOCOL_DEBUG] WRITE_MESSAGE_ENCRYPT_DONE - Payload encrypted, total buffer size: 64
[1785244491] [NOISE_PROTOCOL_DEBUG] DECRYPT_AND_HASH_SUCCESS - Decryption successful, plaintext length: 0
[1785244491] [NOISE_PROTOCOL_DEBUG] WRITE_MESSAGE_COMPLETE - Message written, pattern 2 complete
[1785244491] [NOISE_PROTOCOL_DEBUG] DECRYPT_AND_HASH_HASH_MIXED - Hash mixed with ciphertext
[1785244491] [NOISE_PROTOCOL_DEBUG] CIPHER_ENCRYPT_SUCCESS - Encryption successful, ciphertext length: 16
[1785244491] [NOISE_PROTOCOL_DEBUG] READ_MESSAGE_PAYLOAD_SUCCESS - Payload decrypted successfully, length: 0
[1785244491] [NOISE_PROTOCOL_DEBUG] READ_MESSAGE_COMPLETE - Message read successfully, new pattern: 2/3
[1785244491] [NOISE_PROTOCOL_DEBUG] WRITE_MESSAGE_ENCRYPT_DONE - Payload encrypted, total buffer size: 64
[1785244491] [NOISE_PROTOCOL_DEBUG] READ_MESSAGE_HASH_AFTER - Hash after read: [7, 212, 49, 73, 196, 172, 78, 32]
[1785244491] [NOISE_PROTOCOL_DEBUG] WRITE_MESSAGE_COMPLETE - Message written, pattern 2 complete
[1785244491] [NOISE_PROTOCOL_DEBUG] WRITE_MESSAGE_START - Pattern: XX, Current: 2/3
[1785244491] [NOISE_PROTOCOL_DEBUG] WRITE_MESSAGE_PATTERNS - Processing patterns: [S, SE]
[1785244491] [NOISE_PROTOCOL_DEBUG] WRITE_MESSAGE_PATTERN - Processing pattern: S
[1785244491] [NOISE_PROTOCOL_DEBUG] WRITE_MESSAGE_S - Sending static key
[1785244491] [NOISE_PROTOCOL_DEBUG] CIPHER_ENCRYPT - Encrypting with key, plaintext length: 32
[1785244491] [NOISE_PROTOCOL_DEBUG] CIPHER_ENCRYPT_KEY - Key length: 32
[1785244491] [NOISE_PROTOCOL_DEBUG] CIPHER_ENCRYPT_NONCE - Current nonce: 1
[1785244491] [NOISE_PROTOCOL_DEBUG] CIPHER_ENCRYPT - Encrypting with key, plaintext length: 45
[1785244491] [NOISE_PROTOCOL_DEBUG] CIPHER_ENCRYPT_ASSOCIATED_DATA - Associated data length: 32
[1785244491] [NOISE_PROTOCOL_DEBUG] CIPHER_ENCRYPT_KEY - Key length: 32
[1785244491] [NOISE_PROTOCOL_DEBUG] CIPHER_ENCRYPT_NONCE - Current nonce: 0
[1785244491] [NOISE_PROTOCOL_DEBUG] CIPHER_ENCRYPT - Encrypting with key, plaintext length: 58
[1785244491] [NOISE_PROTOCOL_DEBUG] CIPHER_ENCRYPT_ASSOCIATED_DATA - Associated data length: 0
[1785244491] [NOISE_PROTOCOL_DEBUG] CIPHER_ENCRYPT_KEY - Key length: 32
[1785244491] [NOISE_PROTOCOL_DEBUG] CIPHER_ENCRYPT_NONCE - Current nonce: 0
[1785244491] [NOISE_PROTOCOL_DEBUG] CIPHER_ENCRYPT_ASSOCIATED_DATA - Associated data length: 0
[1785244491] [NOISE_PROTOCOL_DEBUG] CIPHER_ENCRYPT_SUCCESS - Encryption successful, ciphertext length: 48
[1785244491] [NOISE_PROTOCOL_DEBUG] WRITE_MESSAGE_S_DONE - Static key encrypted and sent, buffer size: 48
[1785244491] [NOISE_PROTOCOL_DEBUG] WRITE_MESSAGE_PATTERN - Processing pattern: SE
[1785244491] [NOISE_PROTOCOL_DEBUG] CIPHER_ENCRYPT_SUCCESS - Encryption successful, ciphertext length: 61
[1785244491] [NOISE_PROTOCOL_DEBUG] WRITE_MESSAGE_SE - Performing DH(static, ephemeral), role: Initiator
[1785244491] [NOISE_PROTOCOL_DEBUG] CIPHER_ENCRYPT_TRANSPORT - Transport message with nonce prefix, total length: 65
[1785244491] [NOISE_PROTOCOL_DEBUG] CIPHER_ENCRYPT_SUCCESS - Encryption successful, ciphertext length: 74
[1785244491] [NOISE_PROTOCOL_DEBUG] CIPHER_ENCRYPT_TRANSPORT - Transport message with nonce prefix, total length: 78
[1785244491] [NOISE_PROTOCOL_DEBUG] READ_MESSAGE_START - Pattern: XX, Current: 2/3
[1785244491] [NOISE_PROTOCOL_DEBUG] READ_MESSAGE_HASH_BEFORE - Hash before read: [104, 173, 32, 37, 209, 52, 197, 67]
[1785244491] [NOISE_PROTOCOL_DEBUG] READ_MESSAGE_PATTERNS - Processing patterns: [S, SE]
[1785244491] [NOISE_PROTOCOL_DEBUG] READ_MESSAGE_START - Pattern: XX, Current: 2/3
[1785244491] [NOISE_PROTOCOL_DEBUG] READ_MESSAGE_PATTERN - Processing pattern: S
[1785244491] [NOISE_PROTOCOL_DEBUG] READ_MESSAGE_HASH_BEFORE - Hash before read: [234, 36, 160, 199, 159, 126, 87, 59]
[1785244491] [NOISE_PROTOCOL_DEBUG] WRITE_MESSAGE_SE_DONE - DH(static, ephemeral) completed for initiator
[1785244491] [NOISE_PROTOCOL_DEBUG] READ_MESSAGE_HASH_BEFORE_PATTERN - Hash before pattern: [104, 173, 32, 37, 209, 52, 197, 67]
[1785244491] [NOISE_PROTOCOL_DEBUG] READ_MESSAGE_PATTERNS - Processing patterns: [S, SE]
[1785244491] [NOISE_PROTOCOL_DEBUG] WRITE_MESSAGE_ENCRYPT - Encrypting payload of 0 bytes
[1785244491] [NOISE_PROTOCOL_DEBUG] READ_MESSAGE_S - Reading static key
[1785244491] [NOISE_PROTOCOL_DEBUG] READ_MESSAGE_PATTERN - Processing pattern: S
[1785244491] [NOISE_PROTOCOL_DEBUG] CIPHER_ENCRYPT - Encrypting with key, plaintext length: 0
[1785244491] [NOISE_PROTOCOL_DEBUG] READ_MESSAGE_S_CHECK - Checking static key length: need 48 bytes, available 64 bytes, has_cipher_key: true
[1785244491] [NOISE_PROTOCOL_DEBUG] READ_MESSAGE_HASH_BEFORE_PATTERN - Hash before pattern: [234, 36, 160, 199, 159, 126, 87, 59]
[1785244491] [NOISE_PROTOCOL_DEBUG] CIPHER_ENCRYPT_KEY - Key length: 32
[1785244491] [NOISE_PROTOCOL_DEBUG] READ_MESSAGE_S_DATA - Static key data length: 48, has_cipher_key: true
[1785244491] [NOISE_PROTOCOL_DEBUG] READ_MESSAGE_S - Reading static key
[1785244491] [NOISE_PROTOCOL_DEBUG] CIPHER_ENCRYPT_NONCE - Current nonce: 0
[1785244491] [NOISE_PROTOCOL_DEBUG] DECRYPT_AND_HASH - Decrypting with cipher key, ciphertext length: 48
[1785244491] [NOISE_PROTOCOL_DEBUG] READ_MESSAGE_S_CHECK - Checking static key length: need 48 bytes, available 64 bytes, has_cipher_key: true
[1785244491] [NOISE_PROTOCOL_DEBUG] CIPHER_ENCRYPT_ASSOCIATED_DATA - Associated data length: 32
[1785244491] [NOISE_PROTOCOL_DEBUG] DECRYPT_AND_HASH_HASH - Current hash length: 32
[1785244491] [NOISE_PROTOCOL_DEBUG] READ_MESSAGE_S_DATA - Static key data length: 48, has_cipher_key: true
[1785244491] [NOISE_PROTOCOL_DEBUG] DECRYPT_AND_HASH_HASH_BYTES - Hash bytes: [104, 173, 32, 37, 209, 52, 197, 67]
[1785244491] [NOISE_PROTOCOL_DEBUG] DECRYPT_AND_HASH - Decrypting with cipher key, ciphertext length: 48
[1785244491] [NOISE_PROTOCOL_DEBUG] CIPHER_DECRYPT - Decrypting with key, ciphertext length: 48
[1785244491] [NOISE_PROTOCOL_DEBUG] DECRYPT_AND_HASH_HASH - Current hash length: 32
[1785244491] [NOISE_PROTOCOL_DEBUG] DECRYPT_AND_HASH_HASH_BYTES - Hash bytes: [234, 36, 160, 199, 159, 126, 87, 59]
[1785244491] [NOISE_PROTOCOL_DEBUG] CIPHER_DECRYPT - Decrypting with key, ciphertext length: 48
[1785244491] [NOISE_PROTOCOL_DEBUG] CIPHER_ENCRYPT_SUCCESS - Encryption successful, ciphertext length: 16
[1785244491] [NOISE_PROTOCOL_DEBUG] WRITE_MESSAGE_ENCRYPT_DONE - Payload encrypted, total buffer size: 64
[1785244491] [NOISE_PROTOCOL_DEBUG] WRITE_MESSAGE_COMPLETE - Message written, pattern 2 complete
[1785244491] [NOISE_PROTOCOL_DEBUG] CIPHER_DECRYPT_SUCCESS - Decryption successful, plaintext length: 32
[1785244491] [NOISE_PROTOCOL_DEBUG] DECRYPT_AND_HASH_SUCCESS - Decryption successful, plaintext length: 32
[1785244491] [NOISE_PROTOCOL_DEBUG] DECRYPT_AND_HASH_HASH_MIXED - Hash mixed with ciphertext
[1785244491] [NOISE_PROTOCOL_DEBUG] CIPHER_DECRYPT_SUCCESS - Decryption successful, plaintext length: 32
[1785244491] [NOISE_PROTOCOL_DEBUG] READ_MESSAGE_S_DONE - Static key read and validated successfully
[1785244491] [NOISE_PROTOCOL_DEBUG] DECRYPT_AND_HASH_SUCCESS - Decryption successful, plaintext length: 32
[1785244491] [NOISE_PROTOCOL_DEBUG] READ_MESSAGE_HASH_AFTER_PATTERN - Hash after pattern S: [110, 162, 144, 22, 160, 223, 170, 214]
[1785244491] [NOISE_PROTOCOL_DEBUG] READ_MESSAGE_PATTERN - Processing pattern: SE
[1785244491] [NOISE_PROTOCOL_DEBUG] DECRYPT_AND_HASH_HASH_MIXED - Hash mixed with ciphertext
[1785244491] [NOISE_PROTOCOL_DEBUG] READ_MESSAGE_HASH_BEFORE_PATTERN - Hash before pattern: [110, 162, 144, 22, 160, 223, 170, 214]
[1785244491] [NOISE_PROTOCOL_DEBUG] READ_MESSAGE_S_DONE - Static key read and validated successfully
[1785244491] [NOISE_PROTOCOL_DEBUG] READ_MESSAGE_SE - Performing DH(static, ephemeral)
[1785244491] [NOISE_PROTOCOL_DEBUG] CIPHER_ENCRYPT - Encrypting with key, plaintext length: 43
[1785244491] [NOISE_PROTOCOL_DEBUG] READ_MESSAGE_HASH_AFTER_PATTERN - Hash after pattern S: [192, 251, 185, 46, 214, 196, 101, 89]
[1785244491] [NOISE_PROTOCOL_DEBUG] CIPHER_ENCRYPT_KEY - Key length: 32
[1785244491] [NOISE_PROTOCOL_DEBUG] READ_MESSAGE_PATTERN - Processing pattern: SE
[1785244491] [NOISE_PROTOCOL_DEBUG] CIPHER_ENCRYPT_NONCE - Current nonce: 0
[1785244491] [NOISE_PROTOCOL_DEBUG] READ_MESSAGE_HASH_BEFORE_PATTERN - Hash before pattern: [192, 251, 185, 46, 214, 196, 101, 89]
[1785244491] [NOISE_PROTOCOL_DEBUG] CIPHER_ENCRYPT_ASSOCIATED_DATA - Associated data length: 0
[1785244491] [NOISE_PROTOCOL_DEBUG] READ_MESSAGE_SE - Performing DH(static, ephemeral)
[1785244491] [NOISE_PROTOCOL_DEBUG] WRITE_MESSAGE_SE_DONE - DH(static, ephemeral) completed for initiator
[1785244491] [NOISE_PROTOCOL_DEBUG] WRITE_MESSAGE_ENCRYPT - Encrypting payload of 0 bytes
[1785244491] [NOISE_PROTOCOL_DEBUG] CIPHER_ENCRYPT_SUCCESS - Encryption successful, ciphertext length: 59
[1785244491] [NOISE_PROTOCOL_DEBUG] CIPHER_ENCRYPT - Encrypting with key, plaintext length: 0
[1785244491] [NOISE_PROTOCOL_DEBUG] CIPHER_ENCRYPT_KEY - Key length: 32
[1785244491] [NOISE_PROTOCOL_DEBUG] CIPHER_ENCRYPT_TRANSPORT - Transport message with nonce prefix, total length: 63
[1785244491] [NOISE_PROTOCOL_DEBUG] CIPHER_ENCRYPT_NONCE - Current nonce: 0
[1785244491] [NOISE_PROTOCOL_DEBUG] CIPHER_ENCRYPT_ASSOCIATED_DATA - Associated data length: 32
[1785244491] [NOISE_PROTOCOL_DEBUG] READ_MESSAGE_START - Pattern: XX, Current: 2/3
[1785244491] [NOISE_PROTOCOL_DEBUG] READ_MESSAGE_HASH_BEFORE - Hash before read: [67, 81, 138, 93, 142, 91, 180, 246]
[1785244491] [NOISE_PROTOCOL_DEBUG] READ_MESSAGE_PATTERNS - Processing patterns: [S, SE]
[1785244491] [NOISE_PROTOCOL_DEBUG] READ_MESSAGE_PATTERN - Processing pattern: S
[1785244491] [NOISE_PROTOCOL_DEBUG] READ_MESSAGE_HASH_BEFORE_PATTERN - Hash before pattern: [67, 81, 138, 93, 142, 91, 180, 246]
[1785244491] [NOISE_PROTOCOL_DEBUG] READ_MESSAGE_S - Reading static key
[1785244491] [NOISE_PROTOCOL_DEBUG] CIPHER_ENCRYPT_SUCCESS - Encryption successful, ciphertext length: 16
[1785244491] [NOISE_PROTOCOL_DEBUG] READ_MESSAGE_S_CHECK - Checking static key length: need 48 bytes, available 64 bytes, has_cipher_key: true
[1785244491] [NOISE_PROTOCOL_DEBUG] READ_MESSAGE_S_DATA - Static key data length: 48, has_cipher_key: true
[1785244491] [NOISE_PROTOCOL_DEBUG] WRITE_MESSAGE_ENCRYPT_DONE - Payload encrypted, total buffer size: 64
[1785244491] [NOISE_PROTOCOL_DEBUG] DECRYPT_AND_HASH - Decrypting with cipher key, ciphertext length: 48
[1785244491] [NOISE_PROTOCOL_DEBUG] WRITE_MESSAGE_COMPLETE - Message written, pattern 2 complete
[1785244491] [NOISE_PROTOCOL_DEBUG] DECRYPT_AND_HASH_HASH - Current hash length: 32
[1785244491] [NOISE_PROTOCOL_DEBUG] DECRYPT_AND_HASH_HASH_BYTES - Hash bytes: [67, 81, 138, 93, 142, 91, 180, 246]
[1785244491] [NOISE_PROTOCOL_DEBUG] CIPHER_DECRYPT - Decrypting with key, ciphertext length: 48
[1785244491] [NOISE_PROTOCOL_DEBUG] CIPHER_ENCRYPT - Encrypting with key, plaintext length: 54
[1785244491] [NOISE_PROTOCOL_DEBUG] CIPHER_ENCRYPT_KEY - Key length: 32
[1785244491] [NOISE_PROTOCOL_DEBUG] CIPHER_DECRYPT_SUCCESS - Decryption successful, plaintext length: 32
[1785244491] [NOISE_PROTOCOL_DEBUG] CIPHER_ENCRYPT_NONCE - Current nonce: 0
[1785244491] [NOISE_PROTOCOL_DEBUG] DECRYPT_AND_HASH_SUCCESS - Decryption successful, plaintext length: 32
[1785244491] [NOISE_PROTOCOL_DEBUG] CIPHER_ENCRYPT_ASSOCIATED_DATA - Associated data length: 0
[1785244491] [NOISE_PROTOCOL_DEBUG] DECRYPT_AND_HASH_HASH_MIXED - Hash mixed with ciphertext
[1785244491] [NOISE_PROTOCOL_DEBUG] READ_MESSAGE_SE_DONE - DH(static, ephemeral) completed
[1785244491] [NOISE_PROTOCOL_DEBUG] READ_MESSAGE_S_DONE - Static key read and validated successfully
[1785244491] [NOISE_PROTOCOL_DEBUG] READ_MESSAGE_HASH_AFTER_PATTERN - Hash after pattern SE: [110, 162, 144, 22, 160, 223, 170, 214]
[1785244491] [NOISE_PROTOCOL_DEBUG] READ_MESSAGE_HASH_AFTER_PATTERN - Hash after pattern S: [139, 116, 185, 66, 60, 129, 190, 183]
[1785244491] [NOISE_PROTOCOL_DEBUG] READ_MESSAGE_PAYLOAD - Decrypting payload, length: 16
[1785244491] [NOISE_PROTOCOL_DEBUG] READ_MESSAGE_PATTERN - Processing pattern: SE
[1785244491] [NOISE_PROTOCOL_DEBUG] READ_MESSAGE_SE_DONE - DH(static, ephemeral) completed
[1785244491] [NOISE_PROTOCOL_DEBUG] DECRYPT_AND_HASH - Decrypting with cipher key, ciphertext length: 16
[1785244491] [NOISE_PROTOCOL_DEBUG] READ_MESSAGE_HASH_BEFORE_PATTERN - Hash before pattern: [139, 116, 185, 66, 60, 129, 190, 183]
[1785244491] [NOISE_PROTOCOL_DEBUG] READ_MESSAGE_HASH_AFTER_PATTERN - Hash after pattern SE: [192, 251, 185, 46, 214, 196, 101, 89]
[1785244491] [NOISE_PROTOCOL_DEBUG] DECRYPT_AND_HASH_HASH - Current hash length: 32
[1785244491] [NOISE_PROTOCOL_DEBUG] READ_MESSAGE_SE - Performing DH(static, ephemeral)
[1785244491] [NOISE_PROTOCOL_DEBUG] READ_MESSAGE_PAYLOAD - Decrypting payload, length: 16
[1785244491] [NOISE_PROTOCOL_DEBUG] DECRYPT_AND_HASH_HASH_BYTES - Hash bytes: [110, 162, 144, 22, 160, 223, 170, 214]
[1785244491] [NOISE_PROTOCOL_DEBUG] DECRYPT_AND_HASH - Decrypting with cipher key, ciphertext length: 16
[1785244491] [NOISE_PROTOCOL_DEBUG] CIPHER_ENCRYPT_SUCCESS - Encryption successful, ciphertext length: 70
[1785244491] [NOISE_PROTOCOL_DEBUG] CIPHER_DECRYPT - Decrypting with key, ciphertext length: 16
[1785244491] [NOISE_PROTOCOL_DEBUG] DECRYPT_AND_HASH_HASH - Current hash length: 32
[1785244491] [NOISE_PROTOCOL_DEBUG] CIPHER_ENCRYPT_TRANSPORT - Transport message with nonce prefix, total length: 74
[1785244491] [NOISE_PROTOCOL_DEBUG] DECRYPT_AND_HASH_HASH_BYTES - Hash bytes: [192, 251, 185, 46, 214, 196, 101, 89]
[1785244491] [NOISE_PROTOCOL_DEBUG] CIPHER_DECRYPT - Decrypting with key, ciphertext length: 16
[1785244491] [NOISE_PROTOCOL_DEBUG] READ_MESSAGE_START - Pattern: XX, Current: 2/3
[1785244491] [NOISE_PROTOCOL_DEBUG] READ_MESSAGE_HASH_BEFORE - Hash before read: [7, 212, 49, 73, 196, 172, 78, 32]
[1785244491] [NOISE_PROTOCOL_DEBUG] READ_MESSAGE_PATTERNS - Processing patterns: [S, SE]
[1785244491] [NOISE_PROTOCOL_DEBUG] CIPHER_DECRYPT_SUCCESS - Decryption successful, plaintext length: 0
[1785244491] [NOISE_PROTOCOL_DEBUG] READ_MESSAGE_PATTERN - Processing pattern: S
[1785244491] [NOISE_PROTOCOL_DEBUG] DECRYPT_AND_HASH_SUCCESS - Decryption successful, plaintext length: 0
[1785244491] [NOISE_PROTOCOL_DEBUG] CIPHER_DECRYPT_SUCCESS - Decryption successful, plaintext length: 0
[1785244491] [NOISE_PROTOCOL_DEBUG] READ_MESSAGE_HASH_BEFORE_PATTERN - Hash before pattern: [7, 212, 49, 73, 196, 172, 78, 32]
[1785244491] [NOISE_PROTOCOL_DEBUG] DECRYPT_AND_HASH_SUCCESS - Decryption successful, plaintext length: 0
[1785244491] [NOISE_PROTOCOL_DEBUG] READ_MESSAGE_S - Reading static key
[1785244491] [NOISE_PROTOCOL_DEBUG] DECRYPT_AND_HASH_HASH_MIXED - Hash mixed with ciphertext
[1785244491] [NOISE_PROTOCOL_DEBUG] READ_MESSAGE_S_CHECK - Checking static key length: need 48 bytes, available 64 bytes, has_cipher_key: true
[1785244491] [NOISE_PROTOCOL_DEBUG] DECRYPT_AND_HASH_HASH_MIXED - Hash mixed with ciphertext
[1785244491] [NOISE_PROTOCOL_DEBUG] READ_MESSAGE_PAYLOAD_SUCCESS - Payload decrypted successfully, length: 0
[1785244491] [NOISE_PROTOCOL_DEBUG] READ_MESSAGE_S_DATA - Static key data length: 48, has_cipher_key: true
[1785244491] [NOISE_PROTOCOL_DEBUG] READ_MESSAGE_PAYLOAD_SUCCESS - Payload decrypted successfully, length: 0
[1785244491] [NOISE_PROTOCOL_DEBUG] READ_MESSAGE_COMPLETE - Message read successfully, new pattern: 3/3
[1785244491] [NOISE_PROTOCOL_DEBUG] DECRYPT_AND_HASH - Decrypting with cipher key, ciphertext length: 48
[1785244491] [NOISE_PROTOCOL_DEBUG] READ_MESSAGE_COMPLETE - Message read successfully, new pattern: 3/3
[1785244491] [NOISE_PROTOCOL_DEBUG] READ_MESSAGE_HASH_AFTER - Hash after read: [213, 164, 196, 58, 100, 132, 7, 225]
[1785244491] [NOISE_PROTOCOL_DEBUG] DECRYPT_AND_HASH_HASH - Current hash length: 32
[1785244491] [NOISE_PROTOCOL_DEBUG] READ_MESSAGE_HASH_AFTER - Hash after read: [108, 210, 7, 128, 244, 16, 200, 48]
[1785244491] [NOISE_PROTOCOL_DEBUG] DECRYPT_AND_HASH_HASH_BYTES - Hash bytes: [7, 212, 49, 73, 196, 172, 78, 32]
[1785244491] [NOISE_PROTOCOL_DEBUG] CIPHER_DECRYPT - Decrypting with key, ciphertext length: 48
[1785244491] [NOISE_PROTOCOL_DEBUG] CIPHER_DECRYPT - Decrypting with key, ciphertext length: 65
[1785244491] [NOISE_PROTOCOL_DEBUG] CIPHER_DECRYPT - Decrypting with key, ciphertext length: 78
[1785244491] [NOISE_PROTOCOL_DEBUG] CIPHER_DECRYPT_SUCCESS - Decryption successful, plaintext length: 32
[1785244491] [NOISE_PROTOCOL_DEBUG] DECRYPT_AND_HASH_SUCCESS - Decryption successful, plaintext length: 32
[1785244491] [NOISE_PROTOCOL_DEBUG] DECRYPT_AND_HASH_HASH_MIXED - Hash mixed with ciphertext
[1785244491] [NOISE_PROTOCOL_DEBUG] READ_MESSAGE_S_DONE - Static key read and validated successfully
[1785244491] [NOISE_PROTOCOL_DEBUG] READ_MESSAGE_HASH_AFTER_PATTERN - Hash after pattern S: [121, 116, 172, 12, 117, 106, 171, 20]
[1785244491] [NOISE_PROTOCOL_DEBUG] READ_MESSAGE_PATTERN - Processing pattern: SE
[1785244491] [NOISE_PROTOCOL_DEBUG] READ_MESSAGE_HASH_BEFORE_PATTERN - Hash before pattern: [121, 116, 172, 12, 117, 106, 171, 20]
[1785244491] [NOISE_PROTOCOL_DEBUG] CIPHER_DECRYPT_SUCCESS - Decryption successful, plaintext length: 45
[1785244491] [NOISE_PROTOCOL_DEBUG] READ_MESSAGE_SE - Performing DH(static, ephemeral)
[1785244491] [NOISE_PROTOCOL_DEBUG] CIPHER_DECRYPT_SUCCESS - Decryption successful, plaintext length: 58
[1785244491] [NOISE_PROTOCOL_DEBUG] CIPHER_ENCRYPT - Encrypting with key, plaintext length: 45
[1785244491] [NOISE_PROTOCOL_DEBUG] CIPHER_ENCRYPT_KEY - Key length: 32
[1785244491] [NOISE_PROTOCOL_DEBUG] CIPHER_ENCRYPT_NONCE - Current nonce: 0
[1785244491] [NOISE_PROTOCOL_DEBUG] CIPHER_ENCRYPT_ASSOCIATED_DATA - Associated data length: 0
[1785244491] [NOISE_PROTOCOL_DEBUG] READ_MESSAGE_SE_DONE - DH(static, ephemeral) completed
[1785244491] [NOISE_PROTOCOL_DEBUG] READ_MESSAGE_HASH_AFTER_PATTERN - Hash after pattern SE: [139, 116, 185, 66, 60, 129, 190, 183]
[1785244491] [NOISE_PROTOCOL_DEBUG] READ_MESSAGE_PAYLOAD - Decrypting payload, length: 16
[1785244491] [NOISE_PROTOCOL_DEBUG] DECRYPT_AND_HASH - Decrypting with cipher key, ciphertext length: 16
[1785244491] [NOISE_PROTOCOL_DEBUG] DECRYPT_AND_HASH_HASH - Current hash length: 32
[1785244491] [NOISE_PROTOCOL_DEBUG] DECRYPT_AND_HASH_HASH_BYTES - Hash bytes: [139, 116, 185, 66, 60, 129, 190, 183]
[1785244491] [NOISE_PROTOCOL_DEBUG] CIPHER_DECRYPT - Decrypting with key, ciphertext length: 16
[1785244491] [NOISE_PROTOCOL_DEBUG] CIPHER_ENCRYPT_SUCCESS - Encryption successful, ciphertext length: 61
[1785244491] [NOISE_PROTOCOL_DEBUG] CIPHER_ENCRYPT_TRANSPORT - Transport message with nonce prefix, total length: 65
[1785244491] [NOISE_PROTOCOL_DEBUG] CIPHER_DECRYPT - Decrypting with key, ciphertext length: 65
[1785244491] [NOISE_PROTOCOL_DEBUG] CIPHER_DECRYPT_SUCCESS - Decryption successful, plaintext length: 0
[1785244491] [NOISE_PROTOCOL_DEBUG] DECRYPT_AND_HASH_SUCCESS - Decryption successful, plaintext length: 0
[1785244491] [NOISE_PROTOCOL_DEBUG] DECRYPT_AND_HASH_HASH_MIXED - Hash mixed with ciphertext
[1785244491] [NOISE_PROTOCOL_DEBUG] READ_MESSAGE_PAYLOAD_SUCCESS - Payload decrypted successfully, length: 0
[1785244491] [NOISE_PROTOCOL_DEBUG] READ_MESSAGE_COMPLETE - Message read successfully, new pattern: 3/3
[1785244491] [NOISE_PROTOCOL_DEBUG] READ_MESSAGE_HASH_AFTER - Hash after read: [80, 183, 180, 167, 10, 81, 175, 135]
[1785244491] [NOISE_PROTOCOL_DEBUG] CIPHER_DECRYPT_SUCCESS - Decryption successful, plaintext length: 45
[1785244491] [NOISE_PROTOCOL_DEBUG] CIPHER_DECRYPT - Decrypting with key, ciphertext length: 63
[1785244491] [NOISE_PROTOCOL_DEBUG] READ_MESSAGE_SE_DONE - DH(static, ephemeral) completed
[1785244491] [NOISE_PROTOCOL_DEBUG] READ_MESSAGE_HASH_AFTER_PATTERN - Hash after pattern SE: [121, 116, 172, 12, 117, 106, 171, 20]
[1785244491] [NOISE_PROTOCOL_DEBUG] READ_MESSAGE_PAYLOAD - Decrypting payload, length: 16
[1785244491] [NOISE_PROTOCOL_DEBUG] CIPHER_DECRYPT_SUCCESS - Decryption successful, plaintext length: 43
[1785244491] [NOISE_PROTOCOL_DEBUG] DECRYPT_AND_HASH - Decrypting with cipher key, ciphertext length: 16
[1785244491] [NOISE_PROTOCOL_DEBUG] DECRYPT_AND_HASH_HASH - Current hash length: 32
[1785244491] [NOISE_PROTOCOL_DEBUG] DECRYPT_AND_HASH_HASH_BYTES - Hash bytes: [121, 116, 172, 12, 117, 106, 171, 20]
[1785244491] [NOISE_PROTOCOL_DEBUG] CIPHER_DECRYPT - Decrypting with key, ciphertext length: 16
[1785244491] [NOISE_PROTOCOL_DEBUG] CIPHER_DECRYPT_SUCCESS - Decryption successful, plaintext length: 0
[1785244491] [NOISE_PROTOCOL_DEBUG] DECRYPT_AND_HASH_SUCCESS - Decryption successful, plaintext length: 0
[1785244491] [NOISE_PROTOCOL_DEBUG] DECRYPT_AND_HASH_HASH_MIXED - Hash mixed with ciphertext
[1785244491] [NOISE_PROTOCOL_DEBUG] READ_MESSAGE_PAYLOAD_SUCCESS - Payload decrypted successfully, length: 0
[1785244491] [NOISE_PROTOCOL_DEBUG] READ_MESSAGE_COMPLETE - Message read successfully, new pattern: 3/3
[1785244491] [NOISE_PROTOCOL_DEBUG] READ_MESSAGE_HASH_AFTER - Hash after read: [125, 211, 1, 148, 232, 148, 43, 46]
[1785244491] [NOISE_PROTOCOL_DEBUG] CIPHER_DECRYPT - Decrypting with key, ciphertext length: 74
[1785244491] [NOISE_PROTOCOL_DEBUG] CIPHER_DECRYPT_SUCCESS - Decryption successful, plaintext length: 54
[1785244520] [NOISE_PROTOCOL_DEBUG] HANDSHAKE_INIT - Protocol name: Noise_XX_25519_ChaChaPoly_SHA256
[1785244520] [NOISE_PROTOCOL_DEBUG] HANDSHAKE_INIT - Initial hash: [78, 111, 105, 115, 101, 95, 88, 88]
[1785244520] [NOISE_PROTOCOL_DEBUG] HANDSHAKE_INIT - Initial chaining key: [78, 111, 105, 115, 101, 95, 88, 88]
[1785244520] [NOISE_PROTOCOL_DEBUG] HANDSHAKE_INIT - Protocol name: Noise_XX_25519_ChaChaPoly_SHA256
[1785244520] [NOISE_PROTOCOL_DEBUG] HANDSHAKE_INIT - Initial hash: [78, 111, 105, 115, 101, 95, 88, 88]
[1785244520] [NOISE_PROTOCOL_DEBUG] HANDSHAKE_INIT - Initial chaining key: [78, 111, 105, 115, 101, 95, 88, 88]
[1785244520] [NOISE_PROTOCOL_DEBUG] HANDSHAKE_INIT - Protocol name: Noise_XX_25519_ChaChaPoly_SHA256
[1785244520] [NOISE_PROTOCOL_DEBUG] HANDSHAKE_INIT - Initial hash: [78, 111, 105, 115, 101, 95, 88, 88]
[1785244520] [NOISE_PROTOCOL_DEBUG] HANDSHAKE_INIT - Initial chaining key: [78, 111, 105, 115, 101, 95, 88, 88]
[1785244520] [NOISE_PROTOCOL_DEBUG] WRITE_MESSAGE_START - Pattern: XX, Current: 0/3
[1785244520] [NOISE_PROTOCOL_DEBUG] WRITE_MESSAGE_PATTERNS - Processing patterns: [E]
[1785244520] [NOISE_PROTOCOL_DEBUG] WRITE_MESSAGE_PATTERN - Processing pattern: E
[1785244520] [NOISE_PROTOCOL_DEBUG] WRITE_MESSAGE_E - Generating ephemeral key
[1785244520] [NOISE_PROTOCOL_DEBUG] WRITE_MESSAGE_START - Pattern: XX, Current: 0/3
[1785244520] [NOISE_PROTOCOL_DEBUG] WRITE_MESSAGE_PATTERNS - Processing patterns: [E]
[1785244520] [NOISE_PROTOCOL_DEBUG] WRITE_MESSAGE_PATTERN - Processing pattern: E
[1785244520] [NOISE_PROTOCOL_DEBUG] WRITE_MESSAGE_E - Generating ephemeral key
[1785244520] [NOISE_PROTOCOL_DEBUG] WRITE_MESSAGE_START - Pattern: XX, Current: 0/3
[1785244520] [NOISE_PROTOCOL_DEBUG] WRITE_MESSAGE_PATTERNS - Processing patterns: [E]
[1785244520] [NOISE_PROTOCOL_DEBUG] WRITE_MESSAGE_PATTERN - Processing pattern: E
[1785244520] [NOISE_PROTOCOL_DEBUG] WRITE_MESSAGE_E - Generating ephemeral key
[1785244520] [NOISE_PROTOCOL_DEBUG] WRITE_MESSAGE_E_DONE - Ephemeral key generated, buffer size: 32
[1785244520] [NOISE_PROTOCOL_DEBUG] WRITE_MESSAGE_ENCRYPT - Encrypting payload of 0 bytes
[1785244520] [NOISE_PROTOCOL_DEBUG] WRITE_MESSAGE_ENCRYPT_DONE - Payload encrypted, total buffer size: 32
[1785244520] [NOISE_PROTOCOL_DEBUG] WRITE_MESSAGE_COMPLETE - Message written, pattern 0 complete
[1785244520] [NOISE_PROTOCOL_DEBUG] WRITE_MESSAGE_E_DONE - Ephemeral key generated, buffer size: 32
[1785244520] [NOISE_PROTOCOL_DEBUG] WRITE_MESSAGE_ENCRYPT - Encrypting payload of 0 bytes
[1785244520] [NOISE_PROTOCOL_DEBUG] WRITE_MESSAGE_ENCRYPT_DONE - Payload encrypted, total buffer size: 32
[1785244520] [NOISE_PROTOCOL_DEBUG] HANDSHAKE_INIT - Protocol name: Noise_XX_25519_ChaChaPoly_SHA256
[1785244520] [NOISE_PROTOCOL_DEBUG] WRITE_MESSAGE_COMPLETE - Message written, pattern 0 complete
[1785244520] [NOISE_PROTOCOL_DEBUG] HANDSHAKE_INIT - Initial hash: [78, 111, 105, 115, 101, 95, 88, 88]
[1785244520] [NOISE_PROTOCOL_DEBUG] HANDSHAKE_INIT - Initial chaining key: [78, 111, 105, 115, 101, 95, 88, 88]
[1785244520] [NOISE_PROTOCOL_DEBUG] HANDSHAKE_INIT - Protocol name: Noise_XX_25519_ChaChaPoly_SHA256
[1785244520] [NOISE_PROTOCOL_DEBUG] HANDSHAKE_INIT - Initial hash: [78, 111, 105, 115, 101, 95, 88, 88]
[1785244520] [NOISE_PROTOCOL_DEBUG] HANDSHAKE_INIT - Protocol name: Noise_XX_25519_ChaChaPoly_SHA256
[1785244520] [NOISE_PROTOCOL_DEBUG] HANDSHAKE_INIT - Initial chaining key: [78, 111, 105, 115, 101, 95, 88, 88]
[1785244520] [NOISE_PROTOCOL_DEBUG] HANDSHAKE_INIT - Initial hash: [78, 111, 105, 115, 101, 95, 88, 88]
[1785244520] [NOISE_PROTOCOL_DEBUG] WRITE_MESSAGE_E_DONE - Ephemeral key generated, buffer size: 32
[1785244520] [NOISE_PROTOCOL_DEBUG] HANDSHAKE_INIT - Initial chaining key: [78, 111, 105, 115, 101, 95, 88, 88]
[1785244520] [NOISE_PROTOCOL_DEBUG] WRITE_MESSAGE_ENCRYPT - Encrypting payload of 0 bytes
[1785244520] [NOISE_PROTOCOL_DEBUG] WRITE_MESSAGE_ENCRYPT_DONE - Payload encrypted, total buffer size: 32
[1785244520] [NOISE_PROTOCOL_DEBUG] WRITE_MESSAGE_COMPLETE - Message written, pattern 0 complete
[1785244520] [NOISE_PROTOCOL_DEBUG] HANDSHAKE_INIT - Protocol name: Noise_XX_25519_ChaChaPoly_SHA256
[1785244520] [NOISE_PROTOCOL_DEBUG] HANDSHAKE_INIT - Initial hash: [78, 111, 105, 115, 101, 95, 88, 88]
[1785244520] [NOISE_PROTOCOL_DEBUG] HANDSHAKE_INIT - Initial chaining key: [78, 111, 105, 115, 101, 95, 88, 88]
[1785244520] [NOISE_PROTOCOL_DEBUG] READ_MESSAGE_START - Pattern: XX, Current: 0/3
[1785244520] [NOISE_PROTOCOL_DEBUG] READ_MESSAGE_HASH_BEFORE - Hash before read: [243, 209, 94, 97, 8, 237, 149, 86]
[1785244520] [NOISE_PROTOCOL_DEBUG] READ_MESSAGE_PATTERNS - Processing patterns: [E]
[1785244520] [NOISE_PROTOCOL_DEBUG] READ_MESSAGE_PATTERN - Processing pattern: E
[1785244520] [NOISE_PROTOCOL_DEBUG] WRITE_MESSAGE_START - Pattern: XX, Current: 0/3
[1785244520] [NOISE_PROTOCOL_DEBUG] READ_MESSAGE_HASH_BEFORE_PATTERN - Hash before pattern: [243, 209, 94, 97, 8, 237, 149, 86]
[1785244520] [NOISE_PROTOCOL_DEBUG] READ_MESSAGE_START - Pattern: XX, Current: 0/3
[1785244520] [NOISE_PROTOCOL_DEBUG] WRITE_MESSAGE_PATTERNS - Processing patterns: [E]
[1785244520] [NOISE_PROTOCOL_DEBUG] READ_MESSAGE_E - Reading ephemeral key
[1785244520] [NOISE_PROTOCOL_DEBUG] READ_MESSAGE_HASH_BEFORE - Hash before read: [243, 209, 94, 97, 8, 237, 149, 86]
[1785244520] [NOISE_PROTOCOL_DEBUG] WRITE_MESSAGE_PATTERN - Processing pattern: E
[1785244520] [NOISE_PROTOCOL_DEBUG] READ_MESSAGE_PATTERNS - Processing patterns: [E]
[1785244520] [NOISE_PROTOCOL_DEBUG] WRITE_MESSAGE_E - Generating ephemeral key
[1785244520] [NOISE_PROTOCOL_DEBUG] READ_MESSAGE_E_BYTES - Ephemeral key bytes: [150, 243, 0, 196, 169, 67, 149, 219]
[1785244520] [NOISE_PROTOCOL_DEBUG] READ_MESSAGE_PATTERN - Processing pattern: E
[1785244520] [NOISE_PROTOCOL_DEBUG] READ_MESSAGE_HASH_BEFORE_PATTERN - Hash before pattern: [243, 209, 94, 97, 8, 237, 149, 86]
[1785244520] [NOISE_PROTOCOL_DEBUG] READ_MESSAGE_E_DONE - Ephemeral key read, offset: 32
[1785244520] [NOISE_PROTOCOL_DEBUG] READ_MESSAGE_E - Reading ephemeral key
[1785244520] [NOISE_PROTOCOL_DEBUG] READ_MESSAGE_HASH_AFTER_PATTERN - Hash after pattern E: [11, 103, 39, 193, 240, 117, 66, 56]
[1785244520] [NOISE_PROTOCOL_DEBUG] READ_MESSAGE_START - Pattern: XX, Current: 0/3
[1785244520] [NOISE_PROTOCOL_DEBUG] READ_MESSAGE_E_BYTES - Ephemeral key bytes: [155, 45, 42, 80, 91, 235, 42, 19]
[1785244520] [NOISE_PROTOCOL_DEBUG] READ_MESSAGE_PAYLOAD - Decrypting payload, length: 0
[1785244520] [NOISE_PROTOCOL_DEBUG] READ_MESSAGE_HASH_BEFORE - Hash before read: [243, 209, 94, 97, 8, 237, 149, 86]
[1785244520] [NOISE_PROTOCOL_DEBUG] DECRYPT_AND_HASH - No cipher key, treating as plaintext, length: 0
[1785244520] [NOISE_PROTOCOL_DEBUG] READ_MESSAGE_PATTERNS - Processing patterns: [E]
[1785244520] [NOISE_PROTOCOL_DEBUG] READ_MESSAGE_E_DONE - Ephemeral key read, offset: 32
[1785244520] [NOISE_PROTOCOL_DEBUG] READ_MESSAGE_PATTERN - Processing pattern: E
[1785244520] [NOISE_PROTOCOL_DEBUG] DECRYPT_AND_HASH_PLAINTEXT - Hash mixed with plaintext
[1785244520] [NOISE_PROTOCOL_DEBUG] READ_MESSAGE_HASH_AFTER_PATTERN - Hash after pattern E: [6, 214, 14, 159, 134, 196, 205, 181]
[1785244520] [NOISE_PROTOCOL_DEBUG] READ_MESSAGE_HASH_BEFORE_PATTERN - Hash before pattern: [243, 209, 94, 97, 8, 237, 149, 86]
[1785244520] [NOISE_PROTOCOL_DEBUG] READ_MESSAGE_PAYLOAD_SUCCESS - Payload decrypted successfully, length: 0
[1785244520] [NOISE_PROTOCOL_DEBUG] READ_MESSAGE_PAYLOAD - Decrypting payload, length: 0
[1785244520] [NOISE_PROTOCOL_DEBUG] READ_MESSAGE_E - Reading ephemeral key
[1785244520] [NOISE_PROTOCOL_DEBUG] READ_MESSAGE_COMPLETE - Message read successfully, new pattern: 1/3
[1785244520] [NOISE_PROTOCOL_DEBUG] DECRYPT_AND_HASH - No cipher key, treating as plaintext, length: 0
[1785244520] [NOISE_PROTOCOL_DEBUG] READ_MESSAGE_E_BYTES - Ephemeral key bytes: [44, 101, 180, 73, 137, 63, 101, 166]
[1785244520] [NOISE_PROTOCOL_DEBUG] READ_MESSAGE_HASH_AFTER - Hash after read: [41, 17, 21, 202, 155, 40, 122, 172]
[1785244520] [NOISE_PROTOCOL_DEBUG] WRITE_MESSAGE_START - Pattern: XX, Current: 1/3
[1785244520] [NOISE_PROTOCOL_DEBUG] DECRYPT_AND_HASH_PLAINTEXT - Hash mixed with plaintext
[1785244520] [NOISE_PROTOCOL_DEBUG] READ_MESSAGE_E_DONE - Ephemeral key read, offset: 32
[1785244520] [NOISE_PROTOCOL_DEBUG] WRITE_MESSAGE_PATTERNS - Processing patterns: [E, EE, S, ES]
[1785244520] [NOISE_PROTOCOL_DEBUG] READ_MESSAGE_PAYLOAD_SUCCESS - Payload decrypted successfully, length: 0
[1785244520] [NOISE_PROTOCOL_DEBUG] READ_MESSAGE_HASH_AFTER_PATTERN - Hash after pattern E: [155, 73, 78, 173, 165, 159, 196, 31]
[1785244520] [NOISE_PROTOCOL_DEBUG] WRITE_MESSAGE_PATTERN - Processing pattern: E
[1785244520] [NOISE_PROTOCOL_DEBUG] READ_MESSAGE_COMPLETE - Message read successfully, new pattern: 1/3
[1785244520] [NOISE_PROTOCOL_DEBUG] READ_MESSAGE_PAYLOAD - Decrypting payload, length: 0
[1785244520] [NOISE_PROTOCOL_DEBUG] WRITE_MESSAGE_E - Generating ephemeral key
[1785244520] [NOISE_PROTOCOL_DEBUG] READ_MESSAGE_HASH_AFTER - Hash after read: [117, 52, 205, 32, 188, 254, 105, 11]
[1785244520] [NOISE_PROTOCOL_DEBUG] DECRYPT_AND_HASH - No cipher key, treating as plaintext, length: 0
[1785244520] [NOISE_PROTOCOL_DEBUG] WRITE_MESSAGE_START - Pattern: XX, Current: 1/3
[1785244520] [NOISE_PROTOCOL_DEBUG] DECRYPT_AND_HASH_PLAINTEXT - Hash mixed with plaintext
[1785244520] [NOISE_PROTOCOL_DEBUG] WRITE_MESSAGE_PATTERNS - Processing patterns: [E, EE, S, ES]
[1785244520] [NOISE_PROTOCOL_DEBUG] READ_MESSAGE_PAYLOAD_SUCCESS - Payload decrypted successfully, length: 0
[1785244520] [NOISE_PROTOCOL_DEBUG] WRITE_MESSAGE_PATTERN - Processing pattern: E
[1785244520] [NOISE_PROTOCOL_DEBUG] READ_MESSAGE_COMPLETE - Message read successfully, new pattern: 1/3
[1785244520] [NOISE_PROTOCOL_DEBUG] WRITE_MESSAGE_E - Generating ephemeral key
[1785244520] [NOISE_PROTOCOL_DEBUG] READ_MESSAGE_HASH_AFTER - Hash after read: [41, 234, 13, 98, 50, 229, 227, 132]
[1785244520] [NOISE_PROTOCOL_DEBUG] WRITE_MESSAGE_START - Pattern: XX, Current: 1/3
[1785244520] [NOISE_PROTOCOL_DEBUG] WRITE_MESSAGE_PATTERNS - Processing patterns: [E, EE, S, ES]
[1785244520] [NOISE_PROTOCOL_DEBUG] WRITE_MESSAGE_PATTERN - Processing pattern: E
[1785244520] [NOISE_PROTOCOL_DEBUG] WRITE_MESSAGE_E - Generating ephemeral key
[1785244520] [NOISE_PROTOCOL_DEBUG] WRITE_MESSAGE_E_DONE - Ephemeral key generated, buffer size: 32
[1785244520] [NOISE_PROTOCOL_DEBUG] WRITE_MESSAGE_ENCRYPT - Encrypting payload of 0 bytes
[1785244520] [NOISE_PROTOCOL_DEBUG] WRITE_MESSAGE_ENCRYPT_DONE - Payload encrypted, total buffer size: 32
[1785244520] [NOISE_PROTOCOL_DEBUG] WRITE_MESSAGE_COMPLETE - Message written, pattern 0 complete
[1785244520] [NOISE_PROTOCOL_DEBUG] WRITE_MESSAGE_E_DONE - Ephemeral key generated, buffer size: 32
[1785244520] [NOISE_PROTOCOL_DEBUG] WRITE_MESSAGE_PATTERN - Processing pattern: EE
[1785244520] [NOISE_PROTOCOL_DEBUG] WRITE_MESSAGE_EE - Performing DH(ephemeral, ephemeral)
[1785244520] [NOISE_PROTOCOL_DEBUG] HANDSHAKE_INIT - Protocol name: Noise_XX_25519_ChaChaPoly_SHA256
[1785244520] [NOISE_PROTOCOL_DEBUG] HANDSHAKE_INIT - Initial hash: [78, 111, 105, 115, 101, 95, 88, 88]
[1785244520] [NOISE_PROTOCOL_DEBUG] WRITE_MESSAGE_E_DONE - Ephemeral key generated, buffer size: 32
[1785244520] [NOISE_PROTOCOL_DEBUG] HANDSHAKE_INIT - Initial chaining key: [78, 111, 105, 115, 101, 95, 88, 88]
[1785244520] [NOISE_PROTOCOL_DEBUG] WRITE_MESSAGE_PATTERN - Processing pattern: EE
[1785244520] [NOISE_PROTOCOL_DEBUG] WRITE_MESSAGE_EE - Performing DH(ephemeral, ephemeral)
[1785244520] [NOISE_PROTOCOL_DEBUG] WRITE_MESSAGE_E_DONE - Ephemeral key generated, buffer size: 32
[1785244520] [NOISE_PROTOCOL_DEBUG] WRITE_MESSAGE_PATTERN - Processing pattern: EE
[1785244520] [NOISE_PROTOCOL_DEBUG] WRITE_MESSAGE_EE - Performing DH(ephemeral, ephemeral)
[1785244520] [NOISE_PROTOCOL_DEBUG] READ_MESSAGE_START - Pattern: XX, Current: 0/3
[1785244520] [NOISE_PROTOCOL_DEBUG] READ_MESSAGE_HASH_BEFORE - Hash before read: [243, 209, 94, 97, 8, 237, 149, 86]
[1785244520] [NOISE_PROTOCOL_DEBUG] READ_MESSAGE_PATTERNS - Processing patterns: [E]
[1785244520] [NOISE_PROTOCOL_DEBUG] READ_MESSAGE_PATTERN - Processing pattern: E
[1785244520] [NOISE_PROTOCOL_DEBUG] READ_MESSAGE_HASH_BEFORE_PATTERN - Hash before pattern: [243, 209, 94, 97, 8, 237, 149, 86]
[1785244520] [NOISE_PROTOCOL_DEBUG] READ_MESSAGE_E - Reading ephemeral key
[1785244520] [NOISE_PROTOCOL_DEBUG] READ_MESSAGE_E_BYTES - Ephemeral key bytes: [24, 215, 212, 98, 14, 37, 30, 116]
[1785244520] [NOISE_PROTOCOL_DEBUG] READ_MESSAGE_E_DONE - Ephemeral key read, offset: 32
[1785244520] [NOISE_PROTOCOL_DEBUG] READ_MESSAGE_HASH_AFTER_PATTERN - Hash after pattern E: [200, 9, 100, 186, 224, 172, 192, 135]
[1785244520] [NOISE_PROTOCOL_DEBUG] READ_MESSAGE_PAYLOAD - Decrypting payload, length: 0
[1785244520] [NOISE_PROTOCOL_DEBUG] DECRYPT_AND_HASH - No cipher key, treating as plaintext, length: 0
[1785244520] [NOISE_PROTOCOL_DEBUG] DECRYPT_AND_HASH_PLAINTEXT - Hash mixed with plaintext
[1785244520] [NOISE_PROTOCOL_DEBUG] READ_MESSAGE_PAYLOAD_SUCCESS - Payload decrypted successfully, length: 0
[1785244520] [NOISE_PROTOCOL_DEBUG] READ_MESSAGE_COMPLETE - Message read successfully, new pattern: 1/3
[1785244520] [NOISE_PROTOCOL_DEBUG] READ_MESSAGE_HASH_AFTER - Hash after read: [123, 33, 122, 173, 176, 178, 149, 91]
[1785244520] [NOISE_PROTOCOL_DEBUG] WRITE_MESSAGE_START - Pattern: XX, Current: 1/3
[1785244520] [NOISE_PROTOCOL_DEBUG] WRITE_MESSAGE_PATTERNS - Processing patterns: [E, EE, S, ES]
[1785244520] [NOISE_PROTOCOL_DEBUG] WRITE_MESSAGE_PATTERN - Processing pattern: E
[1785244520] [NOISE_PROTOCOL_DEBUG] WRITE_MESSAGE_E - Generating ephemeral key
[1785244520] [NOISE_PROTOCOL_DEBUG] WRITE_MESSAGE_EE_DONE - DH(ephemeral, ephemeral) completed
[1785244520] [NOISE_PROTOCOL_DEBUG] WRITE_MESSAGE_PATTERN - Processing pattern: S
[1785244520] [NOISE_PROTOCOL_DEBUG] WRITE_MESSAGE_EE_DONE - DH(ephemeral, ephemeral) completed
[1785244520] [NOISE_PROTOCOL_DEBUG] WRITE_MESSAGE_S - Sending static key
[1785244520] [NOISE_PROTOCOL_DEBUG] WRITE_MESSAGE_PATTERN - Processing pattern: S
[1785244520] [NOISE_PROTOCOL_DEBUG] CIPHER_ENCRYPT - Encrypting with key, plaintext length: 32
[1785244520] [NOISE_PROTOCOL_DEBUG] WRITE_MESSAGE_S - Sending static key
[1785244520] [NOISE_PROTOCOL_DEBUG] CIPHER_ENCRYPT_KEY - Key length: 32
[1785244520] [NOISE_PROTOCOL_DEBUG] WRITE_MESSAGE_EE_DONE - DH(ephemeral, ephemeral) completed
[1785244520] [NOISE_PROTOCOL_DEBUG] CIPHER_ENCRYPT - Encrypting with key, plaintext length: 32
[1785244520] [NOISE_PROTOCOL_DEBUG] CIPHER_ENCRYPT_NONCE - Current nonce: 0
[1785244520] [NOISE_PROTOCOL_DEBUG] WRITE_MESSAGE_PATTERN - Processing pattern: S
[1785244520] [NOISE_PROTOCOL_DEBUG] CIPHER_ENCRYPT_KEY - Key length: 32
[1785244520] [NOISE_PROTOCOL_DEBUG] CIPHER_ENCRYPT_ASSOCIATED_DATA - Associated data length: 32
[1785244520] [NOISE_PROTOCOL_DEBUG] WRITE_MESSAGE_S - Sending static key
[1785244520] [NOISE_PROTOCOL_DEBUG] CIPHER_ENCRYPT_NONCE - Current nonce: 0
[1785244520] [NOISE_PROTOCOL_DEBUG] CIPHER_ENCRYPT - Encrypting with key, plaintext length: 32
[1785244520] [NOISE_PROTOCOL_DEBUG] CIPHER_ENCRYPT_ASSOCIATED_DATA - Associated data length: 32
[1785244520] [NOISE_PROTOCOL_DEBUG] CIPHER_ENCRYPT_KEY - Key length: 32
[1785244520] [NOISE_PROTOCOL_DEBUG] CIPHER_ENCRYPT_NONCE - Current nonce: 0
[1785244520] [NOISE_PROTOCOL_DEBUG] CIPHER_ENCRYPT_ASSOCIATED_DATA - Associated data length: 32
[1785244520] [NOISE_PROTOCOL_DEBUG] WRITE_MESSAGE_E_DONE - Ephemeral key generated, buffer size: 32
[1785244520] [NOISE_PROTOCOL_DEBUG] WRITE_MESSAGE_PATTERN - Processing pattern: EE
[1785244520] [NOISE_PROTOCOL_DEBUG] WRITE_MESSAGE_EE - Performing DH(ephemeral, ephemeral)
[1785244520] [NOISE_PROTOCOL_DEBUG] CIPHER_ENCRYPT_SUCCESS - Encryption successful, ciphertext length: 48
[1785244520] [NOISE_PROTOCOL_DEBUG] CIPHER_ENCRYPT_SUCCESS - Encryption successful, ciphertext length: 48
[1785244520] [NOISE_PROTOCOL_DEBUG] WRITE_MESSAGE_S_DONE - Static key encrypted and sent, buffer size: 80
[1785244520] [NOISE_PROTOCOL_DEBUG] WRITE_MESSAGE_S_DONE - Static key encrypted and sent, buffer size: 80
[1785244520] [NOISE_PROTOCOL_DEBUG] WRITE_MESSAGE_PATTERN - Processing pattern: ES
[1785244520] [NOISE_PROTOCOL_DEBUG] WRITE_MESSAGE_PATTERN - Processing pattern: ES
[1785244520] [NOISE_PROTOCOL_DEBUG] WRITE_MESSAGE_ES - Performing DH(ephemeral, static), role: Responder
[1785244520] [NOISE_PROTOCOL_DEBUG] CIPHER_ENCRYPT_SUCCESS - Encryption successful, ciphertext length: 48
[1785244520] [NOISE_PROTOCOL_DEBUG] WRITE_MESSAGE_ES - Performing DH(ephemeral, static), role: Responder
[1785244520] [NOISE_PROTOCOL_DEBUG] WRITE_MESSAGE_S_DONE - Static key encrypted and sent, buffer size: 80
[1785244520] [NOISE_PROTOCOL_DEBUG] WRITE_MESSAGE_PATTERN - Processing pattern: ES
[1785244520] [NOISE_PROTOCOL_DEBUG] WRITE_MESSAGE_ES - Performing DH(ephemeral, static), role: Responder
[1785244520] [NOISE_PROTOCOL_DEBUG] WRITE_MESSAGE_EE_DONE - DH(ephemeral, ephemeral) completed
[1785244520] [NOISE_PROTOCOL_DEBUG] WRITE_MESSAGE_PATTERN - Processing pattern: S
[1785244520] [NOISE_PROTOCOL_DEBUG] WRITE_MESSAGE_S - Sending static key
[1785244520] [NOISE_PROTOCOL_DEBUG] CIPHER_ENCRYPT - Encrypting with key, plaintext length: 32
[1785244520] [NOISE_PROTOCOL_DEBUG] CIPHER_ENCRYPT_KEY - Key length: 32
[1785244520] [NOISE_PROTOCOL_DEBUG] WRITE_MESSAGE_ES_DONE - DH(ephemeral, static) completed for responder
[1785244520] [NOISE_PROTOCOL_DEBUG] CIPHER_ENCRYPT_NONCE - Current nonce: 0
[1785244520] [NOISE_PROTOCOL_DEBUG] CIPHER_ENCRYPT_ASSOCIATED_DATA - Associated data length: 32
[1785244520] [NOISE_PROTOCOL_DEBUG] WRITE_MESSAGE_ENCRYPT - Encrypting payload of 0 bytes
[1785244520] [NOISE_PROTOCOL_DEBUG] WRITE_MESSAGE_ES_DONE - DH(ephemeral, static) completed for responder
[1785244520] [NOISE_PROTOCOL_DEBUG] CIPHER_ENCRYPT - Encrypting with key, plaintext length: 0
[1785244520] [NOISE_PROTOCOL_DEBUG] CIPHER_ENCRYPT_KEY - Key length: 32
[1785244520] [NOISE_PROTOCOL_DEBUG] WRITE_MESSAGE_ENCRYPT - Encrypting payload of 0 bytes
[1785244520] [NOISE_PROTOCOL_DEBUG] CIPHER_ENCRYPT_NONCE - Current nonce: 0
[1785244520] [NOISE_PROTOCOL_DEBUG] CIPHER_ENCRYPT - Encrypting with key, plaintext length: 0
[1785244520] [NOISE_PROTOCOL_DEBUG] CIPHER_ENCRYPT_ASSOCIATED_DATA - Associated data length: 32
[1785244520] [NOISE_PROTOCOL_DEBUG] CIPHER_ENCRYPT_KEY - Key length: 32
[1785244520] [NOISE_PROTOCOL_DEBUG] CIPHER_ENCRYPT_NONCE - Current nonce: 0
[1785244520] [NOISE_PROTOCOL_DEBUG] CIPHER_ENCRYPT_ASSOCIATED_DATA - Associated data length: 32
[1785244520] [NOISE_PROTOCOL_DEBUG] WRITE_MESSAGE_ES_DONE - DH(ephemeral, static) completed for responder
[1785244520] [NOISE_PROTOCOL_DEBUG] WRITE_MESSAGE_ENCRYPT - Encrypting payload of 0 bytes
[1785244520] [NOISE_PROTOCOL_DEBUG] CIPHER_ENCRYPT - Encrypting with key, plaintext length: 0
[1785244520] [NOISE_PROTOCOL_DEBUG] CIPHER_ENCRYPT_SUCCESS - Encryption successful, ciphertext length: 48
[1785244520] [NOISE_PROTOCOL_DEBUG] CIPHER_ENCRYPT_KEY - Key length: 32
[1785244520] [NOISE_PROTOCOL_DEBUG] CIPHER_ENCRYPT_SUCCESS - Encryption successful, ciphertext length: 16
[1785244520] [NOISE_PROTOCOL_DEBUG] CIPHER_ENCRYPT_NONCE - Current nonce: 0
[1785244520] [NOISE_PROTOCOL_DEBUG] WRITE_MESSAGE_S_DONE - Static key encrypted and sent, buffer size: 80
[1785244520] [NOISE_PROTOCOL_DEBUG] WRITE_MESSAGE_PATTERN - Processing pattern: ES
[1785244520] [NOISE_PROTOCOL_DEBUG] CIPHER_ENCRYPT_ASSOCIATED_DATA - Associated data length: 32
[1785244520] [NOISE_PROTOCOL_DEBUG] WRITE_MESSAGE_ENCRYPT_DONE - Payload encrypted, total buffer size: 96
[1785244520] [NOISE_PROTOCOL_DEBUG] CIPHER_ENCRYPT_SUCCESS - Encryption successful, ciphertext length: 16
[1785244520] [NOISE_PROTOCOL_DEBUG] WRITE_MESSAGE_ES - Performing DH(ephemeral, static), role: Responder
[1785244520] [NOISE_PROTOCOL_DEBUG] WRITE_MESSAGE_COMPLETE - Message written, pattern 1 complete
[1785244520] [NOISE_PROTOCOL_DEBUG] WRITE_MESSAGE_ENCRYPT_DONE - Payload encrypted, total buffer size: 96
[1785244520] [NOISE_PROTOCOL_DEBUG] WRITE_MESSAGE_COMPLETE - Message written, pattern 1 complete
[1785244520] [NOISE_PROTOCOL_DEBUG] READ_MESSAGE_START - Pattern: XX, Current: 1/3
[1785244520] [NOISE_PROTOCOL_DEBUG] CIPHER_ENCRYPT_SUCCESS - Encryption successful, ciphertext length: 16
[1785244520] [NOISE_PROTOCOL_DEBUG] READ_MESSAGE_HASH_BEFORE - Hash before read: [41, 234, 13, 98, 50, 229, 227, 132]
[1785244520] [NOISE_PROTOCOL_DEBUG] READ_MESSAGE_START - Pattern: XX, Current: 1/3
[1785244520] [NOISE_PROTOCOL_DEBUG] READ_MESSAGE_PATTERNS - Processing patterns: [E, EE, S, ES]
[1785244520] [NOISE_PROTOCOL_DEBUG] READ_MESSAGE_HASH_BEFORE - Hash before read: [41, 17, 21, 202, 155, 40, 122, 172]
[1785244520] [NOISE_PROTOCOL_DEBUG] WRITE_MESSAGE_ENCRYPT_DONE - Payload encrypted, total buffer size: 96
[1785244520] [NOISE_PROTOCOL_DEBUG] READ_MESSAGE_PATTERN - Processing pattern: E
[1785244520] [NOISE_PROTOCOL_DEBUG] READ_MESSAGE_PATTERNS - Processing patterns: [E, EE, S, ES]
[1785244520] [NOISE_PROTOCOL_DEBUG] WRITE_MESSAGE_COMPLETE - Message written, pattern 1 complete
[1785244520] [NOISE_PROTOCOL_DEBUG] READ_MESSAGE_HASH_BEFORE_PATTERN - Hash before pattern: [41, 234, 13, 98, 50, 229, 227, 132]
[1785244520] [NOISE_PROTOCOL_DEBUG] READ_MESSAGE_PATTERN - Processing pattern: E
[1785244520] [NOISE_PROTOCOL_DEBUG] READ_MESSAGE_E - Reading ephemeral key
[1785244520] [NOISE_PROTOCOL_DEBUG] READ_MESSAGE_HASH_BEFORE_PATTERN - Hash before pattern: [41, 17, 21, 202, 155, 40, 122, 172]
[1785244520] [NOISE_PROTOCOL_DEBUG] READ_MESSAGE_E_BYTES - Ephemeral key bytes: [138, 90, 44, 31, 9, 136, 207, 18]
[1785244520] [NOISE_PROTOCOL_DEBUG] READ_MESSAGE_E - Reading ephemeral key
[1785244520] [NOISE_PROTOCOL_DEBUG] READ_MESSAGE_E_BYTES - Ephemeral key bytes: [36, 26, 155, 218, 61, 76, 196, 220]
[1785244520] [NOISE_PROTOCOL_DEBUG] READ_MESSAGE_START - Pattern: XX, Current: 1/3
[1785244520] [NOISE_PROTOCOL_DEBUG] READ_MESSAGE_E_DONE - Ephemeral key read, offset: 32
[1785244520] [NOISE_PROTOCOL_DEBUG] READ_MESSAGE_E_DONE - Ephemeral key read, offset: 32
[1785244520] [NOISE_PROTOCOL_DEBUG] READ_MESSAGE_HASH_BEFORE - Hash before read: [117, 52, 205, 32, 188, 254, 105, 11]
[1785244520] [NOISE_PROTOCOL_DEBUG] READ_MESSAGE_HASH_AFTER_PATTERN - Hash after pattern E: [228, 47, 40, 107, 145, 27, 231, 194]
[1785244520] [NOISE_PROTOCOL_DEBUG] READ_MESSAGE_HASH_AFTER_PATTERN - Hash after pattern E: [41, 90, 93, 219, 78, 37, 232, 148]
[1785244520] [NOISE_PROTOCOL_DEBUG] READ_MESSAGE_PATTERNS - Processing patterns: [E, EE, S, ES]
[1785244520] [NOISE_PROTOCOL_DEBUG] READ_MESSAGE_PATTERN - Processing pattern: EE
[1785244520] [NOISE_PROTOCOL_DEBUG] READ_MESSAGE_PATTERN - Processing pattern: EE
[1785244520] [NOISE_PROTOCOL_DEBUG] READ_MESSAGE_PATTERN - Processing pattern: E
[1785244520] [NOISE_PROTOCOL_DEBUG] READ_MESSAGE_HASH_BEFORE_PATTERN - Hash before pattern: [228, 47, 40, 107, 145, 27, 231, 194]
[1785244520] [NOISE_PROTOCOL_DEBUG] READ_MESSAGE_HASH_BEFORE_PATTERN - Hash before pattern: [41, 90, 93, 219, 78, 37, 232, 148]
[1785244520] [NOISE_PROTOCOL_DEBUG] READ_MESSAGE_HASH_BEFORE_PATTERN - Hash before pattern: [117, 52, 205, 32, 188, 254, 105, 11]
[1785244520] [NOISE_PROTOCOL_DEBUG] READ_MESSAGE_EE - Performing DH(ephemeral, ephemeral)
[1785244520] [NOISE_PROTOCOL_DEBUG] READ_MESSAGE_EE - Performing DH(ephemeral, ephemeral)
[1785244520] [NOISE_PROTOCOL_DEBUG] READ_MESSAGE_E - Reading ephemeral key
[1785244520] [NOISE_PROTOCOL_DEBUG] READ_MESSAGE_E_BYTES - Ephemeral key bytes: [54, 68, 156, 46, 196, 246, 48, 34]
[1785244520] [NOISE_PROTOCOL_DEBUG] READ_MESSAGE_E_DONE - Ephemeral key read, offset: 32
[1785244520] [NOISE_PROTOCOL_DEBUG] READ_MESSAGE_HASH_AFTER_PATTERN - Hash after pattern E: [58, 255, 121, 16, 43, 64, 148, 166]
[1785244520] [NOISE_PROTOCOL_DEBUG] READ_MESSAGE_PATTERN - Processing pattern: EE
[1785244520] [NOISE_PROTOCOL_DEBUG] READ_MESSAGE_HASH_BEFORE_PATTERN - Hash before pattern: [58, 255, 121, 16, 43, 64, 148, 166]
[1785244520] [NOISE_PROTOCOL_DEBUG] READ_MESSAGE_EE - Performing DH(ephemeral, ephemeral)
[1785244520] [NOISE_PROTOCOL_DEBUG] WRITE_MESSAGE_ES_DONE - DH(ephemeral, static) completed for responder
[1785244520] [NOISE_PROTOCOL_DEBUG] WRITE_MESSAGE_ENCRYPT - Encrypting payload of 0 bytes
[1785244520] [NOISE_PROTOCOL_DEBUG] CIPHER_ENCRYPT - Encrypting with key, plaintext length: 0
[1785244520] [NOISE_PROTOCOL_DEBUG] CIPHER_ENCRYPT_KEY - Key length: 32
[1785244520] [NOISE_PROTOCOL_DEBUG] CIPHER_ENCRYPT_NONCE - Current nonce: 0
[1785244520] [NOISE_PROTOCOL_DEBUG] CIPHER_ENCRYPT_ASSOCIATED_DATA - Associated data length: 32
[1785244520] [NOISE_PROTOCOL_DEBUG] CIPHER_ENCRYPT_SUCCESS - Encryption successful, ciphertext length: 16
[1785244520] [NOISE_PROTOCOL_DEBUG] WRITE_MESSAGE_ENCRYPT_DONE - Payload encrypted, total buffer size: 96
[1785244520] [NOISE_PROTOCOL_DEBUG] WRITE_MESSAGE_COMPLETE - Message written, pattern 1 complete
[1785244520] [NOISE_PROTOCOL_DEBUG] READ_MESSAGE_START - Pattern: XX, Current: 1/3
[1785244520] [NOISE_PROTOCOL_DEBUG] READ_MESSAGE_HASH_BEFORE - Hash before read: [123, 33, 122, 173, 176, 178, 149, 91]
[1785244520] [NOISE_PROTOCOL_DEBUG] READ_MESSAGE_PATTERNS - Processing patterns: [E, EE, S, ES]
[1785244520] [NOISE_PROTOCOL_DEBUG] READ_MESSAGE_PATTERN - Processing pattern: E
[1785244520] [NOISE_PROTOCOL_DEBUG] READ_MESSAGE_HASH_BEFORE_PATTERN - Hash before pattern: [123, 33, 122, 173, 176, 178, 149, 91]
[1785244520] [NOISE_PROTOCOL_DEBUG] READ_MESSAGE_E - Reading ephemeral key
[1785244520] [NOISE_PROTOCOL_DEBUG] READ_MESSAGE_E_BYTES - Ephemeral key bytes: [219, 20, 10, 55, 253, 141, 183, 14]
[1785244520] [NOISE_PROTOCOL_DEBUG] READ_MESSAGE_E_DONE - Ephemeral key read, offset: 32
[1785244520] [NOISE_PROTOCOL_DEBUG] READ_MESSAGE_HASH_AFTER_PATTERN - Hash after pattern E: [36, 12, 111, 117, 21, 186, 211, 194]
[1785244520] [NOISE_PROTOCOL_DEBUG] READ_MESSAGE_PATTERN - Processing pattern: EE
[1785244520] [NOISE_PROTOCOL_DEBUG] READ_MESSAGE_HASH_BEFORE_PATTERN - Hash before pattern: [36, 12, 111, 117, 21, 186, 211, 194]
[1785244520] [NOISE_PROTOCOL_DEBUG] READ_MESSAGE_EE - Performing DH(ephemeral, ephemeral)
[1785244520] [NOISE_PROTOCOL_DEBUG] READ_MESSAGE_EE_DONE - DH(ephemeral, ephemeral) completed
[1785244520] [NOISE_PROTOCOL_DEBUG] READ_MESSAGE_HASH_AFTER_PATTERN - Hash after pattern EE: [228, 47, 40, 107, 145, 27, 231, 194]
[1785244520] [NOISE_PROTOCOL_DEBUG] READ_MESSAGE_EE_DONE - DH(ephemeral, ephemeral) completed
[1785244520] [NOISE_PROTOCOL_DEBUG] READ_MESSAGE_PATTERN - Processing pattern: S
[1785244520] [NOISE_PROTOCOL_DEBUG] READ_MESSAGE_HASH_AFTER_PATTERN - Hash after pattern EE: [41, 90, 93, 219, 78, 37, 232, 148]
[1785244520] [NOISE_PROTOCOL_DEBUG] READ_MESSAGE_HASH_BEFORE_PATTERN - Hash before pattern: [228, 47, 40, 107, 145, 27, 231, 194]
[1785244520] [NOISE_PROTOCOL_DEBUG] READ_MESSAGE_PATTERN - Processing pattern: S
[1785244520] [NOISE_PROTOCOL_DEBUG] READ_MESSAGE_S - Reading static key
[1785244520] [NOISE_PROTOCOL_DEBUG] READ_MESSAGE_HASH_BEFORE_PATTERN - Hash before pattern: [41, 90, 93, 219, 78, 37, 232, 148]
[1785244520] [NOISE_PROTOCOL_DEBUG] READ_MESSAGE_S_CHECK - Checking static key length: need 48 bytes, available 64 bytes, has_cipher_key: true
[1785244520] [NOISE_PROTOCOL_DEBUG] READ_MESSAGE_S - Reading static key
[1785244520] [NOISE_PROTOCOL_DEBUG] READ_MESSAGE_S_DATA - Static key data length: 48, has_cipher_key: true
[1785244520] [NOISE_PROTOCOL_DEBUG] READ_MESSAGE_S_CHECK - Checking static key length: need 48 bytes, available 64 bytes, has_cipher_key: true
[1785244520] [NOISE_PROTOCOL_DEBUG] DECRYPT_AND_HASH - Decrypting with cipher key, ciphertext length: 48
[1785244520] [NOISE_PROTOCOL_DEBUG] READ_MESSAGE_S_DATA - Static key data length: 48, has_cipher_key: true
[1785244520] [NOISE_PROTOCOL_DEBUG] DECRYPT_AND_HASH_HASH - Current hash length: 32
[1785244520] [NOISE_PROTOCOL_DEBUG] DECRYPT_AND_HASH - Decrypting with cipher key, ciphertext length: 48
[1785244520] [NOISE_PROTOCOL_DEBUG] DECRYPT_AND_HASH_HASH_BYTES - Hash bytes: [228, 47, 40, 107, 145, 27, 231, 194]
[1785244520] [NOISE_PROTOCOL_DEBUG] DECRYPT_AND_HASH_HASH - Current hash length: 32
[1785244520] [NOISE_PROTOCOL_DEBUG] CIPHER_DECRYPT - Decrypting with key, ciphertext length: 48
[1785244520] [NOISE_PROTOCOL_DEBUG] DECRYPT_AND_HASH_HASH_BYTES - Hash bytes: [41, 90, 93, 219, 78, 37, 232, 148]
[1785244520] [NOISE_PROTOCOL_DEBUG] CIPHER_DECRYPT - Decrypting with key, ciphertext length: 48
[1785244520] [NOISE_PROTOCOL_DEBUG] READ_MESSAGE_EE_DONE - DH(ephemeral, ephemeral) completed
[1785244520] [NOISE_PROTOCOL_DEBUG] READ_MESSAGE_HASH_AFTER_PATTERN - Hash after pattern EE: [58, 255, 121, 16, 43, 64, 148, 166]
[1785244520] [NOISE_PROTOCOL_DEBUG] READ_MESSAGE_PATTERN - Processing pattern: S
[1785244520] [NOISE_PROTOCOL_DEBUG] READ_MESSAGE_HASH_BEFORE_PATTERN - Hash before pattern: [58, 255, 121, 16, 43, 64, 148, 166]
[1785244520] [NOISE_PROTOCOL_DEBUG] READ_MESSAGE_S - Reading static key
[1785244520] [NOISE_PROTOCOL_DEBUG] READ_MESSAGE_S_CHECK - Checking static key length: need 48 bytes, available 64 bytes, has_cipher_key: true
[1785244520] [NOISE_PROTOCOL_DEBUG] CIPHER_DECRYPT_SUCCESS - Decryption successful, plaintext length: 32
[1785244520] [NOISE_PROTOCOL_DEBUG] READ_MESSAGE_S_DATA - Static key data length: 48, has_cipher_key: true
[1785244520] [NOISE_PROTOCOL_DEBUG] DECRYPT_AND_HASH_SUCCESS - Decryption successful, plaintext length: 32
[1785244520] [NOISE_PROTOCOL_DEBUG] DECRYPT_AND_HASH - Decrypting with cipher key, ciphertext length: 48
[1785244520] [NOISE_PROTOCOL_DEBUG] CIPHER_DECRYPT_SUCCESS - Decryption successful, plaintext length: 32
[1785244520] [NOISE_PROTOCOL_DEBUG] DECRYPT_AND_HASH_HASH_MIXED - Hash mixed with ciphertext
[1785244520] [NOISE_PROTOCOL_DEBUG] DECRYPT_AND_HASH_HASH - Current hash length: 32
[1785244520] [NOISE_PROTOCOL_DEBUG] DECRYPT_AND_HASH_SUCCESS - Decryption successful, plaintext length: 32
[1785244520] [NOISE_PROTOCOL_DEBUG] READ_MESSAGE_S_DONE - Static key read and validated successfully
[1785244520] [NOISE_PROTOCOL_DEBUG] DECRYPT_AND_HASH_HASH_BYTES - Hash bytes: [58, 255, 121, 16, 43, 64, 148, 166]
[1785244520] [NOISE_PROTOCOL_DEBUG] READ_MESSAGE_HASH_AFTER_PATTERN - Hash after pattern S: [235, 23, 137, 42, 202, 75, 82, 153]
[1785244520] [NOISE_PROTOCOL_DEBUG] CIPHER_DECRYPT - Decrypting with key, ciphertext length: 48
[1785244520] [NOISE_PROTOCOL_DEBUG] DECRYPT_AND_HASH_HASH_MIXED - Hash mixed with ciphertext
[1785244520] [NOISE_PROTOCOL_DEBUG] READ_MESSAGE_PATTERN - Processing pattern: ES
[1785244520] [NOISE_PROTOCOL_DEBUG] READ_MESSAGE_S_DONE - Static key read and validated successfully
[1785244520] [NOISE_PROTOCOL_DEBUG] READ_MESSAGE_HASH_BEFORE_PATTERN - Hash before pattern: [235, 23, 137, 42, 202, 75, 82, 153]
[1785244520] [NOISE_PROTOCOL_DEBUG] READ_MESSAGE_HASH_AFTER_PATTERN - Hash after pattern S: [159, 67, 244, 203, 139, 5, 71, 110]
[1785244520] [NOISE_PROTOCOL_DEBUG] READ_MESSAGE_ES - Performing DH(ephemeral, static)
[1785244520] [NOISE_PROTOCOL_DEBUG] READ_MESSAGE_PATTERN - Processing pattern: ES
[1785244520] [NOISE_PROTOCOL_DEBUG] READ_MESSAGE_HASH_BEFORE_PATTERN - Hash before pattern: [159, 67, 244, 203, 139, 5, 71, 110]
[1785244520] [NOISE_PROTOCOL_DEBUG] READ_MESSAGE_ES - Performing DH(ephemeral, static)
[1785244520] [NOISE_PROTOCOL_DEBUG] READ_MESSAGE_EE_DONE - DH(ephemeral, ephemeral) completed
[1785244520] [NOISE_PROTOCOL_DEBUG] READ_MESSAGE_HASH_AFTER_PATTERN - Hash after pattern EE: [36, 12, 111, 117, 21, 186, 211, 194]
[1785244520] [NOISE_PROTOCOL_DEBUG] READ_MESSAGE_PATTERN - Processing pattern: S
[1785244520] [NOISE_PROTOCOL_DEBUG] READ_MESSAGE_HASH_BEFORE_PATTERN - Hash before pattern: [36, 12, 111, 117, 21, 186, 211, 194]
[1785244520] [NOISE_PROTOCOL_DEBUG] CIPHER_DECRYPT_SUCCESS - Decryption successful, plaintext length: 32
[1785244520] [NOISE_PROTOCOL_DEBUG] READ_MESSAGE_S - Reading static key
[1785244520] [NOISE_PROTOCOL_DEBUG] DECRYPT_AND_HASH_SUCCESS - Decryption successful, plaintext length: 32
[1785244520] [NOISE_PROTOCOL_DEBUG] READ_MESSAGE_S_CHECK - Checking static key length: need 48 bytes, available 64 bytes, has_cipher_key: true
[1785244520] [NOISE_PROTOCOL_DEBUG] READ_MESSAGE_S_DATA - Static key data length: 48, has_cipher_key: true
[1785244520] [NOISE_PROTOCOL_DEBUG] DECRYPT_AND_HASH_HASH_MIXED - Hash mixed with ciphertext
[1785244520] [NOISE_PROTOCOL_DEBUG] DECRYPT_AND_HASH - Decrypting with cipher key, ciphertext length: 48
[1785244520] [NOISE_PROTOCOL_DEBUG] DECRYPT_AND_HASH_HASH - Current hash length: 32
[1785244520] [NOISE_PROTOCOL_DEBUG] DECRYPT_AND_HASH_HASH_BYTES - Hash bytes: [36, 12, 111, 117, 21, 186, 211, 194]
[1785244520] [NOISE_PROTOCOL_DEBUG] READ_MESSAGE_S_DONE - Static key read and validated successfully
[1785244520] [NOISE_PROTOCOL_DEBUG] CIPHER_DECRYPT - Decrypting with key, ciphertext length: 48
[1785244520] [NOISE_PROTOCOL_DEBUG] READ_MESSAGE_HASH_AFTER_PATTERN - Hash after pattern S: [132, 116, 242, 81, 167, 57, 95, 56]
[1785244520] [NOISE_PROTOCOL_DEBUG] READ_MESSAGE_PATTERN - Processing pattern: ES
[1785244520] [NOISE_PROTOCOL_DEBUG] READ_MESSAGE_HASH_BEFORE_PATTERN - Hash before pattern: [132, 116, 242, 81, 167, 57, 95, 56]
[1785244520] [NOISE_PROTOCOL_DEBUG] READ_MESSAGE_ES - Performing DH(ephemeral, static)
[1785244520] [NOISE_PROTOCOL_DEBUG] CIPHER_DECRYPT_SUCCESS - Decryption successful, plaintext length: 32
[1785244520] [NOISE_PROTOCOL_DEBUG] DECRYPT_AND_HASH_SUCCESS - Decryption successful, plaintext length: 32
[1785244520] [NOISE_PROTOCOL_DEBUG] DECRYPT_AND_HASH_HASH_MIXED - Hash mixed with ciphertext
[1785244520] [NOISE_PROTOCOL_DEBUG] READ_MESSAGE_S_DONE - Static key read and validated successfully
[1785244520] [NOISE_PROTOCOL_DEBUG] READ_MESSAGE_HASH_AFTER_PATTERN - Hash after pattern S: [11, 184, 39, 16, 154, 189, 143, 156]
[1785244520] [NOISE_PROTOCOL_DEBUG] READ_MESSAGE_PATTERN - Processing pattern: ES
[1785244520] [NOISE_PROTOCOL_DEBUG] READ_MESSAGE_HASH_BEFORE_PATTERN - Hash before pattern: [11, 184, 39, 16, 154, 189, 143, 156]
[1785244520] [NOISE_PROTOCOL_DEBUG] READ_MESSAGE_ES - Performing DH(ephemeral, static)
[1785244520] [NOISE_PROTOCOL_DEBUG] READ_MESSAGE_ES_DONE - DH(ephemeral, static) completed
[1785244520] [NOISE_PROTOCOL_DEBUG] READ_MESSAGE_ES_DONE - DH(ephemeral, static) completed
[1785244520] [NOISE_PROTOCOL_DEBUG] READ_MESSAGE_HASH_AFTER_PATTERN - Hash after pattern ES: [235, 23, 137, 42, 202, 75, 82, 153]
[1785244520] [NOISE_PROTOCOL_DEBUG] READ_MESSAGE_HASH_AFTER_PATTERN - Hash after pattern ES: [159, 67, 244, 203, 139, 5, 71, 110]
[1785244520] [NOISE_PROTOCOL_DEBUG] READ_MESSAGE_PAYLOAD - Decrypting payload, length: 16
[1785244520] [NOISE_PROTOCOL_DEBUG] READ_MESSAGE_PAYLOAD - Decrypting payload, length: 16
[1785244520] [NOISE_PROTOCOL_DEBUG] DECRYPT_AND_HASH - Decrypting with cipher key, ciphertext length: 16
[1785244520] [NOISE_PROTOCOL_DEBUG] DECRYPT_AND_HASH - Decrypting with cipher key, ciphertext length: 16
[1785244520] [NOISE_PROTOCOL_DEBUG] DECRYPT_AND_HASH_HASH - Current hash length: 32
[1785244520] [NOISE_PROTOCOL_DEBUG] DECRYPT_AND_HASH_HASH - Current hash length: 32
[1785244520] [NOISE_PROTOCOL_DEBUG] DECRYPT_AND_HASH_HASH_BYTES - Hash bytes: [235, 23, 137, 42, 202, 75, 82, 153]
[1785244520] [NOISE_PROTOCOL_DEBUG] DECRYPT_AND_HASH_HASH_BYTES - Hash bytes: [159, 67, 244, 203, 139, 5, 71, 110]
[1785244520] [NOISE_PROTOCOL_DEBUG] CIPHER_DECRYPT - Decrypting with key, ciphertext length: 16
[1785244520] [NOISE_PROTOCOL_DEBUG] CIPHER_DECRYPT - Decrypting with key, ciphertext length: 16
[1785244520] [NOISE_PROTOCOL_DEBUG] CIPHER_DECRYPT_SUCCESS - Decryption successful, plaintext length: 0
[1785244520] [NOISE_PROTOCOL_DEBUG] DECRYPT_AND_HASH_SUCCESS - Decryption successful, plaintext length: 0
[1785244520] [NOISE_PROTOCOL_DEBUG] CIPHER_DECRYPT_SUCCESS - Decryption successful, plaintext length: 0
[1785244520] [NOISE_PROTOCOL_DEBUG] DECRYPT_AND_HASH_SUCCESS - Decryption successful, plaintext length: 0
[1785244520] [NOISE_PROTOCOL_DEBUG] DECRYPT_AND_HASH_HASH_MIXED - Hash mixed with ciphertext
[1785244520] [NOISE_PROTOCOL_DEBUG] READ_MESSAGE_PAYLOAD_SUCCESS - Payload decrypted successfully, length: 0
[1785244520] [NOISE_PROTOCOL_DEBUG] DECRYPT_AND_HASH_HASH_MIXED - Hash mixed with ciphertext
[1785244520] [NOISE_PROTOCOL_DEBUG] READ_MESSAGE_COMPLETE - Message read successfully, new pattern: 2/3
[1785244520] [NOISE_PROTOCOL_DEBUG] READ_MESSAGE_PAYLOAD_SUCCESS - Payload decrypted successfully, length: 0
[1785244520] [NOISE_PROTOCOL_DEBUG] READ_MESSAGE_HASH_AFTER - Hash after read: [163, 161, 178, 217, 222, 69, 138, 85]
[1785244520] [NOISE_PROTOCOL_DEBUG] READ_MESSAGE_COMPLETE - Message read successfully, new pattern: 2/3
[1785244520] [NOISE_PROTOCOL_DEBUG] WRITE_MESSAGE_START - Pattern: XX, Current: 2/3
[1785244520] [NOISE_PROTOCOL_DEBUG] READ_MESSAGE_HASH_AFTER - Hash after read: [201, 196, 141, 84, 136, 251, 233, 91]
[1785244520] [NOISE_PROTOCOL_DEBUG] WRITE_MESSAGE_PATTERNS - Processing patterns: [S, SE]
[1785244520] [NOISE_PROTOCOL_DEBUG] WRITE_MESSAGE_START - Pattern: XX, Current: 2/3
[1785244520] [NOISE_PROTOCOL_DEBUG] WRITE_MESSAGE_PATTERN - Processing pattern: S
[1785244520] [NOISE_PROTOCOL_DEBUG] READ_MESSAGE_ES_DONE - DH(ephemeral, static) completed
[1785244520] [NOISE_PROTOCOL_DEBUG] WRITE_MESSAGE_PATTERNS - Processing patterns: [S, SE]
[1785244520] [NOISE_PROTOCOL_DEBUG] WRITE_MESSAGE_S - Sending static key
[1785244520] [NOISE_PROTOCOL_DEBUG] READ_MESSAGE_HASH_AFTER_PATTERN - Hash after pattern ES: [132, 116, 242, 81, 167, 57, 95, 56]
[1785244520] [NOISE_PROTOCOL_DEBUG] WRITE_MESSAGE_PATTERN - Processing pattern: S
[1785244520] [NOISE_PROTOCOL_DEBUG] CIPHER_ENCRYPT - Encrypting with key, plaintext length: 32
[1785244520] [NOISE_PROTOCOL_DEBUG] READ_MESSAGE_PAYLOAD - Decrypting payload, length: 16
[1785244520] [NOISE_PROTOCOL_DEBUG] WRITE_MESSAGE_S - Sending static key
[1785244520] [NOISE_PROTOCOL_DEBUG] CIPHER_ENCRYPT_KEY - Key length: 32
[1785244520] [NOISE_PROTOCOL_DEBUG] DECRYPT_AND_HASH - Decrypting with cipher key, ciphertext length: 16
[1785244520] [NOISE_PROTOCOL_DEBUG] CIPHER_ENCRYPT - Encrypting with key, plaintext length: 32
[1785244520] [NOISE_PROTOCOL_DEBUG] CIPHER_ENCRYPT_NONCE - Current nonce: 1
[1785244520] [NOISE_PROTOCOL_DEBUG] DECRYPT_AND_HASH_HASH - Current hash length: 32
[1785244520] [NOISE_PROTOCOL_DEBUG] CIPHER_ENCRYPT_KEY - Key length: 32
[1785244520] [NOISE_PROTOCOL_DEBUG] CIPHER_ENCRYPT_ASSOCIATED_DATA - Associated data length: 32
[1785244520] [NOISE_PROTOCOL_DEBUG] DECRYPT_AND_HASH_HASH_BYTES - Hash bytes: [132, 116, 242, 81, 167, 57, 95, 56]
[1785244520] [NOISE_PROTOCOL_DEBUG] CIPHER_ENCRYPT_NONCE - Current nonce: 1
[1785244520] [NOISE_PROTOCOL_DEBUG] CIPHER_DECRYPT - Decrypting with key, ciphertext length: 16
[1785244520] [NOISE_PROTOCOL_DEBUG] CIPHER_ENCRYPT_ASSOCIATED_DATA - Associated data length: 32
[1785244520] [NOISE_PROTOCOL_DEBUG] CIPHER_DECRYPT_SUCCESS - Decryption successful, plaintext length: 0
[1785244520] [NOISE_PROTOCOL_DEBUG] CIPHER_ENCRYPT_SUCCESS - Encryption successful, ciphertext length: 48
[1785244520] [NOISE_PROTOCOL_DEBUG] DECRYPT_AND_HASH_SUCCESS - Decryption successful, plaintext length: 0
[1785244520] [NOISE_PROTOCOL_DEBUG] READ_MESSAGE_ES_DONE - DH(ephemeral, static) completed
[1785244520] [NOISE_PROTOCOL_DEBUG] WRITE_MESSAGE_S_DONE - Static key encrypted and sent, buffer size: 48
[1785244520] [NOISE_PROTOCOL_DEBUG] DECRYPT_AND_HASH_HASH_MIXED - Hash mixed with ciphertext
[1785244520] [NOISE_PROTOCOL_DEBUG] CIPHER_ENCRYPT_SUCCESS - Encryption successful, ciphertext length: 48
[1785244520] [NOISE_PROTOCOL_DEBUG] READ_MESSAGE_HASH_AFTER_PATTERN - Hash after pattern ES: [11, 184, 39, 16, 154, 189, 143, 156]
[1785244520] [NOISE_PROTOCOL_DEBUG] WRITE_MESSAGE_PATTERN - Processing pattern: SE
[1785244520] [NOISE_PROTOCOL_DEBUG] READ_MESSAGE_PAYLOAD_SUCCESS - Payload decrypted successfully, length: 0
[1785244520] [NOISE_PROTOCOL_DEBUG] READ_MESSAGE_PAYLOAD - Decrypting payload, length: 16
[1785244520] [NOISE_PROTOCOL_DEBUG] WRITE_MESSAGE_SE - Performing DH(static, ephemeral), role: Initiator
[1785244520] [NOISE_PROTOCOL_DEBUG] WRITE_MESSAGE_S_DONE - Static key encrypted and sent, buffer size: 48
[1785244520] [NOISE_PROTOCOL_DEBUG] READ_MESSAGE_COMPLETE - Message read successfully, new pattern: 2/3
[1785244520] [NOISE_PROTOCOL_DEBUG] DECRYPT_AND_HASH - Decrypting with cipher key, ciphertext length: 16
[1785244520] [NOISE_PROTOCOL_DEBUG] WRITE_MESSAGE_PATTERN - Processing pattern: SE
[1785244520] [NOISE_PROTOCOL_DEBUG] READ_MESSAGE_HASH_AFTER - Hash after read: [162, 247, 175, 46, 78, 172, 127, 136]
[1785244520] [NOISE_PROTOCOL_DEBUG] DECRYPT_AND_HASH_HASH - Current hash length: 32
[1785244520] [NOISE_PROTOCOL_DEBUG] WRITE_MESSAGE_SE - Performing DH(static, ephemeral), role: Initiator
[1785244520] [NOISE_PROTOCOL_DEBUG] DECRYPT_AND_HASH_HASH_BYTES - Hash bytes: [11, 184, 39, 16, 154, 189, 143, 156]
[1785244520] [NOISE_PROTOCOL_DEBUG] WRITE_MESSAGE_START - Pattern: XX, Current: 2/3
[1785244520] [NOISE_PROTOCOL_DEBUG] CIPHER_DECRYPT - Decrypting with key, ciphertext length: 16
[1785244520] [NOISE_PROTOCOL_DEBUG] WRITE_MESSAGE_PATTERNS - Processing patterns: [S, SE]
[1785244520] [NOISE_PROTOCOL_DEBUG] WRITE_MESSAGE_PATTERN - Processing pattern: S
[1785244520] [NOISE_PROTOCOL_DEBUG] WRITE_MESSAGE_S - Sending static key
[1785244520] [NOISE_PROTOCOL_DEBUG] CIPHER_ENCRYPT - Encrypting with key, plaintext length: 32
[1785244520] [NOISE_PROTOCOL_DEBUG] CIPHER_ENCRYPT_KEY - Key length: 32
[1785244520] [NOISE_PROTOCOL_DEBUG] CIPHER_ENCRYPT_NONCE - Current nonce: 1
[1785244520] [NOISE_PROTOCOL_DEBUG] CIPHER_ENCRYPT_ASSOCIATED_DATA - Associated data length: 32
[1785244520] [NOISE_PROTOCOL_DEBUG] CIPHER_DECRYPT_SUCCESS - Decryption successful, plaintext length: 0
[1785244520] [NOISE_PROTOCOL_DEBUG] DECRYPT_AND_HASH_SUCCESS - Decryption successful, plaintext length: 0
[1785244520] [NOISE_PROTOCOL_DEBUG] DECRYPT_AND_HASH_HASH_MIXED - Hash mixed with ciphertext
[1785244520] [NOISE_PROTOCOL_DEBUG] READ_MESSAGE_PAYLOAD_SUCCESS - Payload decrypted successfully, length: 0
[1785244520] [NOISE_PROTOCOL_DEBUG] READ_MESSAGE_COMPLETE - Message read successfully, new pattern: 2/3
[1785244520] [NOISE_PROTOCOL_DEBUG] READ_MESSAGE_HASH_AFTER - Hash after read: [240, 22, 238, 32, 44, 202, 8, 119]
[1785244520] [NOISE_PROTOCOL_DEBUG] WRITE_MESSAGE_START - Pattern: XX, Current: 2/3
[1785244520] [NOISE_PROTOCOL_DEBUG] WRITE_MESSAGE_PATTERNS - Processing patterns: [S, SE]
[1785244520] [NOISE_PROTOCOL_DEBUG] WRITE_MESSAGE_PATTERN - Processing pattern: S
[1785244520] [NOISE_PROTOCOL_DEBUG] WRITE_MESSAGE_S - Sending static key
[1785244520] [NOISE_PROTOCOL_DEBUG] CIPHER_ENCRYPT - Encrypting with key, plaintext length: 32
[1785244520] [NOISE_PROTOCOL_DEBUG] CIPHER_ENCRYPT_SUCCESS - Encryption successful, ciphertext length: 48
[1785244520] [NOISE_PROTOCOL_DEBUG] CIPHER_ENCRYPT_KEY - Key length: 32
[1785244520] [NOISE_PROTOCOL_DEBUG] CIPHER_ENCRYPT_NONCE - Current nonce: 1
[1785244520] [NOISE_PROTOCOL_DEBUG] CIPHER_ENCRYPT_ASSOCIATED_DATA - Associated data length: 32
[1785244520] [NOISE_PROTOCOL_DEBUG] WRITE_MESSAGE_S_DONE - Static key encrypted and sent, buffer size: 48
[1785244520] [NOISE_PROTOCOL_DEBUG] WRITE_MESSAGE_PATTERN - Processing pattern: SE
[1785244520] [NOISE_PROTOCOL_DEBUG] WRITE_MESSAGE_SE - Performing DH(static, ephemeral), role: Initiator
[1785244520] [NOISE_PROTOCOL_DEBUG] CIPHER_ENCRYPT_SUCCESS - Encryption successful, ciphertext length: 48
[1785244520] [NOISE_PROTOCOL_DEBUG] WRITE_MESSAGE_S_DONE - Static key encrypted and sent, buffer size: 48
[1785244520] [NOISE_PROTOCOL_DEBUG] WRITE_MESSAGE_PATTERN - Processing pattern: SE
[1785244520] [NOISE_PROTOCOL_DEBUG] WRITE_MESSAGE_SE - Performing DH(static, ephemeral), role: Initiator
[1785244520] [NOISE_PROTOCOL_DEBUG] WRITE_MESSAGE_SE_DONE - DH(static, ephemeral) completed for initiator
[1785244520] [NOISE_PROTOCOL_DEBUG] WRITE_MESSAGE_ENCRYPT - Encrypting payload of 0 bytes
[1785244520] [NOISE_PROTOCOL_DEBUG] CIPHER_ENCRYPT - Encrypting with key, plaintext length: 0
[1785244520] [NOISE_PROTOCOL_DEBUG] CIPHER_ENCRYPT_KEY - Key length: 32
[1785244520] [NOISE_PROTOCOL_DEBUG] CIPHER_ENCRYPT_NONCE - Current nonce: 0
[1785244520] [NOISE_PROTOCOL_DEBUG] CIPHER_ENCRYPT_ASSOCIATED_DATA - Associated data length: 32
[1785244520] [NOISE_PROTOCOL_DEBUG] CIPHER_ENCRYPT_SUCCESS - Encryption successful, ciphertext length: 16
[1785244520] [NOISE_PROTOCOL_DEBUG] WRITE_MESSAGE_SE_DONE - DH(static, ephemeral) completed for initiator
[1785244520] [NOISE_PROTOCOL_DEBUG] WRITE_MESSAGE_ENCRYPT_DONE - Payload encrypted, total buffer size: 64
[1785244520] [NOISE_PROTOCOL_DEBUG] WRITE_MESSAGE_ENCRYPT - Encrypting payload of 0 bytes
[1785244520] [NOISE_PROTOCOL_DEBUG] WRITE_MESSAGE_COMPLETE - Message written, pattern 2 complete
[1785244520] [NOISE_PROTOCOL_DEBUG] CIPHER_ENCRYPT - Encrypting with key, plaintext length: 0
[1785244520] [NOISE_PROTOCOL_DEBUG] CIPHER_ENCRYPT_KEY - Key length: 32
[1785244520] [NOISE_PROTOCOL_DEBUG] CIPHER_ENCRYPT_NONCE - Current nonce: 0
[1785244520] [NOISE_PROTOCOL_DEBUG] CIPHER_ENCRYPT_ASSOCIATED_DATA - Associated data length: 32
[1785244520] [NOISE_PROTOCOL_DEBUG] WRITE_MESSAGE_SE_DONE - DH(static, ephemeral) completed for initiator
[1785244520] [NOISE_PROTOCOL_DEBUG] WRITE_MESSAGE_ENCRYPT - Encrypting payload of 0 bytes
[1785244520] [NOISE_PROTOCOL_DEBUG] CIPHER_ENCRYPT - Encrypting with key, plaintext length: 0
[1785244520] [NOISE_PROTOCOL_DEBUG] CIPHER_ENCRYPT_KEY - Key length: 32
[1785244520] [NOISE_PROTOCOL_DEBUG] CIPHER_ENCRYPT_SUCCESS - Encryption successful, ciphertext length: 16
[1785244520] [NOISE_PROTOCOL_DEBUG] CIPHER_ENCRYPT_NONCE - Current nonce: 0
[1785244520] [NOISE_PROTOCOL_DEBUG] CIPHER_ENCRYPT_ASSOCIATED_DATA - Associated data length: 32
[1785244520] [NOISE_PROTOCOL_DEBUG] CIPHER_ENCRYPT - Encrypting with key, plaintext length: 45
[1785244520] [NOISE_PROTOCOL_DEBUG] WRITE_MESSAGE_ENCRYPT_DONE - Payload encrypted, total buffer size: 64
[1785244520] [NOISE_PROTOCOL_DEBUG] CIPHER_ENCRYPT_KEY - Key length: 32
[1785244520] [NOISE_PROTOCOL_DEBUG] WRITE_MESSAGE_COMPLETE - Message written, pattern 2 complete
[1785244520] [NOISE_PROTOCOL_DEBUG] WRITE_MESSAGE_SE_DONE - DH(static, ephemeral) completed for initiator
[1785244520] [NOISE_PROTOCOL_DEBUG] CIPHER_ENCRYPT_NONCE - Current nonce: 0
[1785244520] [NOISE_PROTOCOL_DEBUG] WRITE_MESSAGE_ENCRYPT - Encrypting payload of 0 bytes
[1785244520] [NOISE_PROTOCOL_DEBUG] CIPHER_ENCRYPT_ASSOCIATED_DATA - Associated data length: 0
[1785244520] [NOISE_PROTOCOL_DEBUG] CIPHER_ENCRYPT - Encrypting with key, plaintext length: 0
[1785244520] [NOISE_PROTOCOL_DEBUG] CIPHER_ENCRYPT_SUCCESS - Encryption successful, ciphertext length: 16
[1785244520] [NOISE_PROTOCOL_DEBUG] CIPHER_ENCRYPT_KEY - Key length: 32
[1785244520] [NOISE_PROTOCOL_DEBUG] WRITE_MESSAGE_ENCRYPT_DONE - Payload encrypted, total buffer size: 64
[1785244520] [NOISE_PROTOCOL_DEBUG] CIPHER_ENCRYPT_NONCE - Current nonce: 0
[1785244520] [NOISE_PROTOCOL_DEBUG] WRITE_MESSAGE_COMPLETE - Message written, pattern 2 complete
[1785244520] [NOISE_PROTOCOL_DEBUG] CIPHER_ENCRYPT_ASSOCIATED_DATA - Associated data length: 32
[1785244520] [NOISE_PROTOCOL_DEBUG] CIPHER_ENCRYPT_SUCCESS - Encryption successful, ciphertext length: 61
[1785244520] [NOISE_PROTOCOL_DEBUG] CIPHER_ENCRYPT - Encrypting with key, plaintext length: 43
[1785244520] [NOISE_PROTOCOL_DEBUG] CIPHER_ENCRYPT_SUCCESS - Encryption successful, ciphertext length: 16
[1785244520] [NOISE_PROTOCOL_DEBUG] CIPHER_ENCRYPT_TRANSPORT - Transport message with nonce prefix, total length: 65
[1785244520] [NOISE_PROTOCOL_DEBUG] CIPHER_ENCRYPT_KEY - Key length: 32
[1785244520] [NOISE_PROTOCOL_DEBUG] CIPHER_ENCRYPT_NONCE - Current nonce: 0
[1785244520] [NOISE_PROTOCOL_DEBUG] WRITE_MESSAGE_ENCRYPT_DONE - Payload encrypted, total buffer size: 64
[1785244520] [NOISE_PROTOCOL_DEBUG] CIPHER_ENCRYPT - Encrypting with key, plaintext length: 54
[1785244520] [NOISE_PROTOCOL_DEBUG] CIPHER_ENCRYPT_ASSOCIATED_DATA - Associated data length: 0
[1785244520] [NOISE_PROTOCOL_DEBUG] WRITE_MESSAGE_COMPLETE - Message written, pattern 2 complete
[1785244520] [NOISE_PROTOCOL_DEBUG] CIPHER_ENCRYPT_KEY - Key length: 32
[1785244520] [NOISE_PROTOCOL_DEBUG] READ_MESSAGE_START - Pattern: XX, Current: 2/3
[1785244520] [NOISE_PROTOCOL_DEBUG] CIPHER_ENCRYPT_NONCE - Current nonce: 0
[1785244520] [NOISE_PROTOCOL_DEBUG] CIPHER_ENCRYPT_ASSOCIATED_DATA - Associated data length: 0
[1785244520] [NOISE_PROTOCOL_DEBUG] READ_MESSAGE_HASH_BEFORE - Hash before read: [163, 161, 178, 217, 222, 69, 138, 85]
[1785244520] [NOISE_PROTOCOL_DEBUG] READ_MESSAGE_PATTERNS - Processing patterns: [S, SE]
[1785244520] [NOISE_PROTOCOL_DEBUG] READ_MESSAGE_PATTERN - Processing pattern: S
[1785244520] [NOISE_PROTOCOL_DEBUG] READ_MESSAGE_HASH_BEFORE_PATTERN - Hash before pattern: [163, 161, 178, 217, 222, 69, 138, 85]
[1785244520] [NOISE_PROTOCOL_DEBUG] READ_MESSAGE_S - Reading static key
[1785244520] [NOISE_PROTOCOL_DEBUG] READ_MESSAGE_S_CHECK - Checking static key length: need 48 bytes, available 64 bytes, has_cipher_key: true
[1785244520] [NOISE_PROTOCOL_DEBUG] READ_MESSAGE_S_DATA - Static key data length: 48, has_cipher_key: true
[1785244520] [NOISE_PROTOCOL_DEBUG] DECRYPT_AND_HASH - Decrypting with cipher key, ciphertext length: 48
[1785244520] [NOISE_PROTOCOL_DEBUG] CIPHER_ENCRYPT_SUCCESS - Encryption successful, ciphertext length: 59
[1785244520] [NOISE_PROTOCOL_DEBUG] DECRYPT_AND_HASH_HASH - Current hash length: 32
[1785244520] [NOISE_PROTOCOL_DEBUG] CIPHER_ENCRYPT_TRANSPORT - Transport message with nonce prefix, total length: 63
[1785244520] [NOISE_PROTOCOL_DEBUG] CIPHER_ENCRYPT_SUCCESS - Encryption successful, ciphertext length: 70
[1785244520] [NOISE_PROTOCOL_DEBUG] DECRYPT_AND_HASH_HASH_BYTES - Hash bytes: [163, 161, 178, 217, 222, 69, 138, 85]
[1785244520] [NOISE_PROTOCOL_DEBUG] CIPHER_ENCRYPT_TRANSPORT - Transport message with nonce prefix, total length: 74
[1785244520] [NOISE_PROTOCOL_DEBUG] CIPHER_ENCRYPT - Encrypting with key, plaintext length: 58
[1785244520] [NOISE_PROTOCOL_DEBUG] CIPHER_DECRYPT - Decrypting with key, ciphertext length: 48
[1785244520] [NOISE_PROTOCOL_DEBUG] CIPHER_ENCRYPT_KEY - Key length: 32
[1785244520] [NOISE_PROTOCOL_DEBUG] READ_MESSAGE_START - Pattern: XX, Current: 2/3
[1785244520] [NOISE_PROTOCOL_DEBUG] READ_MESSAGE_START - Pattern: XX, Current: 2/3
[1785244520] [NOISE_PROTOCOL_DEBUG] CIPHER_ENCRYPT_NONCE - Current nonce: 0
[1785244520] [NOISE_PROTOCOL_DEBUG] READ_MESSAGE_HASH_BEFORE - Hash before read: [201, 196, 141, 84, 136, 251, 233, 91]
[1785244520] [NOISE_PROTOCOL_DEBUG] READ_MESSAGE_HASH_BEFORE - Hash before read: [240, 22, 238, 32, 44, 202, 8, 119]
[1785244520] [NOISE_PROTOCOL_DEBUG] CIPHER_ENCRYPT_ASSOCIATED_DATA - Associated data length: 0
[1785244520] [NOISE_PROTOCOL_DEBUG] READ_MESSAGE_PATTERNS - Processing patterns: [S, SE]
[1785244520] [NOISE_PROTOCOL_DEBUG] READ_MESSAGE_PATTERNS - Processing patterns: [S, SE]
[1785244520] [NOISE_PROTOCOL_DEBUG] READ_MESSAGE_PATTERN - Processing pattern: S
[1785244520] [NOISE_PROTOCOL_DEBUG] READ_MESSAGE_PATTERN - Processing pattern: S
[1785244520] [NOISE_PROTOCOL_DEBUG] READ_MESSAGE_HASH_BEFORE_PATTERN - Hash before pattern: [201, 196, 141, 84, 136, 251, 233, 91]
[1785244520] [NOISE_PROTOCOL_DEBUG] READ_MESSAGE_HASH_BEFORE_PATTERN - Hash before pattern: [240, 22, 238, 32, 44, 202, 8, 119]
[1785244520] [NOISE_PROTOCOL_DEBUG] READ_MESSAGE_S - Reading static key
[1785244520] [NOISE_PROTOCOL_DEBUG] READ_MESSAGE_S - Reading static key
[1785244520] [NOISE_PROTOCOL_DEBUG] READ_MESSAGE_S_CHECK - Checking static key length: need 48 bytes, available 64 bytes, has_cipher_key: true
[1785244520] [NOISE_PROTOCOL_DEBUG] READ_MESSAGE_S_CHECK - Checking static key length: need 48 bytes, available 64 bytes, has_cipher_key: true
[1785244520] [NOISE_PROTOCOL_DEBUG] CIPHER_DECRYPT_SUCCESS - Decryption successful, plaintext length: 32
[1785244520] [NOISE_PROTOCOL_DEBUG] READ_MESSAGE_S_DATA - Static key data length: 48, has_cipher_key: true
[1785244520] [NOISE_PROTOCOL_DEBUG] READ_MESSAGE_S_DATA - Static key data length: 48, has_cipher_key: true
[1785244520] [NOISE_PROTOCOL_DEBUG] DECRYPT_AND_HASH_SUCCESS - Decryption successful, plaintext length: 32
[1785244520] [NOISE_PROTOCOL_DEBUG] DECRYPT_AND_HASH - Decrypting with cipher key, ciphertext length: 48
[1785244520] [NOISE_PROTOCOL_DEBUG] DECRYPT_AND_HASH - Decrypting with cipher key, ciphertext length: 48
[1785244520] [NOISE_PROTOCOL_DEBUG] CIPHER_ENCRYPT_SUCCESS - Encryption successful, ciphertext length: 74
[1785244520] [NOISE_PROTOCOL_DEBUG] DECRYPT_AND_HASH_HASH - Current hash length: 32
[1785244520] [NOISE_PROTOCOL_DEBUG] DECRYPT_AND_HASH_HASH - Current hash length: 32
[1785244520] [NOISE_PROTOCOL_DEBUG] DECRYPT_AND_HASH_HASH_MIXED - Hash mixed with ciphertext
[1785244520] [NOISE_PROTOCOL_DEBUG] CIPHER_ENCRYPT_TRANSPORT - Transport message with nonce prefix, total length: 78
[1785244520] [NOISE_PROTOCOL_DEBUG] DECRYPT_AND_HASH_HASH_BYTES - Hash bytes: [201, 196, 141, 84, 136, 251, 233, 91]
[1785244520] [NOISE_PROTOCOL_DEBUG] DECRYPT_AND_HASH_HASH_BYTES - Hash bytes: [240, 22, 238, 32, 44, 202, 8, 119]
[1785244520] [NOISE_PROTOCOL_DEBUG] READ_MESSAGE_S_DONE - Static key read and validated successfully
[1785244520] [NOISE_PROTOCOL_DEBUG] CIPHER_DECRYPT - Decrypting with key, ciphertext length: 48
[1785244520] [NOISE_PROTOCOL_DEBUG] CIPHER_DECRYPT - Decrypting with key, ciphertext length: 48
[1785244520] [NOISE_PROTOCOL_DEBUG] READ_MESSAGE_HASH_AFTER_PATTERN - Hash after pattern S: [119, 93, 64, 199, 73, 179, 235, 89]
[1785244520] [NOISE_PROTOCOL_DEBUG] READ_MESSAGE_PATTERN - Processing pattern: SE
[1785244520] [NOISE_PROTOCOL_DEBUG] READ_MESSAGE_START - Pattern: XX, Current: 2/3
[1785244520] [NOISE_PROTOCOL_DEBUG] READ_MESSAGE_HASH_BEFORE_PATTERN - Hash before pattern: [119, 93, 64, 199, 73, 179, 235, 89]
[1785244520] [NOISE_PROTOCOL_DEBUG] READ_MESSAGE_HASH_BEFORE - Hash before read: [162, 247, 175, 46, 78, 172, 127, 136]
[1785244520] [NOISE_PROTOCOL_DEBUG] READ_MESSAGE_SE - Performing DH(static, ephemeral)
[1785244520] [NOISE_PROTOCOL_DEBUG] READ_MESSAGE_PATTERNS - Processing patterns: [S, SE]
[1785244520] [NOISE_PROTOCOL_DEBUG] READ_MESSAGE_PATTERN - Processing pattern: S
[1785244520] [NOISE_PROTOCOL_DEBUG] READ_MESSAGE_HASH_BEFORE_PATTERN - Hash before pattern: [162, 247, 175, 46, 78, 172, 127, 136]
[1785244520] [NOISE_PROTOCOL_DEBUG] READ_MESSAGE_S - Reading static key
[1785244520] [NOISE_PROTOCOL_DEBUG] CIPHER_DECRYPT_SUCCESS - Decryption successful, plaintext length: 32
[1785244520] [NOISE_PROTOCOL_DEBUG] READ_MESSAGE_S_CHECK - Checking static key length: need 48 bytes, available 64 bytes, has_cipher_key: true
[1785244520] [NOISE_PROTOCOL_DEBUG] DECRYPT_AND_HASH_SUCCESS - Decryption successful, plaintext length: 32
[1785244520] [NOISE_PROTOCOL_DEBUG] CIPHER_DECRYPT_SUCCESS - Decryption successful, plaintext length: 32
[1785244520] [NOISE_PROTOCOL_DEBUG] READ_MESSAGE_S_DATA - Static key data length: 48, has_cipher_key: true
[1785244520] [NOISE_PROTOCOL_DEBUG] DECRYPT_AND_HASH_SUCCESS - Decryption successful, plaintext length: 32
[1785244520] [NOISE_PROTOCOL_DEBUG] DECRYPT_AND_HASH_HASH_MIXED - Hash mixed with ciphertext
[1785244520] [NOISE_PROTOCOL_DEBUG] DECRYPT_AND_HASH - Decrypting with cipher key, ciphertext length: 48
[1785244520] [NOISE_PROTOCOL_DEBUG] READ_MESSAGE_S_DONE - Static key read and validated successfully
[1785244520] [NOISE_PROTOCOL_DEBUG] DECRYPT_AND_HASH_HASH - Current hash length: 32
[1785244520] [NOISE_PROTOCOL_DEBUG] READ_MESSAGE_HASH_AFTER_PATTERN - Hash after pattern S: [215, 156, 126, 167, 179, 54, 54, 63]
[1785244520] [NOISE_PROTOCOL_DEBUG] DECRYPT_AND_HASH_HASH_MIXED - Hash mixed with ciphertext
[1785244520] [NOISE_PROTOCOL_DEBUG] DECRYPT_AND_HASH_HASH_BYTES - Hash bytes: [162, 247, 175, 46, 78, 172, 127, 136]
[1785244520] [NOISE_PROTOCOL_DEBUG] READ_MESSAGE_PATTERN - Processing pattern: SE
[1785244520] [NOISE_PROTOCOL_DEBUG] READ_MESSAGE_S_DONE - Static key read and validated successfully
[1785244520] [NOISE_PROTOCOL_DEBUG] READ_MESSAGE_HASH_BEFORE_PATTERN - Hash before pattern: [215, 156, 126, 167, 179, 54, 54, 63]
[1785244520] [NOISE_PROTOCOL_DEBUG] CIPHER_DECRYPT - Decrypting with key, ciphertext length: 48
[1785244520] [NOISE_PROTOCOL_DEBUG] READ_MESSAGE_SE - Performing DH(static, ephemeral)
[1785244520] [NOISE_PROTOCOL_DEBUG] READ_MESSAGE_HASH_AFTER_PATTERN - Hash after pattern S: [126, 50, 133, 143, 54, 180, 48, 99]
[1785244520] [NOISE_PROTOCOL_DEBUG] READ_MESSAGE_PATTERN - Processing pattern: SE
[1785244520] [NOISE_PROTOCOL_DEBUG] READ_MESSAGE_HASH_BEFORE_PATTERN - Hash before pattern: [126, 50, 133, 143, 54, 180, 48, 99]
[1785244520] [NOISE_PROTOCOL_DEBUG] READ_MESSAGE_SE - Performing DH(static, ephemeral)
[1785244520] [NOISE_PROTOCOL_DEBUG] CIPHER_DECRYPT_SUCCESS - Decryption successful, plaintext length: 32
[1785244520] [NOISE_PROTOCOL_DEBUG] DECRYPT_AND_HASH_SUCCESS - Decryption successful, plaintext length: 32
[1785244520] [NOISE_PROTOCOL_DEBUG] DECRYPT_AND_HASH_HASH_MIXED - Hash mixed with ciphertext
[1785244520] [NOISE_PROTOCOL_DEBUG] READ_MESSAGE_S_DONE - Static key read and validated successfully
[1785244520] [NOISE_PROTOCOL_DEBUG] READ_MESSAGE_HASH_AFTER_PATTERN - Hash after pattern S: [213, 238, 124, 182, 58, 23, 70, 117]
[1785244520] [NOISE_PROTOCOL_DEBUG] READ_MESSAGE_PATTERN - Processing pattern: SE
[1785244520] [NOISE_PROTOCOL_DEBUG] READ_MESSAGE_HASH_BEFORE_PATTERN - Hash before pattern: [213, 238, 124, 182, 58, 23, 70, 117]
[1785244520] [NOISE_PROTOCOL_DEBUG] READ_MESSAGE_SE - Performing DH(static, ephemeral)
[1785244520] [NOISE_PROTOCOL_DEBUG] READ_MESSAGE_SE_DONE - DH(static, ephemeral) completed
[1785244520] [NOISE_PROTOCOL_DEBUG] READ_MESSAGE_SE_DONE - DH(static, ephemeral) completed
[1785244520] [NOISE_PROTOCOL_DEBUG] READ_MESSAGE_HASH_AFTER_PATTERN - Hash after pattern SE: [215, 156, 126, 167, 179, 54, 54, 63]
[1785244520] [NOISE_PROTOCOL_DEBUG] READ_MESSAGE_HASH_AFTER_PATTERN - Hash after pattern SE: [119, 93, 64, 199, 73, 179, 235, 89]
[1785244520] [NOISE_PROTOCOL_DEBUG] READ_MESSAGE_PAYLOAD - Decrypting payload, length: 16
[1785244520] [NOISE_PROTOCOL_DEBUG] READ_MESSAGE_PAYLOAD - Decrypting payload, length: 16
[1785244520] [NOISE_PROTOCOL_DEBUG] DECRYPT_AND_HASH - Decrypting with cipher key, ciphertext length: 16
[1785244520] [NOISE_PROTOCOL_DEBUG] DECRYPT_AND_HASH - Decrypting with cipher key, ciphertext length: 16
[1785244520] [NOISE_PROTOCOL_DEBUG] DECRYPT_AND_HASH_HASH - Current hash length: 32
[1785244520] [NOISE_PROTOCOL_DEBUG] DECRYPT_AND_HASH_HASH - Current hash length: 32
[1785244520] [NOISE_PROTOCOL_DEBUG] DECRYPT_AND_HASH_HASH_BYTES - Hash bytes: [215, 156, 126, 167, 179, 54, 54, 63]
[1785244520] [NOISE_PROTOCOL_DEBUG] DECRYPT_AND_HASH_HASH_BYTES - Hash bytes: [119, 93, 64, 199, 73, 179, 235, 89]
[1785244520] [NOISE_PROTOCOL_DEBUG] CIPHER_DECRYPT - Decrypting with key, ciphertext length: 16
[1785244520] [NOISE_PROTOCOL_DEBUG] CIPHER_DECRYPT - Decrypting with key, ciphertext length: 16
[1785244520] [NOISE_PROTOCOL_DEBUG] CIPHER_DECRYPT_SUCCESS - Decryption successful, plaintext length: 0
[1785244520] [NOISE_PROTOCOL_DEBUG] DECRYPT_AND_HASH_SUCCESS - Decryption successful, plaintext length: 0
[1785244520] [NOISE_PROTOCOL_DEBUG] CIPHER_DECRYPT_SUCCESS - Decryption successful, plaintext length: 0
[1785244520] [NOISE_PROTOCOL_DEBUG] DECRYPT_AND_HASH_HASH_MIXED - Hash mixed with ciphertext
[1785244520] [NOISE_PROTOCOL_DEBUG] DECRYPT_AND_HASH_SUCCESS - Decryption successful, plaintext length: 0
[1785244520] [NOISE_PROTOCOL_DEBUG] READ_MESSAGE_PAYLOAD_SUCCESS - Payload decrypted successfully, length: 0
[1785244520] [NOISE_PROTOCOL_DEBUG] READ_MESSAGE_COMPLETE - Message read successfully, new pattern: 3/3
[1785244520] [NOISE_PROTOCOL_DEBUG] DECRYPT_AND_HASH_HASH_MIXED - Hash mixed with ciphertext
[1785244520] [NOISE_PROTOCOL_DEBUG] READ_MESSAGE_HASH_AFTER - Hash after read: [83, 7, 9, 204, 79, 205, 87, 31]
[1785244520] [NOISE_PROTOCOL_DEBUG] READ_MESSAGE_PAYLOAD_SUCCESS - Payload decrypted successfully, length: 0
[1785244520] [NOISE_PROTOCOL_DEBUG] READ_MESSAGE_COMPLETE - Message read successfully, new pattern: 3/3
[1785244520] [NOISE_PROTOCOL_DEBUG] READ_MESSAGE_HASH_AFTER - Hash after read: [124, 147, 181, 42, 22, 9, 151, 59]
[1785244520] [NOISE_PROTOCOL_DEBUG] READ_MESSAGE_SE_DONE - DH(static, ephemeral) completed
[1785244520] [NOISE_PROTOCOL_DEBUG] READ_MESSAGE_HASH_AFTER_PATTERN - Hash after pattern SE: [126, 50, 133, 143, 54, 180, 48, 99]
[1785244520] [NOISE_PROTOCOL_DEBUG] READ_MESSAGE_PAYLOAD - Decrypting payload, length: 16
[1785244520] [NOISE_PROTOCOL_DEBUG] CIPHER_DECRYPT - Decrypting with key, ciphertext length: 74
[1785244520] [NOISE_PROTOCOL_DEBUG] DECRYPT_AND_HASH - Decrypting with cipher key, ciphertext length: 16
[1785244520] [NOISE_PROTOCOL_DEBUG] DECRYPT_AND_HASH_HASH - Current hash length: 32
[1785244520] [NOISE_PROTOCOL_DEBUG] DECRYPT_AND_HASH_HASH_BYTES - Hash bytes: [126, 50, 133, 143, 54, 180, 48, 99]
[1785244520] [NOISE_PROTOCOL_DEBUG] CIPHER_DECRYPT - Decrypting with key, ciphertext length: 16
[1785244520] [NOISE_PROTOCOL_DEBUG] CIPHER_DECRYPT - Decrypting with key, ciphertext length: 65
[1785244520] [NOISE_PROTOCOL_DEBUG] READ_MESSAGE_SE_DONE - DH(static, ephemeral) completed
[1785244520] [NOISE_PROTOCOL_DEBUG] READ_MESSAGE_HASH_AFTER_PATTERN - Hash after pattern SE: [213, 238, 124, 182, 58, 23, 70, 117]
[1785244520] [NOISE_PROTOCOL_DEBUG] READ_MESSAGE_PAYLOAD - Decrypting payload, length: 16
[1785244520] [NOISE_PROTOCOL_DEBUG] CIPHER_DECRYPT_SUCCESS - Decryption successful, plaintext length: 54
[1785244520] [NOISE_PROTOCOL_DEBUG] DECRYPT_AND_HASH - Decrypting with cipher key, ciphertext length: 16
[1785244520] [NOISE_PROTOCOL_DEBUG] DECRYPT_AND_HASH_HASH - Current hash length: 32
[1785244520] [NOISE_PROTOCOL_DEBUG] CIPHER_DECRYPT_SUCCESS - Decryption successful, plaintext length: 0
[1785244520] [NOISE_PROTOCOL_DEBUG] DECRYPT_AND_HASH_HASH_BYTES - Hash bytes: [213, 238, 124, 182, 58, 23, 70, 117]
[1785244520] [NOISE_PROTOCOL_DEBUG] DECRYPT_AND_HASH_SUCCESS - Decryption successful, plaintext length: 0
[1785244520] [NOISE_PROTOCOL_DEBUG] CIPHER_DECRYPT - Decrypting with key, ciphertext length: 16
[1785244520] [NOISE_PROTOCOL_DEBUG] DECRYPT_AND_HASH_HASH_MIXED - Hash mixed with ciphertext
[1785244520] [NOISE_PROTOCOL_DEBUG] CIPHER_DECRYPT_SUCCESS - Decryption successful, plaintext length: 45
[1785244520] [NOISE_PROTOCOL_DEBUG] READ_MESSAGE_PAYLOAD_SUCCESS - Payload decrypted successfully, length: 0
[1785244520] [NOISE_PROTOCOL_DEBUG] READ_MESSAGE_COMPLETE - Message read successfully, new pattern: 3/3
[1785244520] [NOISE_PROTOCOL_DEBUG] READ_MESSAGE_HASH_AFTER - Hash after read: [121, 26, 241, 255, 76, 38, 1, 43]
[1785244520] [NOISE_PROTOCOL_DEBUG] CIPHER_ENCRYPT - Encrypting with key, plaintext length: 45
[1785244520] [NOISE_PROTOCOL_DEBUG] CIPHER_ENCRYPT_KEY - Key length: 32
[1785244520] [NOISE_PROTOCOL_DEBUG] CIPHER_DECRYPT_SUCCESS - Decryption successful, plaintext length: 0
[1785244520] [NOISE_PROTOCOL_DEBUG] CIPHER_ENCRYPT_NONCE - Current nonce: 0
[1785244520] [NOISE_PROTOCOL_DEBUG] DECRYPT_AND_HASH_SUCCESS - Decryption successful, plaintext length: 0
[1785244520] [NOISE_PROTOCOL_DEBUG] CIPHER_ENCRYPT_ASSOCIATED_DATA - Associated data length: 0
[1785244520] [NOISE_PROTOCOL_DEBUG] DECRYPT_AND_HASH_HASH_MIXED - Hash mixed with ciphertext
[1785244520] [NOISE_PROTOCOL_DEBUG] READ_MESSAGE_PAYLOAD_SUCCESS - Payload decrypted successfully, length: 0
[1785244520] [NOISE_PROTOCOL_DEBUG] READ_MESSAGE_COMPLETE - Message read successfully, new pattern: 3/3
[1785244520] [NOISE_PROTOCOL_DEBUG] READ_MESSAGE_HASH_AFTER - Hash after read: [89, 230, 238, 250, 203, 67, 38, 1]
[1785244520] [NOISE_PROTOCOL_DEBUG] CIPHER_DECRYPT - Decrypting with key, ciphertext length: 63
[1785244520] [NOISE_PROTOCOL_DEBUG] CIPHER_ENCRYPT_SUCCESS - Encryption successful, ciphertext length: 61
[1785244520] [NOISE_PROTOCOL_DEBUG] CIPHER_ENCRYPT_TRANSPORT - Transport message with nonce prefix, total length: 65
[1785244520] [NOISE_PROTOCOL_DEBUG] CIPHER_DECRYPT - Decrypting with key, ciphertext length: 65
[1785244520] [NOISE_PROTOCOL_DEBUG] CIPHER_DECRYPT_SUCCESS - Decryption successful, plaintext length: 43
[1785244520] [NOISE_PROTOCOL_DEBUG] CIPHER_DECRYPT - Decrypting with key, ciphertext length: 78
[1785244520] [NOISE_PROTOCOL_DEBUG] CIPHER_DECRYPT_SUCCESS - Decryption successful, plaintext length: 45
[1785244520] [NOISE_PROTOCOL_DEBUG] CIPHER_DECRYPT_SUCCESS - Decryption successful, plaintext length: 58
[1785244544] [NOISE_PROTOCOL_DEBUG] HANDSHAKE_INIT - Protocol name: Noise_XX_25519_ChaChaPoly_SHA256
[1785244544] [NOISE_PROTOCOL_DEBUG] HANDSHAKE_INIT - Protocol name: Noise_XX_25519_ChaChaPoly_SHA256
[1785244544] [NOISE_PROTOCOL_DEBUG] HANDSHAKE_INIT - Protocol name: Noise_XX_25519_ChaChaPoly_SHA256
[1785244544] [NOISE_PROTOCOL_DEBUG] HANDSHAKE_INIT - Initial hash: [78, 111, 105, 115, 101, 95, 88, 88]
[1785244544] [NOISE_PROTOCOL_DEBUG] HANDSHAKE_INIT - Initial hash: [78, 111, 105, 115, 101, 95, 88, 88]
[1785244544] [NOISE_PROTOCOL_DEBUG] HANDSHAKE_INIT - Initial hash: [78, 111, 105, 115, 101, 95, 88, 88]
[1785244544] [NOISE_PROTOCOL_DEBUG] HANDSHAKE_INIT - Initial chaining key: [78, 111, 105, 115, 101, 95, 88, 88]
[1785244544] [NOISE_PROTOCOL_DEBUG] HANDSHAKE_INIT - Initial chaining key: [78, 111, 105, 115, 101, 95, 88, 88]
[1785244544] [NOISE_PROTOCOL_DEBUG] HANDSHAKE_INIT - Initial chaining key: [78, 111, 105, 115, 101, 95, 88, 88]
[1785244544] [NOISE_PROTOCOL_DEBUG] WRITE_MESSAGE_START - Pattern: XX, Current: 0/3
[1785244544] [NOISE_PROTOCOL_DEBUG] WRITE_MESSAGE_START - Pattern: XX, Current: 0/3
[1785244544] [NOISE_PROTOCOL_DEBUG] WRITE_MESSAGE_START - Pattern: XX, Current: 0/3
[1785244544] [NOISE_PROTOCOL_DEBUG] WRITE_MESSAGE_PATTERNS - Processing patterns: [E]
[1785244544] [NOISE_PROTOCOL_DEBUG] WRITE_MESSAGE_PATTERNS - Processing patterns: [E]
[1785244544] [NOISE_PROTOCOL_DEBUG] WRITE_MESSAGE_PATTERNS - Processing patterns: [E]
[1785244544] [NOISE_PROTOCOL_DEBUG] WRITE_MESSAGE_PATTERN - Processing pattern: E
[1785244544] [NOISE_PROTOCOL_DEBUG] WRITE_MESSAGE_PATTERN - Processing pattern: E
[1785244544] [NOISE_PROTOCOL_DEBUG] WRITE_MESSAGE_PATTERN - Processing pattern: E
[1785244544] [NOISE_PROTOCOL_DEBUG] WRITE_MESSAGE_E - Generating ephemeral key
[1785244544] [NOISE_PROTOCOL_DEBUG] WRITE_MESSAGE_E - Generating ephemeral key
[1785244544] [NOISE_PROTOCOL_DEBUG] WRITE_MESSAGE_E - Generating ephemeral key
[1785244544] [NOISE_PROTOCOL_DEBUG] HANDSHAKE_INIT - Protocol name: Noise_XX_25519_ChaChaPoly_SHA256
[1785244544] [NOISE_PROTOCOL_DEBUG] HANDSHAKE_INIT - Initial hash: [78, 111, 105, 115, 101, 95, 88, 88]
[1785244544] [NOISE_PROTOCOL_DEBUG] HANDSHAKE_INIT - Initial chaining key: [78, 111, 105, 115, 101, 95, 88, 88]
[1785244544] [NOISE_PROTOCOL_DEBUG] WRITE_MESSAGE_E_DONE - Ephemeral key generated, buffer size: 32
[1785244544] [NOISE_PROTOCOL_DEBUG] WRITE_MESSAGE_E_DONE - Ephemeral key generated, buffer size: 32
[1785244544] [NOISE_PROTOCOL_DEBUG] WRITE_MESSAGE_E_DONE - Ephemeral key generated, buffer size: 32
[1785244544] [NOISE_PROTOCOL_DEBUG] WRITE_MESSAGE_ENCRYPT - Encrypting payload of 0 bytes
[1785244544] [NOISE_PROTOCOL_DEBUG] WRITE_MESSAGE_ENCRYPT - Encrypting payload of 0 bytes
[1785244544] [NOISE_PROTOCOL_DEBUG] WRITE_MESSAGE_ENCRYPT - Encrypting payload of 0 bytes
[1785244544] [NOISE_PROTOCOL_DEBUG] WRITE_MESSAGE_ENCRYPT_DONE - Payload encrypted, total buffer size: 32
[1785244544] [NOISE_PROTOCOL_DEBUG] WRITE_MESSAGE_ENCRYPT_DONE - Payload encrypted, total buffer size: 32
[1785244544] [NOISE_PROTOCOL_DEBUG] WRITE_MESSAGE_ENCRYPT_DONE - Payload encrypted, total buffer size: 32
[1785244544] [NOISE_PROTOCOL_DEBUG] WRITE_MESSAGE_COMPLETE - Message written, pattern 0 complete
[1785244544] [NOISE_PROTOCOL_DEBUG] WRITE_MESSAGE_COMPLETE - Message written, pattern 0 complete
[1785244544] [NOISE_PROTOCOL_DEBUG] WRITE_MESSAGE_COMPLETE - Message written, pattern 0 complete
[1785244544] [NOISE_PROTOCOL_DEBUG] WRITE_MESSAGE_START - Pattern: XX, Current: 0/3
[1785244544] [NOISE_PROTOCOL_DEBUG] WRITE_MESSAGE_PATTERNS - Processing patterns: [E]
[1785244544] [NOISE_PROTOCOL_DEBUG] WRITE_MESSAGE_PATTERN - Processing pattern: E
[1785244544] [NOISE_PROTOCOL_DEBUG] WRITE_MESSAGE_E - Generating ephemeral key
[1785244544] [NOISE_PROTOCOL_DEBUG] HANDSHAKE_INIT - Protocol name: Noise_XX_25519_ChaChaPoly_SHA256
[1785244544] [NOISE_PROTOCOL_DEBUG] HANDSHAKE_INIT - Protocol name: Noise_XX_25519_ChaChaPoly_SHA256
[1785244544] [NOISE_PROTOCOL_DEBUG] HANDSHAKE_INIT - Protocol name: Noise_XX_25519_ChaChaPoly_SHA256
[1785244544] [NOISE_PROTOCOL_DEBUG] HANDSHAKE_INIT - Initial hash: [78, 111, 105, 115, 101, 95, 88, 88]
[1785244544] [NOISE_PROTOCOL_DEBUG] HANDSHAKE_INIT - Initial hash: [78, 111, 105, 115, 101, 95, 88, 88]
[1785244544] [NOISE_PROTOCOL_DEBUG] HANDSHAKE_INIT - Initial hash: [78, 111, 105, 115, 101, 95, 88, 88]
[1785244544] [NOISE_PROTOCOL_DEBUG] HANDSHAKE_INIT - Initial chaining key: [78, 111, 105, 115, 101, 95, 88, 88]
[1785244544] [NOISE_PROTOCOL_DEBUG] HANDSHAKE_INIT - Initial chaining key: [78, 111, 105, 115, 101, 95, 88, 88]
[1785244544] [NOISE_PROTOCOL_DEBUG] HANDSHAKE_INIT - Initial chaining key: [78, 111, 105, 115, 101, 95, 88, 88]
[1785244544] [NOISE_PROTOCOL_DEBUG] HANDSHAKE_INIT - Protocol name: Noise_XX_25519_ChaChaPoly_SHA256
[1785244544] [NOISE_PROTOCOL_DEBUG] READ_MESSAGE_START - Pattern: XX, Current: 0/3
[1785244544] [NOISE_PROTOCOL_DEBUG] READ_MESSAGE_START - Pattern: XX, Current: 0/3
[1785244544] [NOISE_PROTOCOL_DEBUG] WRITE_MESSAGE_E_DONE - Ephemeral key generated, buffer size: 32
[1785244544] [NOISE_PROTOCOL_DEBUG] HANDSHAKE_INIT - Initial hash: [78, 111, 105, 115, 101, 95, 88, 88]
[1785244544] [NOISE_PROTOCOL_DEBUG] READ_MESSAGE_START - Pattern: XX, Current: 0/3
[1785244544] [NOISE_PROTOCOL_DEBUG] READ_MESSAGE_HASH_BEFORE - Hash before read: [243, 209, 94, 97, 8, 237, 149, 86]
[1785244544] [NOISE_PROTOCOL_DEBUG] READ_MESSAGE_HASH_BEFORE - Hash before read: [243, 209, 94, 97, 8, 237, 149, 86]
[1785244544] [NOISE_PROTOCOL_DEBUG] WRITE_MESSAGE_ENCRYPT - Encrypting payload of 0 bytes
[1785244544] [NOISE_PROTOCOL_DEBUG] HANDSHAKE_INIT - Initial chaining key: [78, 111, 105, 115, 101, 95, 88, 88]
[1785244544] [NOISE_PROTOCOL_DEBUG] READ_MESSAGE_HASH_BEFORE - Hash before read: [243, 209, 94, 97, 8, 237, 149, 86]
[1785244544] [NOISE_PROTOCOL_DEBUG] READ_MESSAGE_PATTERNS - Processing patterns: [E]
[1785244544] [NOISE_PROTOCOL_DEBUG] WRITE_MESSAGE_ENCRYPT_DONE - Payload encrypted, total buffer size: 32
[1785244544] [NOISE_PROTOCOL_DEBUG] READ_MESSAGE_PATTERNS - Processing patterns: [E]
[1785244544] [NOISE_PROTOCOL_DEBUG] READ_MESSAGE_PATTERNS - Processing patterns: [E]
[1785244544] [NOISE_PROTOCOL_DEBUG] READ_MESSAGE_PATTERN - Processing pattern: E
[1785244544] [NOISE_PROTOCOL_DEBUG] WRITE_MESSAGE_COMPLETE - Message written, pattern 0 complete
[1785244544] [NOISE_PROTOCOL_DEBUG] READ_MESSAGE_PATTERN - Processing pattern: E
[1785244544] [NOISE_PROTOCOL_DEBUG] READ_MESSAGE_HASH_BEFORE_PATTERN - Hash before pattern: [243, 209, 94, 97, 8, 237, 149, 86]
[1785244544] [NOISE_PROTOCOL_DEBUG] READ_MESSAGE_PATTERN - Processing pattern: E
[1785244544] [NOISE_PROTOCOL_DEBUG] READ_MESSAGE_HASH_BEFORE_PATTERN - Hash before pattern: [243, 209, 94, 97, 8, 237, 149, 86]
[1785244544] [NOISE_PROTOCOL_DEBUG] READ_MESSAGE_E - Reading ephemeral key
[1785244544] [NOISE_PROTOCOL_DEBUG] READ_MESSAGE_E - Reading ephemeral key
[1785244544] [NOISE_PROTOCOL_DEBUG] READ_MESSAGE_HASH_BEFORE_PATTERN - Hash before pattern: [243, 209, 94, 97, 8, 237, 149, 86]
[1785244544] [NOISE_PROTOCOL_DEBUG] READ_MESSAGE_E_BYTES - Ephemeral key bytes: [48, 47, 239, 135, 155, 11, 252, 67]
[1785244544] [NOISE_PROTOCOL_DEBUG] READ_MESSAGE_E_BYTES - Ephemeral key bytes: [2, 209, 163, 110, 14, 88, 148, 205]
[1785244544] [NOISE_PROTOCOL_DEBUG] READ_MESSAGE_E - Reading ephemeral key
[1785244544] [NOISE_PROTOCOL_DEBUG] HANDSHAKE_INIT - Protocol name: Noise_XX_25519_ChaChaPoly_SHA256
[1785244544] [NOISE_PROTOCOL_DEBUG] READ_MESSAGE_E_DONE - Ephemeral key read, offset: 32
[1785244544] [NOISE_PROTOCOL_DEBUG] READ_MESSAGE_E_BYTES - Ephemeral key bytes: [246, 207, 44, 218, 14, 10, 251, 40]
[1785244544] [NOISE_PROTOCOL_DEBUG] READ_MESSAGE_E_DONE - Ephemeral key read, offset: 32
[1785244544] [NOISE_PROTOCOL_DEBUG] HANDSHAKE_INIT - Initial hash: [78, 111, 105, 115, 101, 95, 88, 88]
[1785244544] [NOISE_PROTOCOL_DEBUG] READ_MESSAGE_HASH_AFTER_PATTERN - Hash after pattern E: [59, 127, 82, 227, 255, 35, 75, 250]
[1785244544] [NOISE_PROTOCOL_DEBUG] HANDSHAKE_INIT - Initial chaining key: [78, 111, 105, 115, 101, 95, 88, 88]
[1785244544] [NOISE_PROTOCOL_DEBUG] READ_MESSAGE_PAYLOAD - Decrypting payload, length: 0
[1785244544] [NOISE_PROTOCOL_DEBUG] READ_MESSAGE_HASH_AFTER_PATTERN - Hash after pattern E: [63, 155, 179, 46, 60, 2, 33, 94]
[1785244544] [NOISE_PROTOCOL_DEBUG] READ_MESSAGE_E_DONE - Ephemeral key read, offset: 32
[1785244544] [NOISE_PROTOCOL_DEBUG] DECRYPT_AND_HASH - No cipher key, treating as plaintext, length: 0
[1785244544] [NOISE_PROTOCOL_DEBUG] READ_MESSAGE_PAYLOAD - Decrypting payload, length: 0
[1785244544] [NOISE_PROTOCOL_DEBUG] READ_MESSAGE_HASH_AFTER_PATTERN - Hash after pattern E: [40, 244, 254, 105, 197, 162, 49, 45]
[1785244544] [NOISE_PROTOCOL_DEBUG] DECRYPT_AND_HASH_PLAINTEXT - Hash mixed with plaintext
[1785244544] [NOISE_PROTOCOL_DEBUG] WRITE_MESSAGE_START - Pattern: XX, Current: 0/3
[1785244544] [NOISE_PROTOCOL_DEBUG] DECRYPT_AND_HASH - No cipher key, treating as plaintext, length: 0
[1785244544] [NOISE_PROTOCOL_DEBUG] READ_MESSAGE_PAYLOAD - Decrypting payload, length: 0
[1785244544] [NOISE_PROTOCOL_DEBUG] READ_MESSAGE_PAYLOAD_SUCCESS - Payload decrypted successfully, length: 0
[1785244544] [NOISE_PROTOCOL_DEBUG] WRITE_MESSAGE_PATTERNS - Processing patterns: [E]
[1785244544] [NOISE_PROTOCOL_DEBUG] DECRYPT_AND_HASH - No cipher key, treating as plaintext, length: 0
[1785244544] [NOISE_PROTOCOL_DEBUG] DECRYPT_AND_HASH_PLAINTEXT - Hash mixed with plaintext
[1785244544] [NOISE_PROTOCOL_DEBUG] READ_MESSAGE_COMPLETE - Message read successfully, new pattern: 1/3
[1785244544] [NOISE_PROTOCOL_DEBUG] WRITE_MESSAGE_PATTERN - Processing pattern: E
[1785244544] [NOISE_PROTOCOL_DEBUG] DECRYPT_AND_HASH_PLAINTEXT - Hash mixed with plaintext
[1785244544] [NOISE_PROTOCOL_DEBUG] READ_MESSAGE_PAYLOAD_SUCCESS - Payload decrypted successfully, length: 0
[1785244544] [NOISE_PROTOCOL_DEBUG] READ_MESSAGE_HASH_AFTER - Hash after read: [208, 90, 20, 227, 72, 14, 138, 92]
[1785244544] [NOISE_PROTOCOL_DEBUG] WRITE_MESSAGE_E - Generating ephemeral key
[1785244544] [NOISE_PROTOCOL_DEBUG] READ_MESSAGE_PAYLOAD_SUCCESS - Payload decrypted successfully, length: 0
[1785244544] [NOISE_PROTOCOL_DEBUG] READ_MESSAGE_COMPLETE - Message read successfully, new pattern: 1/3
[1785244544] [NOISE_PROTOCOL_DEBUG] WRITE_MESSAGE_START - Pattern: XX, Current: 1/3
[1785244544] [NOISE_PROTOCOL_DEBUG] READ_MESSAGE_COMPLETE - Message read successfully, new pattern: 1/3
[1785244544] [NOISE_PROTOCOL_DEBUG] READ_MESSAGE_HASH_AFTER - Hash after read: [170, 230, 181, 94, 70, 146, 110, 26]
[1785244544] [NOISE_PROTOCOL_DEBUG] WRITE_MESSAGE_PATTERNS - Processing patterns: [E, EE, S, ES]
[1785244544] [NOISE_PROTOCOL_DEBUG] READ_MESSAGE_HASH_AFTER - Hash after read: [193, 128, 90, 151, 90, 25, 212, 112]
[1785244544] [NOISE_PROTOCOL_DEBUG] WRITE_MESSAGE_START - Pattern: XX, Current: 1/3
[1785244544] [NOISE_PROTOCOL_DEBUG] WRITE_MESSAGE_PATTERN - Processing pattern: E
[1785244544] [NOISE_PROTOCOL_DEBUG] WRITE_MESSAGE_START - Pattern: XX, Current: 1/3
[1785244544] [NOISE_PROTOCOL_DEBUG] WRITE_MESSAGE_PATTERNS - Processing patterns: [E, EE, S, ES]
[1785244544] [NOISE_PROTOCOL_DEBUG] WRITE_MESSAGE_E - Generating ephemeral key
[1785244544] [NOISE_PROTOCOL_DEBUG] READ_MESSAGE_START - Pattern: XX, Current: 0/3
[1785244544] [NOISE_PROTOCOL_DEBUG] WRITE_MESSAGE_PATTERNS - Processing patterns: [E, EE, S, ES]
[1785244544] [NOISE_PROTOCOL_DEBUG] WRITE_MESSAGE_PATTERN - Processing pattern: E
[1785244544] [NOISE_PROTOCOL_DEBUG] READ_MESSAGE_HASH_BEFORE - Hash before read: [243, 209, 94, 97, 8, 237, 149, 86]
[1785244544] [NOISE_PROTOCOL_DEBUG] WRITE_MESSAGE_PATTERN - Processing pattern: E
[1785244544] [NOISE_PROTOCOL_DEBUG] WRITE_MESSAGE_E - Generating ephemeral key
[1785244544] [NOISE_PROTOCOL_DEBUG] READ_MESSAGE_PATTERNS - Processing patterns: [E]
[1785244544] [NOISE_PROTOCOL_DEBUG] WRITE_MESSAGE_E - Generating ephemeral key
[1785244544] [NOISE_PROTOCOL_DEBUG] READ_MESSAGE_PATTERN - Processing pattern: E
[1785244544] [NOISE_PROTOCOL_DEBUG] READ_MESSAGE_HASH_BEFORE_PATTERN - Hash before pattern: [243, 209, 94, 97, 8, 237, 149, 86]
[1785244544] [NOISE_PROTOCOL_DEBUG] READ_MESSAGE_E - Reading ephemeral key
[1785244544] [NOISE_PROTOCOL_DEBUG] READ_MESSAGE_E_BYTES - Ephemeral key bytes: [251, 220, 81, 122, 178, 89, 164, 157]
[1785244544] [NOISE_PROTOCOL_DEBUG] READ_MESSAGE_E_DONE - Ephemeral key read, offset: 32
[1785244544] [NOISE_PROTOCOL_DEBUG] READ_MESSAGE_HASH_AFTER_PATTERN - Hash after pattern E: [166, 57, 255, 58, 65, 247, 241, 0]
[1785244544] [NOISE_PROTOCOL_DEBUG] READ_MESSAGE_PAYLOAD - Decrypting payload, length: 0
[1785244544] [NOISE_PROTOCOL_DEBUG] DECRYPT_AND_HASH - No cipher key, treating as plaintext, length: 0
[1785244544] [NOISE_PROTOCOL_DEBUG] WRITE_MESSAGE_E_DONE - Ephemeral key generated, buffer size: 32
[1785244544] [NOISE_PROTOCOL_DEBUG] DECRYPT_AND_HASH_PLAINTEXT - Hash mixed with plaintext
[1785244544] [NOISE_PROTOCOL_DEBUG] WRITE_MESSAGE_ENCRYPT - Encrypting payload of 0 bytes
[1785244544] [NOISE_PROTOCOL_DEBUG] WRITE_MESSAGE_E_DONE - Ephemeral key generated, buffer size: 32
[1785244544] [NOISE_PROTOCOL_DEBUG] READ_MESSAGE_PAYLOAD_SUCCESS - Payload decrypted successfully, length: 0
[1785244544] [NOISE_PROTOCOL_DEBUG] WRITE_MESSAGE_PATTERN - Processing pattern: EE
[1785244544] [NOISE_PROTOCOL_DEBUG] WRITE_MESSAGE_ENCRYPT_DONE - Payload encrypted, total buffer size: 32
[1785244544] [NOISE_PROTOCOL_DEBUG] READ_MESSAGE_COMPLETE - Message read successfully, new pattern: 1/3
[1785244544] [NOISE_PROTOCOL_DEBUG] WRITE_MESSAGE_EE - Performing DH(ephemeral, ephemeral)
[1785244544] [NOISE_PROTOCOL_DEBUG] WRITE_MESSAGE_E_DONE - Ephemeral key generated, buffer size: 32
[1785244544] [NOISE_PROTOCOL_DEBUG] WRITE_MESSAGE_COMPLETE - Message written, pattern 0 complete
[1785244544] [NOISE_PROTOCOL_DEBUG] READ_MESSAGE_HASH_AFTER - Hash after read: [217, 25, 3, 155, 26, 195, 109, 211]
[1785244544] [NOISE_PROTOCOL_DEBUG] WRITE_MESSAGE_E_DONE - Ephemeral key generated, buffer size: 32
[1785244544] [NOISE_PROTOCOL_DEBUG] WRITE_MESSAGE_PATTERN - Processing pattern: EE
[1785244544] [NOISE_PROTOCOL_DEBUG] WRITE_MESSAGE_START - Pattern: XX, Current: 1/3
[1785244544] [NOISE_PROTOCOL_DEBUG] WRITE_MESSAGE_PATTERN - Processing pattern: EE
[1785244544] [NOISE_PROTOCOL_DEBUG] WRITE_MESSAGE_EE - Performing DH(ephemeral, ephemeral)
[1785244544] [NOISE_PROTOCOL_DEBUG] WRITE_MESSAGE_PATTERNS - Processing patterns: [E, EE, S, ES]
[1785244544] [NOISE_PROTOCOL_DEBUG] WRITE_MESSAGE_EE - Performing DH(ephemeral, ephemeral)
[1785244544] [NOISE_PROTOCOL_DEBUG] WRITE_MESSAGE_PATTERN - Processing pattern: E
[1785244544] [NOISE_PROTOCOL_DEBUG] HANDSHAKE_INIT - Protocol name: Noise_XX_25519_ChaChaPoly_SHA256
[1785244544] [NOISE_PROTOCOL_DEBUG] WRITE_MESSAGE_E - Generating ephemeral key
[1785244544] [NOISE_PROTOCOL_DEBUG] HANDSHAKE_INIT - Initial hash: [78, 111, 105, 115, 101, 95, 88, 88]
[1785244544] [NOISE_PROTOCOL_DEBUG] HANDSHAKE_INIT - Initial chaining key: [78, 111, 105, 115, 101, 95, 88, 88]
[1785244544] [NOISE_PROTOCOL_DEBUG] WRITE_MESSAGE_E_DONE - Ephemeral key generated, buffer size: 32
[1785244544] [NOISE_PROTOCOL_DEBUG] WRITE_MESSAGE_PATTERN - Processing pattern: EE
[1785244544] [NOISE_PROTOCOL_DEBUG] WRITE_MESSAGE_EE - Performing DH(ephemeral, ephemeral)
[1785244544] [NOISE_PROTOCOL_DEBUG] READ_MESSAGE_START - Pattern: XX, Current: 0/3
[1785244544] [NOISE_PROTOCOL_DEBUG] READ_MESSAGE_HASH_BEFORE - Hash before read: [243, 209, 94, 97, 8, 237, 149, 86]
[1785244544] [NOISE_PROTOCOL_DEBUG] READ_MESSAGE_PATTERNS - Processing patterns: [E]
[1785244544] [NOISE_PROTOCOL_DEBUG] READ_MESSAGE_PATTERN - Processing pattern: E
[1785244544] [NOISE_PROTOCOL_DEBUG] READ_MESSAGE_HASH_BEFORE_PATTERN - Hash before pattern: [243, 209, 94, 97, 8, 237, 149, 86]
[1785244544] [NOISE_PROTOCOL_DEBUG] READ_MESSAGE_E - Reading ephemeral key
[1785244544] [NOISE_PROTOCOL_DEBUG] READ_MESSAGE_E_BYTES - Ephemeral key bytes: [164, 120, 27, 38, 188, 208, 151, 78]
[1785244544] [NOISE_PROTOCOL_DEBUG] READ_MESSAGE_E_DONE - Ephemeral key read, offset: 32
[1785244544] [NOISE_PROTOCOL_DEBUG] READ_MESSAGE_HASH_AFTER_PATTERN - Hash after pattern E: [241, 232, 76, 72, 80, 72, 33, 80]
[1785244544] [NOISE_PROTOCOL_DEBUG] READ_MESSAGE_PAYLOAD - Decrypting payload, length: 0
[1785244544] [NOISE_PROTOCOL_DEBUG] DECRYPT_AND_HASH - No cipher key, treating as plaintext, length: 0
[1785244544] [NOISE_PROTOCOL_DEBUG] DECRYPT_AND_HASH_PLAINTEXT - Hash mixed with plaintext
[1785244544] [NOISE_PROTOCOL_DEBUG] READ_MESSAGE_PAYLOAD_SUCCESS - Payload decrypted successfully, length: 0
[1785244544] [NOISE_PROTOCOL_DEBUG] READ_MESSAGE_COMPLETE - Message read successfully, new pattern: 1/3
[1785244544] [NOISE_PROTOCOL_DEBUG] READ_MESSAGE_HASH_AFTER - Hash after read: [226, 228, 192, 217, 190, 207, 146, 85]
[1785244544] [NOISE_PROTOCOL_DEBUG] WRITE_MESSAGE_EE_DONE - DH(ephemeral, ephemeral) completed
[1785244544] [NOISE_PROTOCOL_DEBUG] WRITE_MESSAGE_START - Pattern: XX, Current: 1/3
[1785244544] [NOISE_PROTOCOL_DEBUG] WRITE_MESSAGE_PATTERN - Processing pattern: S
[1785244544] [NOISE_PROTOCOL_DEBUG] WRITE_MESSAGE_PATTERNS - Processing patterns: [E, EE, S, ES]
[1785244544] [NOISE_PROTOCOL_DEBUG] WRITE_MESSAGE_S - Sending static key
[1785244544] [NOISE_PROTOCOL_DEBUG] WRITE_MESSAGE_PATTERN - Processing pattern: E
[1785244544] [NOISE_PROTOCOL_DEBUG] CIPHER_ENCRYPT - Encrypting with key, plaintext length: 32
[1785244544] [NOISE_PROTOCOL_DEBUG] WRITE_MESSAGE_EE_DONE - DH(ephemeral, ephemeral) completed
[1785244544] [NOISE_PROTOCOL_DEBUG] WRITE_MESSAGE_EE_DONE - DH(ephemeral, ephemeral) completed
[1785244544] [NOISE_PROTOCOL_DEBUG] WRITE_MESSAGE_E - Generating ephemeral key
[1785244544] [NOISE_PROTOCOL_DEBUG] CIPHER_ENCRYPT_KEY - Key length: 32
[1785244544] [NOISE_PROTOCOL_DEBUG] WRITE_MESSAGE_PATTERN - Processing pattern: S
[1785244544] [NOISE_PROTOCOL_DEBUG] WRITE_MESSAGE_PATTERN - Processing pattern: S
[1785244544] [NOISE_PROTOCOL_DEBUG] CIPHER_ENCRYPT_NONCE - Current nonce: 0
[1785244544] [NOISE_PROTOCOL_DEBUG] WRITE_MESSAGE_S - Sending static key
[1785244544] [NOISE_PROTOCOL_DEBUG] WRITE_MESSAGE_S - Sending static key
[1785244544] [NOISE_PROTOCOL_DEBUG] CIPHER_ENCRYPT_ASSOCIATED_DATA - Associated data length: 32
[1785244544] [NOISE_PROTOCOL_DEBUG] CIPHER_ENCRYPT - Encrypting with key, plaintext length: 32
[1785244544] [NOISE_PROTOCOL_DEBUG] CIPHER_ENCRYPT - Encrypting with key, plaintext length: 32
[1785244544] [NOISE_PROTOCOL_DEBUG] CIPHER_ENCRYPT_KEY - Key length: 32
[1785244544] [NOISE_PROTOCOL_DEBUG] CIPHER_ENCRYPT_KEY - Key length: 32
[1785244544] [NOISE_PROTOCOL_DEBUG] CIPHER_ENCRYPT_NONCE - Current nonce: 0
[1785244544] [NOISE_PROTOCOL_DEBUG] CIPHER_ENCRYPT_NONCE - Current nonce: 0
[1785244544] [NOISE_PROTOCOL_DEBUG] CIPHER_ENCRYPT_ASSOCIATED_DATA - Associated data length: 32
[1785244544] [NOISE_PROTOCOL_DEBUG] CIPHER_ENCRYPT_ASSOCIATED_DATA - Associated data length: 32
[1785244544] [NOISE_PROTOCOL_DEBUG] WRITE_MESSAGE_E_DONE - Ephemeral key generated, buffer size: 32
[1785244544] [NOISE_PROTOCOL_DEBUG] WRITE_MESSAGE_PATTERN - Processing pattern: EE
[1785244544] [NOISE_PROTOCOL_DEBUG] WRITE_MESSAGE_EE - Performing DH(ephemeral, ephemeral)
[1785244544] [NOISE_PROTOCOL_DEBUG] WRITE_MESSAGE_EE_DONE - DH(ephemeral, ephemeral) completed
[1785244544] [NOISE_PROTOCOL_DEBUG] CIPHER_ENCRYPT_SUCCESS - Encryption successful, ciphertext length: 48
[1785244544] [NOISE_PROTOCOL_DEBUG] WRITE_MESSAGE_PATTERN - Processing pattern: S
[1785244544] [NOISE_PROTOCOL_DEBUG] WRITE_MESSAGE_S - Sending static key
[1785244544] [NOISE_PROTOCOL_DEBUG] CIPHER_ENCRYPT_SUCCESS - Encryption successful, ciphertext length: 48
[1785244544] [NOISE_PROTOCOL_DEBUG] WRITE_MESSAGE_S_DONE - Static key encrypted and sent, buffer size: 80
[1785244544] [NOISE_PROTOCOL_DEBUG] CIPHER_ENCRYPT - Encrypting with key, plaintext length: 32
[1785244544] [NOISE_PROTOCOL_DEBUG] CIPHER_ENCRYPT_SUCCESS - Encryption successful, ciphertext length: 48
[1785244544] [NOISE_PROTOCOL_DEBUG] WRITE_MESSAGE_PATTERN - Processing pattern: ES
[1785244544] [NOISE_PROTOCOL_DEBUG] CIPHER_ENCRYPT_KEY - Key length: 32
[1785244544] [NOISE_PROTOCOL_DEBUG] WRITE_MESSAGE_S_DONE - Static key encrypted and sent, buffer size: 80
[1785244544] [NOISE_PROTOCOL_DEBUG] WRITE_MESSAGE_ES - Performing DH(ephemeral, static), role: Responder
[1785244544] [NOISE_PROTOCOL_DEBUG] WRITE_MESSAGE_S_DONE - Static key encrypted and sent, buffer size: 80
[1785244544] [NOISE_PROTOCOL_DEBUG] CIPHER_ENCRYPT_NONCE - Current nonce: 0
[1785244544] [NOISE_PROTOCOL_DEBUG] WRITE_MESSAGE_PATTERN - Processing pattern: ES
[1785244544] [NOISE_PROTOCOL_DEBUG] WRITE_MESSAGE_PATTERN - Processing pattern: ES
[1785244544] [NOISE_PROTOCOL_DEBUG] CIPHER_ENCRYPT_ASSOCIATED_DATA - Associated data length: 32
[1785244544] [NOISE_PROTOCOL_DEBUG] WRITE_MESSAGE_ES - Performing DH(ephemeral, static), role: Responder
[1785244544] [NOISE_PROTOCOL_DEBUG] WRITE_MESSAGE_ES - Performing DH(ephemeral, static), role: Responder
[1785244544] [NOISE_PROTOCOL_DEBUG] CIPHER_ENCRYPT_SUCCESS - Encryption successful, ciphertext length: 48
[1785244544] [NOISE_PROTOCOL_DEBUG] WRITE_MESSAGE_S_DONE - Static key encrypted and sent, buffer size: 80
[1785244544] [NOISE_PROTOCOL_DEBUG] WRITE_MESSAGE_PATTERN - Processing pattern: ES
[1785244544] [NOISE_PROTOCOL_DEBUG] WRITE_MESSAGE_ES - Performing DH(ephemeral, static), role: Responder
[1785244544] [NOISE_PROTOCOL_DEBUG] WRITE_MESSAGE_EE_DONE - DH(ephemeral, ephemeral) completed
[1785244544] [NOISE_PROTOCOL_DEBUG] WRITE_MESSAGE_PATTERN - Processing pattern: S
[1785244544] [NOISE_PROTOCOL_DEBUG] WRITE_MESSAGE_S - Sending static key
[1785244544] [NOISE_PROTOCOL_DEBUG] CIPHER_ENCRYPT - Encrypting with key, plaintext length: 32
[1785244544] [NOISE_PROTOCOL_DEBUG] CIPHER_ENCRYPT_KEY - Key length: 32
[1785244544] [NOISE_PROTOCOL_DEBUG] CIPHER_ENCRYPT_NONCE - Current nonce: 0
[1785244544] [NOISE_PROTOCOL_DEBUG] CIPHER_ENCRYPT_ASSOCIATED_DATA - Associated data length: 32
[1785244544] [NOISE_PROTOCOL_DEBUG] WRITE_MESSAGE_ES_DONE - DH(ephemeral, static) completed for responder
[1785244544] [NOISE_PROTOCOL_DEBUG] WRITE_MESSAGE_ENCRYPT - Encrypting payload of 0 bytes
[1785244544] [NOISE_PROTOCOL_DEBUG] WRITE_MESSAGE_ES_DONE - DH(ephemeral, static) completed for responder
[1785244544] [NOISE_PROTOCOL_DEBUG] CIPHER_ENCRYPT - Encrypting with key, plaintext length: 0
[1785244544] [NOISE_PROTOCOL_DEBUG] WRITE_MESSAGE_ES_DONE - DH(ephemeral, static) completed for responder
[1785244544] [NOISE_PROTOCOL_DEBUG] WRITE_MESSAGE_ENCRYPT - Encrypting payload of 0 bytes
[1785244544] [NOISE_PROTOCOL_DEBUG] CIPHER_ENCRYPT_KEY - Key length: 32
[1785244544] [NOISE_PROTOCOL_DEBUG] WRITE_MESSAGE_ENCRYPT - Encrypting payload of 0 bytes
[1785244544] [NOISE_PROTOCOL_DEBUG] CIPHER_ENCRYPT - Encrypting with key, plaintext length: 0
[1785244544] [NOISE_PROTOCOL_DEBUG] CIPHER_ENCRYPT_NONCE - Current nonce: 0
[1785244544] [NOISE_PROTOCOL_DEBUG] CIPHER_ENCRYPT - Encrypting with key, plaintext length: 0
[1785244544] [NOISE_PROTOCOL_DEBUG] CIPHER_ENCRYPT_KEY - Key length: 32
[1785244544] [NOISE_PROTOCOL_DEBUG] CIPHER_ENCRYPT_ASSOCIATED_DATA - Associated data length: 32
[1785244544] [NOISE_PROTOCOL_DEBUG] CIPHER_ENCRYPT_KEY - Key length: 32
[1785244544] [NOISE_PROTOCOL_DEBUG] CIPHER_ENCRYPT_NONCE - Current nonce: 0
[1785244544] [NOISE_PROTOCOL_DEBUG] CIPHER_ENCRYPT_NONCE - Current nonce: 0
[1785244544] [NOISE_PROTOCOL_DEBUG] CIPHER_ENCRYPT_ASSOCIATED_DATA - Associated data length: 32
[1785244544] [NOISE_PROTOCOL_DEBUG] CIPHER_ENCRYPT_ASSOCIATED_DATA - Associated data length: 32
[1785244544] [NOISE_PROTOCOL_DEBUG] CIPHER_ENCRYPT_SUCCESS - Encryption successful, ciphertext length: 48
[1785244544] [NOISE_PROTOCOL_DEBUG] CIPHER_ENCRYPT_SUCCESS - Encryption successful, ciphertext length: 16
[1785244544] [NOISE_PROTOCOL_DEBUG] WRITE_MESSAGE_S_DONE - Static key encrypted and sent, buffer size: 80
[1785244544] [NOISE_PROTOCOL_DEBUG] WRITE_MESSAGE_PATTERN - Processing pattern: ES
[1785244544] [NOISE_PROTOCOL_DEBUG] WRITE_MESSAGE_ENCRYPT_DONE - Payload encrypted, total buffer size: 96
[1785244544] [NOISE_PROTOCOL_DEBUG] CIPHER_ENCRYPT_SUCCESS - Encryption successful, ciphertext length: 16
[1785244544] [NOISE_PROTOCOL_DEBUG] WRITE_MESSAGE_ES - Performing DH(ephemeral, static), role: Responder
[1785244544] [NOISE_PROTOCOL_DEBUG] WRITE_MESSAGE_COMPLETE - Message written, pattern 1 complete
[1785244544] [NOISE_PROTOCOL_DEBUG] CIPHER_ENCRYPT_SUCCESS - Encryption successful, ciphertext length: 16
[1785244544] [NOISE_PROTOCOL_DEBUG] WRITE_MESSAGE_ES_DONE - DH(ephemeral, static) completed for responder
[1785244544] [NOISE_PROTOCOL_DEBUG] WRITE_MESSAGE_ENCRYPT_DONE - Payload encrypted, total buffer size: 96
[1785244544] [NOISE_PROTOCOL_DEBUG] WRITE_MESSAGE_ENCRYPT - Encrypting payload of 0 bytes
[1785244544] [NOISE_PROTOCOL_DEBUG] WRITE_MESSAGE_ENCRYPT_DONE - Payload encrypted, total buffer size: 96
[1785244544] [NOISE_PROTOCOL_DEBUG] WRITE_MESSAGE_COMPLETE - Message written, pattern 1 complete
[1785244544] [NOISE_PROTOCOL_DEBUG] CIPHER_ENCRYPT - Encrypting with key, plaintext length: 0
[1785244544] [NOISE_PROTOCOL_DEBUG] WRITE_MESSAGE_COMPLETE - Message written, pattern 1 complete
[1785244544] [NOISE_PROTOCOL_DEBUG] READ_MESSAGE_START - Pattern: XX, Current: 1/3
[1785244544] [NOISE_PROTOCOL_DEBUG] CIPHER_ENCRYPT_KEY - Key length: 32
[1785244544] [NOISE_PROTOCOL_DEBUG] READ_MESSAGE_HASH_BEFORE - Hash before read: [208, 90, 20, 227, 72, 14, 138, 92]
[1785244544] [NOISE_PROTOCOL_DEBUG] CIPHER_ENCRYPT_NONCE - Current nonce: 0
[1785244544] [NOISE_PROTOCOL_DEBUG] READ_MESSAGE_PATTERNS - Processing patterns: [E, EE, S, ES]
[1785244544] [NOISE_PROTOCOL_DEBUG] READ_MESSAGE_START - Pattern: XX, Current: 1/3
[1785244544] [NOISE_PROTOCOL_DEBUG] CIPHER_ENCRYPT_ASSOCIATED_DATA - Associated data length: 32
[1785244544] [NOISE_PROTOCOL_DEBUG] READ_MESSAGE_START - Pattern: XX, Current: 1/3
[1785244544] [NOISE_PROTOCOL_DEBUG] READ_MESSAGE_PATTERN - Processing pattern: E
[1785244544] [NOISE_PROTOCOL_DEBUG] READ_MESSAGE_HASH_BEFORE - Hash before read: [193, 128, 90, 151, 90, 25, 212, 112]
[1785244544] [NOISE_PROTOCOL_DEBUG] READ_MESSAGE_HASH_BEFORE - Hash before read: [170, 230, 181, 94, 70, 146, 110, 26]
[1785244544] [NOISE_PROTOCOL_DEBUG] READ_MESSAGE_HASH_BEFORE_PATTERN - Hash before pattern: [208, 90, 20, 227, 72, 14, 138, 92]
[1785244544] [NOISE_PROTOCOL_DEBUG] READ_MESSAGE_PATTERNS - Processing patterns: [E, EE, S, ES]
[1785244544] [NOISE_PROTOCOL_DEBUG] READ_MESSAGE_PATTERNS - Processing patterns: [E, EE, S, ES]
[1785244544] [NOISE_PROTOCOL_DEBUG] READ_MESSAGE_E - Reading ephemeral key
[1785244544] [NOISE_PROTOCOL_DEBUG] READ_MESSAGE_PATTERN - Processing pattern: E
[1785244544] [NOISE_PROTOCOL_DEBUG] READ_MESSAGE_PATTERN - Processing pattern: E
[1785244544] [NOISE_PROTOCOL_DEBUG] READ_MESSAGE_E_BYTES - Ephemeral key bytes: [166, 160, 254, 117, 75, 37, 123, 124]
[1785244544] [NOISE_PROTOCOL_DEBUG] READ_MESSAGE_HASH_BEFORE_PATTERN - Hash before pattern: [193, 128, 90, 151, 90, 25, 212, 112]
[1785244544] [NOISE_PROTOCOL_DEBUG] READ_MESSAGE_HASH_BEFORE_PATTERN - Hash before pattern: [170, 230, 181, 94, 70, 146, 110, 26]
[1785244544] [NOISE_PROTOCOL_DEBUG] READ_MESSAGE_E - Reading ephemeral key
[1785244544] [NOISE_PROTOCOL_DEBUG] READ_MESSAGE_E - Reading ephemeral key
[1785244544] [NOISE_PROTOCOL_DEBUG] READ_MESSAGE_E_DONE - Ephemeral key read, offset: 32
[1785244544] [NOISE_PROTOCOL_DEBUG] READ_MESSAGE_E_BYTES - Ephemeral key bytes: [130, 159, 95, 59, 162, 211, 112, 36]
[1785244544] [NOISE_PROTOCOL_DEBUG] CIPHER_ENCRYPT_SUCCESS - Encryption successful, ciphertext length: 16
[1785244544] [NOISE_PROTOCOL_DEBUG] READ_MESSAGE_E_BYTES - Ephemeral key bytes: [76, 71, 148, 86, 137, 156, 22, 180]
[1785244544] [NOISE_PROTOCOL_DEBUG] READ_MESSAGE_HASH_AFTER_PATTERN - Hash after pattern E: [125, 228, 158, 35, 91, 209, 208, 168]
[1785244544] [NOISE_PROTOCOL_DEBUG] READ_MESSAGE_E_DONE - Ephemeral key read, offset: 32
[1785244544] [NOISE_PROTOCOL_DEBUG] READ_MESSAGE_PATTERN - Processing pattern: EE
[1785244544] [NOISE_PROTOCOL_DEBUG] WRITE_MESSAGE_ENCRYPT_DONE - Payload encrypted, total buffer size: 96
[1785244544] [NOISE_PROTOCOL_DEBUG] READ_MESSAGE_E_DONE - Ephemeral key read, offset: 32
[1785244544] [NOISE_PROTOCOL_DEBUG] READ_MESSAGE_HASH_AFTER_PATTERN - Hash after pattern E: [212, 168, 153, 208, 13, 73, 174, 116]
[1785244544] [NOISE_PROTOCOL_DEBUG] WRITE_MESSAGE_COMPLETE - Message written, pattern 1 complete
[1785244544] [NOISE_PROTOCOL_DEBUG] READ_MESSAGE_HASH_BEFORE_PATTERN - Hash before pattern: [125, 228, 158, 35, 91, 209, 208, 168]
[1785244544] [NOISE_PROTOCOL_DEBUG] READ_MESSAGE_HASH_AFTER_PATTERN - Hash after pattern E: [27, 219, 53, 46, 153, 215, 156, 76]
[1785244544] [NOISE_PROTOCOL_DEBUG] READ_MESSAGE_PATTERN - Processing pattern: EE
[1785244544] [NOISE_PROTOCOL_DEBUG] READ_MESSAGE_EE - Performing DH(ephemeral, ephemeral)
[1785244544] [NOISE_PROTOCOL_DEBUG] READ_MESSAGE_PATTERN - Processing pattern: EE
[1785244544] [NOISE_PROTOCOL_DEBUG] READ_MESSAGE_HASH_BEFORE_PATTERN - Hash before pattern: [212, 168, 153, 208, 13, 73, 174, 116]
[1785244544] [NOISE_PROTOCOL_DEBUG] READ_MESSAGE_HASH_BEFORE_PATTERN - Hash before pattern: [27, 219, 53, 46, 153, 215, 156, 76]
[1785244544] [NOISE_PROTOCOL_DEBUG] READ_MESSAGE_START - Pattern: XX, Current: 1/3
[1785244544] [NOISE_PROTOCOL_DEBUG] READ_MESSAGE_EE - Performing DH(ephemeral, ephemeral)
[1785244544] [NOISE_PROTOCOL_DEBUG] READ_MESSAGE_EE - Performing DH(ephemeral, ephemeral)
[1785244544] [NOISE_PROTOCOL_DEBUG] READ_MESSAGE_HASH_BEFORE - Hash before read: [217, 25, 3, 155, 26, 195, 109, 211]
[1785244544] [NOISE_PROTOCOL_DEBUG] READ_MESSAGE_PATTERNS - Processing patterns: [E, EE, S, ES]
[1785244544] [NOISE_PROTOCOL_DEBUG] READ_MESSAGE_PATTERN - Processing pattern: E
[1785244544] [NOISE_PROTOCOL_DEBUG] READ_MESSAGE_HASH_BEFORE_PATTERN - Hash before pattern: [217, 25, 3, 155, 26, 195, 109, 211]
[1785244544] [NOISE_PROTOCOL_DEBUG] READ_MESSAGE_E - Reading ephemeral key
[1785244544] [NOISE_PROTOCOL_DEBUG] READ_MESSAGE_E_BYTES - Ephemeral key bytes: [237, 107, 173, 32, 30, 50, 188, 87]
[1785244544] [NOISE_PROTOCOL_DEBUG] READ_MESSAGE_E_DONE - Ephemeral key read, offset: 32
[1785244544] [NOISE_PROTOCOL_DEBUG] READ_MESSAGE_HASH_AFTER_PATTERN - Hash after pattern E: [146, 183, 64, 152, 33, 159, 254, 244]
[1785244544] [NOISE_PROTOCOL_DEBUG] READ_MESSAGE_PATTERN - Processing pattern: EE
[1785244544] [NOISE_PROTOCOL_DEBUG] READ_MESSAGE_HASH_BEFORE_PATTERN - Hash before pattern: [146, 183, 64, 152, 33, 159, 254, 244]
[1785244544] [NOISE_PROTOCOL_DEBUG] READ_MESSAGE_EE - Performing DH(ephemeral, ephemeral)
[1785244544] [NOISE_PROTOCOL_DEBUG] WRITE_MESSAGE_ES_DONE - DH(ephemeral, static) completed for responder
[1785244544] [NOISE_PROTOCOL_DEBUG] WRITE_MESSAGE_ENCRYPT - Encrypting payload of 0 bytes
[1785244544] [NOISE_PROTOCOL_DEBUG] CIPHER_ENCRYPT - Encrypting with key, plaintext length: 0
[1785244544] [NOISE_PROTOCOL_DEBUG] CIPHER_ENCRYPT_KEY - Key length: 32
[1785244544] [NOISE_PROTOCOL_DEBUG] CIPHER_ENCRYPT_NONCE - Current nonce: 0
[1785244544] [NOISE_PROTOCOL_DEBUG] CIPHER_ENCRYPT_ASSOCIATED_DATA - Associated data length: 32
[1785244544] [NOISE_PROTOCOL_DEBUG] CIPHER_ENCRYPT_SUCCESS - Encryption successful, ciphertext length: 16
[1785244544] [NOISE_PROTOCOL_DEBUG] WRITE_MESSAGE_ENCRYPT_DONE - Payload encrypted, total buffer size: 96
[1785244544] [NOISE_PROTOCOL_DEBUG] WRITE_MESSAGE_COMPLETE - Message written, pattern 1 complete
[1785244544] [NOISE_PROTOCOL_DEBUG] READ_MESSAGE_START - Pattern: XX, Current: 1/3
[1785244544] [NOISE_PROTOCOL_DEBUG] READ_MESSAGE_EE_DONE - DH(ephemeral, ephemeral) completed
[1785244544] [NOISE_PROTOCOL_DEBUG] READ_MESSAGE_HASH_BEFORE - Hash before read: [226, 228, 192, 217, 190, 207, 146, 85]
[1785244544] [NOISE_PROTOCOL_DEBUG] READ_MESSAGE_HASH_AFTER_PATTERN - Hash after pattern EE: [125, 228, 158, 35, 91, 209, 208, 168]
[1785244544] [NOISE_PROTOCOL_DEBUG] READ_MESSAGE_PATTERNS - Processing patterns: [E, EE, S, ES]
[1785244544] [NOISE_PROTOCOL_DEBUG] READ_MESSAGE_PATTERN - Processing pattern: S
[1785244544] [NOISE_PROTOCOL_DEBUG] READ_MESSAGE_PATTERN - Processing pattern: E
[1785244544] [NOISE_PROTOCOL_DEBUG] READ_MESSAGE_EE_DONE - DH(ephemeral, ephemeral) completed
[1785244544] [NOISE_PROTOCOL_DEBUG] READ_MESSAGE_HASH_BEFORE_PATTERN - Hash before pattern: [125, 228, 158, 35, 91, 209, 208, 168]
[1785244544] [NOISE_PROTOCOL_DEBUG] READ_MESSAGE_HASH_BEFORE_PATTERN - Hash before pattern: [226, 228, 192, 217, 190, 207, 146, 85]
[1785244544] [NOISE_PROTOCOL_DEBUG] READ_MESSAGE_HASH_AFTER_PATTERN - Hash after pattern EE: [27, 219, 53, 46, 153, 215, 156, 76]
[1785244544] [NOISE_PROTOCOL_DEBUG] READ_MESSAGE_EE_DONE - DH(ephemeral, ephemeral) completed
[1785244544] [NOISE_PROTOCOL_DEBUG] READ_MESSAGE_S - Reading static key
[1785244544] [NOISE_PROTOCOL_DEBUG] READ_MESSAGE_E - Reading ephemeral key
[1785244544] [NOISE_PROTOCOL_DEBUG] READ_MESSAGE_PATTERN - Processing pattern: S
[1785244544] [NOISE_PROTOCOL_DEBUG] READ_MESSAGE_HASH_AFTER_PATTERN - Hash after pattern EE: [212, 168, 153, 208, 13, 73, 174, 116]
[1785244544] [NOISE_PROTOCOL_DEBUG] READ_MESSAGE_E_BYTES - Ephemeral key bytes: [90, 219, 159, 234, 227, 198, 236, 214]
[1785244544] [NOISE_PROTOCOL_DEBUG] READ_MESSAGE_S_CHECK - Checking static key length: need 48 bytes, available 64 bytes, has_cipher_key: true
[1785244544] [NOISE_PROTOCOL_DEBUG] READ_MESSAGE_HASH_BEFORE_PATTERN - Hash before pattern: [27, 219, 53, 46, 153, 215, 156, 76]
[1785244544] [NOISE_PROTOCOL_DEBUG] READ_MESSAGE_PATTERN - Processing pattern: S
[1785244544] [NOISE_PROTOCOL_DEBUG] READ_MESSAGE_S_DATA - Static key data length: 48, has_cipher_key: true
[1785244544] [NOISE_PROTOCOL_DEBUG] READ_MESSAGE_S - Reading static key
[1785244544] [NOISE_PROTOCOL_DEBUG] READ_MESSAGE_E_DONE - Ephemeral key read, offset: 32
[1785244544] [NOISE_PROTOCOL_DEBUG] READ_MESSAGE_HASH_BEFORE_PATTERN - Hash before pattern: [212, 168, 153, 208, 13, 73, 174, 116]
[1785244544] [NOISE_PROTOCOL_DEBUG] DECRYPT_AND_HASH - Decrypting with cipher key, ciphertext length: 48
[1785244544] [NOISE_PROTOCOL_DEBUG] READ_MESSAGE_S_CHECK - Checking static key length: need 48 bytes, available 64 bytes, has_cipher_key: true
[1785244544] [NOISE_PROTOCOL_DEBUG] READ_MESSAGE_S - Reading static key
[1785244544] [NOISE_PROTOCOL_DEBUG] READ_MESSAGE_HASH_AFTER_PATTERN - Hash after pattern E: [98, 95, 79, 106, 210, 112, 217, 205]
[1785244544] [NOISE_PROTOCOL_DEBUG] DECRYPT_AND_HASH_HASH - Current hash length: 32
[1785244544] [NOISE_PROTOCOL_DEBUG] READ_MESSAGE_S_DATA - Static key data length: 48, has_cipher_key: true
[1785244544] [NOISE_PROTOCOL_DEBUG] READ_MESSAGE_S_CHECK - Checking static key length: need 48 bytes, available 64 bytes, has_cipher_key: true
[1785244544] [NOISE_PROTOCOL_DEBUG] READ_MESSAGE_PATTERN - Processing pattern: EE
[1785244544] [NOISE_PROTOCOL_DEBUG] DECRYPT_AND_HASH_HASH_BYTES - Hash bytes: [125, 228, 158, 35, 91, 209, 208, 168]
[1785244544] [NOISE_PROTOCOL_DEBUG] DECRYPT_AND_HASH - Decrypting with cipher key, ciphertext length: 48
[1785244544] [NOISE_PROTOCOL_DEBUG] READ_MESSAGE_EE_DONE - DH(ephemeral, ephemeral) completed
[1785244544] [NOISE_PROTOCOL_DEBUG] READ_MESSAGE_S_DATA - Static key data length: 48, has_cipher_key: true
[1785244544] [NOISE_PROTOCOL_DEBUG] READ_MESSAGE_HASH_BEFORE_PATTERN - Hash before pattern: [98, 95, 79, 106, 210, 112, 217, 205]
[1785244544] [NOISE_PROTOCOL_DEBUG] CIPHER_DECRYPT - Decrypting with key, ciphertext length: 48
[1785244544] [NOISE_PROTOCOL_DEBUG] DECRYPT_AND_HASH_HASH - Current hash length: 32
[1785244544] [NOISE_PROTOCOL_DEBUG] READ_MESSAGE_HASH_AFTER_PATTERN - Hash after pattern EE: [146, 183, 64, 152, 33, 159, 254, 244]
[1785244544] [NOISE_PROTOCOL_DEBUG] DECRYPT_AND_HASH - Decrypting with cipher key, ciphertext length: 48
[1785244544] [NOISE_PROTOCOL_DEBUG] READ_MESSAGE_EE - Performing DH(ephemeral, ephemeral)
[1785244544] [NOISE_PROTOCOL_DEBUG] DECRYPT_AND_HASH_HASH_BYTES - Hash bytes: [27, 219, 53, 46, 153, 215, 156, 76]
[1785244544] [NOISE_PROTOCOL_DEBUG] READ_MESSAGE_PATTERN - Processing pattern: S
[1785244544] [NOISE_PROTOCOL_DEBUG] DECRYPT_AND_HASH_HASH - Current hash length: 32
[1785244544] [NOISE_PROTOCOL_DEBUG] CIPHER_DECRYPT - Decrypting with key, ciphertext length: 48
[1785244544] [NOISE_PROTOCOL_DEBUG] READ_MESSAGE_HASH_BEFORE_PATTERN - Hash before pattern: [146, 183, 64, 152, 33, 159, 254, 244]
[1785244544] [NOISE_PROTOCOL_DEBUG] DECRYPT_AND_HASH_HASH_BYTES - Hash bytes: [212, 168, 153, 208, 13, 73, 174, 116]
[1785244544] [NOISE_PROTOCOL_DEBUG] READ_MESSAGE_S - Reading static key
[1785244544] [NOISE_PROTOCOL_DEBUG] CIPHER_DECRYPT - Decrypting with key, ciphertext length: 48
[1785244544] [NOISE_PROTOCOL_DEBUG] READ_MESSAGE_S_CHECK - Checking static key length: need 48 bytes, available 64 bytes, has_cipher_key: true
[1785244544] [NOISE_PROTOCOL_DEBUG] READ_MESSAGE_S_DATA - Static key data length: 48, has_cipher_key: true
[1785244544] [NOISE_PROTOCOL_DEBUG] DECRYPT_AND_HASH - Decrypting with cipher key, ciphertext length: 48
[1785244544] [NOISE_PROTOCOL_DEBUG] DECRYPT_AND_HASH_HASH - Current hash length: 32
[1785244544] [NOISE_PROTOCOL_DEBUG] DECRYPT_AND_HASH_HASH_BYTES - Hash bytes: [146, 183, 64, 152, 33, 159, 254, 244]
[1785244544] [NOISE_PROTOCOL_DEBUG] CIPHER_DECRYPT - Decrypting with key, ciphertext length: 48
[1785244544] [NOISE_PROTOCOL_DEBUG] CIPHER_DECRYPT_SUCCESS - Decryption successful, plaintext length: 32
[1785244544] [NOISE_PROTOCOL_DEBUG] DECRYPT_AND_HASH_SUCCESS - Decryption successful, plaintext length: 32
[1785244544] [NOISE_PROTOCOL_DEBUG] CIPHER_DECRYPT_SUCCESS - Decryption successful, plaintext length: 32
[1785244544] [NOISE_PROTOCOL_DEBUG] DECRYPT_AND_HASH_HASH_MIXED - Hash mixed with ciphertext
[1785244544] [NOISE_PROTOCOL_DEBUG] DECRYPT_AND_HASH_SUCCESS - Decryption successful, plaintext length: 32
[1785244544] [NOISE_PROTOCOL_DEBUG] READ_MESSAGE_S_DONE - Static key read and validated successfully
[1785244544] [NOISE_PROTOCOL_DEBUG] CIPHER_DECRYPT_SUCCESS - Decryption successful, plaintext length: 32
[1785244544] [NOISE_PROTOCOL_DEBUG] DECRYPT_AND_HASH_HASH_MIXED - Hash mixed with ciphertext
[1785244544] [NOISE_PROTOCOL_DEBUG] READ_MESSAGE_HASH_AFTER_PATTERN - Hash after pattern S: [86, 112, 236, 32, 128, 25, 139, 94]
[1785244544] [NOISE_PROTOCOL_DEBUG] DECRYPT_AND_HASH_SUCCESS - Decryption successful, plaintext length: 32
[1785244544] [NOISE_PROTOCOL_DEBUG] READ_MESSAGE_S_DONE - Static key read and validated successfully
[1785244544] [NOISE_PROTOCOL_DEBUG] READ_MESSAGE_PATTERN - Processing pattern: ES
[1785244544] [NOISE_PROTOCOL_DEBUG] READ_MESSAGE_HASH_AFTER_PATTERN - Hash after pattern S: [31, 69, 127, 224, 207, 36, 142, 158]
[1785244544] [NOISE_PROTOCOL_DEBUG] DECRYPT_AND_HASH_HASH_MIXED - Hash mixed with ciphertext
[1785244544] [NOISE_PROTOCOL_DEBUG] READ_MESSAGE_HASH_BEFORE_PATTERN - Hash before pattern: [86, 112, 236, 32, 128, 25, 139, 94]
[1785244544] [NOISE_PROTOCOL_DEBUG] CIPHER_DECRYPT_SUCCESS - Decryption successful, plaintext length: 32
[1785244544] [NOISE_PROTOCOL_DEBUG] READ_MESSAGE_PATTERN - Processing pattern: ES
[1785244544] [NOISE_PROTOCOL_DEBUG] READ_MESSAGE_S_DONE - Static key read and validated successfully
[1785244544] [NOISE_PROTOCOL_DEBUG] READ_MESSAGE_ES - Performing DH(ephemeral, static)
[1785244544] [NOISE_PROTOCOL_DEBUG] DECRYPT_AND_HASH_SUCCESS - Decryption successful, plaintext length: 32
[1785244544] [NOISE_PROTOCOL_DEBUG] READ_MESSAGE_HASH_BEFORE_PATTERN - Hash before pattern: [31, 69, 127, 224, 207, 36, 142, 158]
[1785244544] [NOISE_PROTOCOL_DEBUG] READ_MESSAGE_HASH_AFTER_PATTERN - Hash after pattern S: [50, 69, 120, 160, 249, 71, 223, 88]
[1785244544] [NOISE_PROTOCOL_DEBUG] READ_MESSAGE_ES - Performing DH(ephemeral, static)
[1785244544] [NOISE_PROTOCOL_DEBUG] READ_MESSAGE_PATTERN - Processing pattern: ES
[1785244544] [NOISE_PROTOCOL_DEBUG] DECRYPT_AND_HASH_HASH_MIXED - Hash mixed with ciphertext
[1785244544] [NOISE_PROTOCOL_DEBUG] READ_MESSAGE_HASH_BEFORE_PATTERN - Hash before pattern: [50, 69, 120, 160, 249, 71, 223, 88]
[1785244544] [NOISE_PROTOCOL_DEBUG] READ_MESSAGE_S_DONE - Static key read and validated successfully
[1785244544] [NOISE_PROTOCOL_DEBUG] READ_MESSAGE_ES - Performing DH(ephemeral, static)
[1785244544] [NOISE_PROTOCOL_DEBUG] READ_MESSAGE_HASH_AFTER_PATTERN - Hash after pattern S: [170, 90, 92, 161, 206, 77, 107, 181]
[1785244544] [NOISE_PROTOCOL_DEBUG] READ_MESSAGE_PATTERN - Processing pattern: ES
[1785244544] [NOISE_PROTOCOL_DEBUG] READ_MESSAGE_HASH_BEFORE_PATTERN - Hash before pattern: [170, 90, 92, 161, 206, 77, 107, 181]
[1785244544] [NOISE_PROTOCOL_DEBUG] READ_MESSAGE_ES - Performing DH(ephemeral, static)
[1785244544] [NOISE_PROTOCOL_DEBUG] READ_MESSAGE_EE_DONE - DH(ephemeral, ephemeral) completed
[1785244544] [NOISE_PROTOCOL_DEBUG] READ_MESSAGE_HASH_AFTER_PATTERN - Hash after pattern EE: [98, 95, 79, 106, 210, 112, 217, 205]
[1785244544] [NOISE_PROTOCOL_DEBUG] READ_MESSAGE_PATTERN - Processing pattern: S
[1785244544] [NOISE_PROTOCOL_DEBUG] READ_MESSAGE_HASH_BEFORE_PATTERN - Hash before pattern: [98, 95, 79, 106, 210, 112, 217, 205]
[1785244544] [NOISE_PROTOCOL_DEBUG] READ_MESSAGE_S - Reading static key
[1785244544] [NOISE_PROTOCOL_DEBUG] READ_MESSAGE_S_CHECK - Checking static key length: need 48 bytes, available 64 bytes, has_cipher_key: true
[1785244544] [NOISE_PROTOCOL_DEBUG] READ_MESSAGE_S_DATA - Static key data length: 48, has_cipher_key: true
[1785244544] [NOISE_PROTOCOL_DEBUG] DECRYPT_AND_HASH - Decrypting with cipher key, ciphertext length: 48
[1785244544] [NOISE_PROTOCOL_DEBUG] DECRYPT_AND_HASH_HASH - Current hash length: 32
[1785244544] [NOISE_PROTOCOL_DEBUG] DECRYPT_AND_HASH_HASH_BYTES - Hash bytes: [98, 95, 79, 106, 210, 112, 217, 205]
[1785244544] [NOISE_PROTOCOL_DEBUG] CIPHER_DECRYPT - Decrypting with key, ciphertext length: 48
[1785244544] [NOISE_PROTOCOL_DEBUG] CIPHER_DECRYPT_SUCCESS - Decryption successful, plaintext length: 32
[1785244544] [NOISE_PROTOCOL_DEBUG] READ_MESSAGE_ES_DONE - DH(ephemeral, static) completed
[1785244544] [NOISE_PROTOCOL_DEBUG] DECRYPT_AND_HASH_SUCCESS - Decryption successful, plaintext length: 32
[1785244544] [NOISE_PROTOCOL_DEBUG] READ_MESSAGE_HASH_AFTER_PATTERN - Hash after pattern ES: [86, 112, 236, 32, 128, 25, 139, 94]
[1785244544] [NOISE_PROTOCOL_DEBUG] READ_MESSAGE_ES_DONE - DH(ephemeral, static) completed
[1785244544] [NOISE_PROTOCOL_DEBUG] READ_MESSAGE_PAYLOAD - Decrypting payload, length: 16
[1785244544] [NOISE_PROTOCOL_DEBUG] DECRYPT_AND_HASH_HASH_MIXED - Hash mixed with ciphertext
[1785244544] [NOISE_PROTOCOL_DEBUG] READ_MESSAGE_HASH_AFTER_PATTERN - Hash after pattern ES: [31, 69, 127, 224, 207, 36, 142, 158]
[1785244544] [NOISE_PROTOCOL_DEBUG] DECRYPT_AND_HASH - Decrypting with cipher key, ciphertext length: 16
[1785244544] [NOISE_PROTOCOL_DEBUG] READ_MESSAGE_S_DONE - Static key read and validated successfully
[1785244544] [NOISE_PROTOCOL_DEBUG] READ_MESSAGE_PAYLOAD - Decrypting payload, length: 16
[1785244544] [NOISE_PROTOCOL_DEBUG] DECRYPT_AND_HASH_HASH - Current hash length: 32
[1785244544] [NOISE_PROTOCOL_DEBUG] READ_MESSAGE_ES_DONE - DH(ephemeral, static) completed
[1785244544] [NOISE_PROTOCOL_DEBUG] READ_MESSAGE_HASH_AFTER_PATTERN - Hash after pattern S: [247, 69, 11, 148, 37, 75, 231, 181]
[1785244544] [NOISE_PROTOCOL_DEBUG] DECRYPT_AND_HASH - Decrypting with cipher key, ciphertext length: 16
[1785244544] [NOISE_PROTOCOL_DEBUG] DECRYPT_AND_HASH_HASH_BYTES - Hash bytes: [86, 112, 236, 32, 128, 25, 139, 94]
[1785244544] [NOISE_PROTOCOL_DEBUG] READ_MESSAGE_HASH_AFTER_PATTERN - Hash after pattern ES: [50, 69, 120, 160, 249, 71, 223, 88]
[1785244544] [NOISE_PROTOCOL_DEBUG] READ_MESSAGE_PATTERN - Processing pattern: ES
[1785244544] [NOISE_PROTOCOL_DEBUG] DECRYPT_AND_HASH_HASH - Current hash length: 32
[1785244544] [NOISE_PROTOCOL_DEBUG] READ_MESSAGE_ES_DONE - DH(ephemeral, static) completed
[1785244544] [NOISE_PROTOCOL_DEBUG] CIPHER_DECRYPT - Decrypting with key, ciphertext length: 16
[1785244544] [NOISE_PROTOCOL_DEBUG] READ_MESSAGE_PAYLOAD - Decrypting payload, length: 16
[1785244544] [NOISE_PROTOCOL_DEBUG] READ_MESSAGE_HASH_BEFORE_PATTERN - Hash before pattern: [247, 69, 11, 148, 37, 75, 231, 181]
[1785244544] [NOISE_PROTOCOL_DEBUG] DECRYPT_AND_HASH_HASH_BYTES - Hash bytes: [31, 69, 127, 224, 207, 36, 142, 158]
[1785244544] [NOISE_PROTOCOL_DEBUG] READ_MESSAGE_HASH_AFTER_PATTERN - Hash after pattern ES: [170, 90, 92, 161, 206, 77, 107, 181]
[1785244544] [NOISE_PROTOCOL_DEBUG] DECRYPT_AND_HASH - Decrypting with cipher key, ciphertext length: 16
[1785244544] [NOISE_PROTOCOL_DEBUG] READ_MESSAGE_ES - Performing DH(ephemeral, static)
[1785244544] [NOISE_PROTOCOL_DEBUG] CIPHER_DECRYPT - Decrypting with key, ciphertext length: 16
[1785244544] [NOISE_PROTOCOL_DEBUG] READ_MESSAGE_PAYLOAD - Decrypting payload, length: 16
[1785244544] [NOISE_PROTOCOL_DEBUG] DECRYPT_AND_HASH_HASH - Current hash length: 32
[1785244544] [NOISE_PROTOCOL_DEBUG] DECRYPT_AND_HASH - Decrypting with cipher key, ciphertext length: 16
[1785244544] [NOISE_PROTOCOL_DEBUG] DECRYPT_AND_HASH_HASH_BYTES - Hash bytes: [50, 69, 120, 160, 249, 71, 223, 88]
[1785244544] [NOISE_PROTOCOL_DEBUG] DECRYPT_AND_HASH_HASH - Current hash length: 32
[1785244544] [NOISE_PROTOCOL_DEBUG] CIPHER_DECRYPT - Decrypting with key, ciphertext length: 16
[1785244544] [NOISE_PROTOCOL_DEBUG] DECRYPT_AND_HASH_HASH_BYTES - Hash bytes: [170, 90, 92, 161, 206, 77, 107, 181]
[1785244544] [NOISE_PROTOCOL_DEBUG] CIPHER_DECRYPT_SUCCESS - Decryption successful, plaintext length: 0
[1785244544] [NOISE_PROTOCOL_DEBUG] CIPHER_DECRYPT - Decrypting with key, ciphertext length: 16
[1785244544] [NOISE_PROTOCOL_DEBUG] DECRYPT_AND_HASH_SUCCESS - Decryption successful, plaintext length: 0
[1785244544] [NOISE_PROTOCOL_DEBUG] CIPHER_DECRYPT_SUCCESS - Decryption successful, plaintext length: 0
[1785244544] [NOISE_PROTOCOL_DEBUG] DECRYPT_AND_HASH_HASH_MIXED - Hash mixed with ciphertext
[1785244544] [NOISE_PROTOCOL_DEBUG] DECRYPT_AND_HASH_SUCCESS - Decryption successful, plaintext length: 0
[1785244544] [NOISE_PROTOCOL_DEBUG] READ_MESSAGE_PAYLOAD_SUCCESS - Payload decrypted successfully, length: 0
[1785244544] [NOISE_PROTOCOL_DEBUG] DECRYPT_AND_HASH_HASH_MIXED - Hash mixed with ciphertext
[1785244544] [NOISE_PROTOCOL_DEBUG] READ_MESSAGE_COMPLETE - Message read successfully, new pattern: 2/3
[1785244544] [NOISE_PROTOCOL_DEBUG] CIPHER_DECRYPT_SUCCESS - Decryption successful, plaintext length: 0
[1785244544] [NOISE_PROTOCOL_DEBUG] READ_MESSAGE_PAYLOAD_SUCCESS - Payload decrypted successfully, length: 0
[1785244544] [NOISE_PROTOCOL_DEBUG] READ_MESSAGE_HASH_AFTER - Hash after read: [243, 133, 130, 89, 129, 102, 141, 44]
[1785244544] [NOISE_PROTOCOL_DEBUG] DECRYPT_AND_HASH_SUCCESS - Decryption successful, plaintext length: 0
[1785244544] [NOISE_PROTOCOL_DEBUG] CIPHER_DECRYPT_SUCCESS - Decryption successful, plaintext length: 0
[1785244544] [NOISE_PROTOCOL_DEBUG] READ_MESSAGE_COMPLETE - Message read successfully, new pattern: 2/3
[1785244544] [NOISE_PROTOCOL_DEBUG] WRITE_MESSAGE_START - Pattern: XX, Current: 2/3
[1785244544] [NOISE_PROTOCOL_DEBUG] DECRYPT_AND_HASH_HASH_MIXED - Hash mixed with ciphertext
[1785244544] [NOISE_PROTOCOL_DEBUG] DECRYPT_AND_HASH_SUCCESS - Decryption successful, plaintext length: 0
[1785244544] [NOISE_PROTOCOL_DEBUG] READ_MESSAGE_HASH_AFTER - Hash after read: [118, 165, 98, 245, 174, 246, 16, 195]
[1785244544] [NOISE_PROTOCOL_DEBUG] READ_MESSAGE_PAYLOAD_SUCCESS - Payload decrypted successfully, length: 0
[1785244544] [NOISE_PROTOCOL_DEBUG] WRITE_MESSAGE_PATTERNS - Processing patterns: [S, SE]
[1785244544] [NOISE_PROTOCOL_DEBUG] WRITE_MESSAGE_START - Pattern: XX, Current: 2/3
[1785244544] [NOISE_PROTOCOL_DEBUG] DECRYPT_AND_HASH_HASH_MIXED - Hash mixed with ciphertext
[1785244544] [NOISE_PROTOCOL_DEBUG] READ_MESSAGE_COMPLETE - Message read successfully, new pattern: 2/3
[1785244544] [NOISE_PROTOCOL_DEBUG] WRITE_MESSAGE_PATTERN - Processing pattern: S
[1785244544] [NOISE_PROTOCOL_DEBUG] WRITE_MESSAGE_PATTERNS - Processing patterns: [S, SE]
[1785244544] [NOISE_PROTOCOL_DEBUG] READ_MESSAGE_PAYLOAD_SUCCESS - Payload decrypted successfully, length: 0
[1785244544] [NOISE_PROTOCOL_DEBUG] WRITE_MESSAGE_S - Sending static key
[1785244544] [NOISE_PROTOCOL_DEBUG] READ_MESSAGE_HASH_AFTER - Hash after read: [151, 54, 155, 132, 154, 7, 149, 30]
[1785244544] [NOISE_PROTOCOL_DEBUG] WRITE_MESSAGE_PATTERN - Processing pattern: S
[1785244544] [NOISE_PROTOCOL_DEBUG] READ_MESSAGE_COMPLETE - Message read successfully, new pattern: 2/3
[1785244544] [NOISE_PROTOCOL_DEBUG] CIPHER_ENCRYPT - Encrypting with key, plaintext length: 32
[1785244544] [NOISE_PROTOCOL_DEBUG] WRITE_MESSAGE_START - Pattern: XX, Current: 2/3
[1785244544] [NOISE_PROTOCOL_DEBUG] WRITE_MESSAGE_S - Sending static key
[1785244544] [NOISE_PROTOCOL_DEBUG] READ_MESSAGE_HASH_AFTER - Hash after read: [196, 89, 254, 126, 92, 188, 84, 235]
[1785244544] [NOISE_PROTOCOL_DEBUG] WRITE_MESSAGE_PATTERNS - Processing patterns: [S, SE]
[1785244544] [NOISE_PROTOCOL_DEBUG] CIPHER_ENCRYPT_KEY - Key length: 32
[1785244544] [NOISE_PROTOCOL_DEBUG] CIPHER_ENCRYPT - Encrypting with key, plaintext length: 32
[1785244544] [NOISE_PROTOCOL_DEBUG] WRITE_MESSAGE_START - Pattern: XX, Current: 2/3
[1785244544] [NOISE_PROTOCOL_DEBUG] WRITE_MESSAGE_PATTERN - Processing pattern: S
[1785244544] [NOISE_PROTOCOL_DEBUG] CIPHER_ENCRYPT_NONCE - Current nonce: 1
[1785244544] [NOISE_PROTOCOL_DEBUG] CIPHER_ENCRYPT_KEY - Key length: 32
[1785244544] [NOISE_PROTOCOL_DEBUG] WRITE_MESSAGE_PATTERNS - Processing patterns: [S, SE]
[1785244544] [NOISE_PROTOCOL_DEBUG] WRITE_MESSAGE_S - Sending static key
[1785244544] [NOISE_PROTOCOL_DEBUG] CIPHER_ENCRYPT_ASSOCIATED_DATA - Associated data length: 32
[1785244544] [NOISE_PROTOCOL_DEBUG] CIPHER_ENCRYPT_NONCE - Current nonce: 1
[1785244544] [NOISE_PROTOCOL_DEBUG] WRITE_MESSAGE_PATTERN - Processing pattern: S
[1785244544] [NOISE_PROTOCOL_DEBUG] CIPHER_ENCRYPT - Encrypting with key, plaintext length: 32
[1785244544] [NOISE_PROTOCOL_DEBUG] CIPHER_ENCRYPT_ASSOCIATED_DATA - Associated data length: 32
[1785244544] [NOISE_PROTOCOL_DEBUG] WRITE_MESSAGE_S - Sending static key
[1785244544] [NOISE_PROTOCOL_DEBUG] CIPHER_ENCRYPT_KEY - Key length: 32
[1785244544] [NOISE_PROTOCOL_DEBUG] CIPHER_ENCRYPT - Encrypting with key, plaintext length: 32
[1785244544] [NOISE_PROTOCOL_DEBUG] CIPHER_ENCRYPT_NONCE - Current nonce: 1
[1785244544] [NOISE_PROTOCOL_DEBUG] CIPHER_ENCRYPT_KEY - Key length: 32
[1785244544] [NOISE_PROTOCOL_DEBUG] CIPHER_ENCRYPT_ASSOCIATED_DATA - Associated data length: 32
[1785244544] [NOISE_PROTOCOL_DEBUG] CIPHER_ENCRYPT_NONCE - Current nonce: 1
[1785244544] [NOISE_PROTOCOL_DEBUG] CIPHER_ENCRYPT_ASSOCIATED_DATA - Associated data length: 32
[1785244544] [NOISE_PROTOCOL_DEBUG] CIPHER_ENCRYPT_SUCCESS - Encryption successful, ciphertext length: 48
[1785244544] [NOISE_PROTOCOL_DEBUG] CIPHER_ENCRYPT_SUCCESS - Encryption successful, ciphertext length: 48
[1785244544] [NOISE_PROTOCOL_DEBUG] READ_MESSAGE_ES_DONE - DH(ephemeral, static) completed
[1785244544] [NOISE_PROTOCOL_DEBUG] WRITE_MESSAGE_S_DONE - Static key encrypted and sent, buffer size: 48
[1785244544] [NOISE_PROTOCOL_DEBUG] READ_MESSAGE_HASH_AFTER_PATTERN - Hash after pattern ES: [247, 69, 11, 148, 37, 75, 231, 181]
[1785244544] [NOISE_PROTOCOL_DEBUG] WRITE_MESSAGE_PATTERN - Processing pattern: SE
[1785244544] [NOISE_PROTOCOL_DEBUG] WRITE_MESSAGE_S_DONE - Static key encrypted and sent, buffer size: 48
[1785244544] [NOISE_PROTOCOL_DEBUG] CIPHER_ENCRYPT_SUCCESS - Encryption successful, ciphertext length: 48
[1785244544] [NOISE_PROTOCOL_DEBUG] READ_MESSAGE_PAYLOAD - Decrypting payload, length: 16
[1785244544] [NOISE_PROTOCOL_DEBUG] WRITE_MESSAGE_SE - Performing DH(static, ephemeral), role: Initiator
[1785244544] [NOISE_PROTOCOL_DEBUG] WRITE_MESSAGE_PATTERN - Processing pattern: SE
[1785244544] [NOISE_PROTOCOL_DEBUG] CIPHER_ENCRYPT_SUCCESS - Encryption successful, ciphertext length: 48
[1785244544] [NOISE_PROTOCOL_DEBUG] DECRYPT_AND_HASH - Decrypting with cipher key, ciphertext length: 16
[1785244544] [NOISE_PROTOCOL_DEBUG] WRITE_MESSAGE_S_DONE - Static key encrypted and sent, buffer size: 48
[1785244544] [NOISE_PROTOCOL_DEBUG] WRITE_MESSAGE_SE - Performing DH(static, ephemeral), role: Initiator
[1785244544] [NOISE_PROTOCOL_DEBUG] DECRYPT_AND_HASH_HASH - Current hash length: 32
[1785244544] [NOISE_PROTOCOL_DEBUG] WRITE_MESSAGE_PATTERN - Processing pattern: SE
[1785244544] [NOISE_PROTOCOL_DEBUG] WRITE_MESSAGE_S_DONE - Static key encrypted and sent, buffer size: 48
[1785244544] [NOISE_PROTOCOL_DEBUG] DECRYPT_AND_HASH_HASH_BYTES - Hash bytes: [247, 69, 11, 148, 37, 75, 231, 181]
[1785244544] [NOISE_PROTOCOL_DEBUG] WRITE_MESSAGE_SE - Performing DH(static, ephemeral), role: Initiator
[1785244544] [NOISE_PROTOCOL_DEBUG] WRITE_MESSAGE_PATTERN - Processing pattern: SE
[1785244544] [NOISE_PROTOCOL_DEBUG] CIPHER_DECRYPT - Decrypting with key, ciphertext length: 16
[1785244544] [NOISE_PROTOCOL_DEBUG] WRITE_MESSAGE_SE - Performing DH(static, ephemeral), role: Initiator
[1785244544] [NOISE_PROTOCOL_DEBUG] CIPHER_DECRYPT_SUCCESS - Decryption successful, plaintext length: 0
[1785244544] [NOISE_PROTOCOL_DEBUG] DECRYPT_AND_HASH_SUCCESS - Decryption successful, plaintext length: 0
[1785244544] [NOISE_PROTOCOL_DEBUG] DECRYPT_AND_HASH_HASH_MIXED - Hash mixed with ciphertext
[1785244544] [NOISE_PROTOCOL_DEBUG] READ_MESSAGE_PAYLOAD_SUCCESS - Payload decrypted successfully, length: 0
[1785244544] [NOISE_PROTOCOL_DEBUG] READ_MESSAGE_COMPLETE - Message read successfully, new pattern: 2/3
[1785244544] [NOISE_PROTOCOL_DEBUG] READ_MESSAGE_HASH_AFTER - Hash after read: [150, 247, 23, 236, 243, 246, 23, 3]
[1785244544] [NOISE_PROTOCOL_DEBUG] WRITE_MESSAGE_START - Pattern: XX, Current: 2/3
[1785244544] [NOISE_PROTOCOL_DEBUG] WRITE_MESSAGE_PATTERNS - Processing patterns: [S, SE]
[1785244544] [NOISE_PROTOCOL_DEBUG] WRITE_MESSAGE_PATTERN - Processing pattern: S
[1785244544] [NOISE_PROTOCOL_DEBUG] WRITE_MESSAGE_S - Sending static key
[1785244544] [NOISE_PROTOCOL_DEBUG] CIPHER_ENCRYPT - Encrypting with key, plaintext length: 32
[1785244544] [NOISE_PROTOCOL_DEBUG] CIPHER_ENCRYPT_KEY - Key length: 32
[1785244544] [NOISE_PROTOCOL_DEBUG] CIPHER_ENCRYPT_NONCE - Current nonce: 1
[1785244544] [NOISE_PROTOCOL_DEBUG] CIPHER_ENCRYPT_ASSOCIATED_DATA - Associated data length: 32
[1785244544] [NOISE_PROTOCOL_DEBUG] CIPHER_ENCRYPT_SUCCESS - Encryption successful, ciphertext length: 48
[1785244544] [NOISE_PROTOCOL_DEBUG] WRITE_MESSAGE_SE_DONE - DH(static, ephemeral) completed for initiator
[1785244544] [NOISE_PROTOCOL_DEBUG] WRITE_MESSAGE_S_DONE - Static key encrypted and sent, buffer size: 48
[1785244544] [NOISE_PROTOCOL_DEBUG] WRITE_MESSAGE_SE_DONE - DH(static, ephemeral) completed for initiator
[1785244544] [NOISE_PROTOCOL_DEBUG] WRITE_MESSAGE_SE_DONE - DH(static, ephemeral) completed for initiator
[1785244544] [NOISE_PROTOCOL_DEBUG] WRITE_MESSAGE_ENCRYPT - Encrypting payload of 0 bytes
[1785244544] [NOISE_PROTOCOL_DEBUG] WRITE_MESSAGE_PATTERN - Processing pattern: SE
[1785244544] [NOISE_PROTOCOL_DEBUG] WRITE_MESSAGE_ENCRYPT - Encrypting payload of 0 bytes
[1785244544] [NOISE_PROTOCOL_DEBUG] WRITE_MESSAGE_SE_DONE - DH(static, ephemeral) completed for initiator
[1785244544] [NOISE_PROTOCOL_DEBUG] CIPHER_ENCRYPT - Encrypting with key, plaintext length: 0
[1785244544] [NOISE_PROTOCOL_DEBUG] WRITE_MESSAGE_ENCRYPT - Encrypting payload of 0 bytes
[1785244544] [NOISE_PROTOCOL_DEBUG] WRITE_MESSAGE_SE - Performing DH(static, ephemeral), role: Initiator
[1785244544] [NOISE_PROTOCOL_DEBUG] CIPHER_ENCRYPT - Encrypting with key, plaintext length: 0
[1785244544] [NOISE_PROTOCOL_DEBUG] WRITE_MESSAGE_ENCRYPT - Encrypting payload of 0 bytes
[1785244544] [NOISE_PROTOCOL_DEBUG] CIPHER_ENCRYPT_KEY - Key length: 32
[1785244544] [NOISE_PROTOCOL_DEBUG] CIPHER_ENCRYPT - Encrypting with key, plaintext length: 0
[1785244544] [NOISE_PROTOCOL_DEBUG] CIPHER_ENCRYPT_KEY - Key length: 32
[1785244544] [NOISE_PROTOCOL_DEBUG] CIPHER_ENCRYPT - Encrypting with key, plaintext length: 0
[1785244544] [NOISE_PROTOCOL_DEBUG] CIPHER_ENCRYPT_NONCE - Current nonce: 0
[1785244544] [NOISE_PROTOCOL_DEBUG] CIPHER_ENCRYPT_KEY - Key length: 32
[1785244544] [NOISE_PROTOCOL_DEBUG] CIPHER_ENCRYPT_NONCE - Current nonce: 0
[1785244544] [NOISE_PROTOCOL_DEBUG] CIPHER_ENCRYPT_KEY - Key length: 32
[1785244544] [NOISE_PROTOCOL_DEBUG] CIPHER_ENCRYPT_ASSOCIATED_DATA - Associated data length: 32
[1785244544] [NOISE_PROTOCOL_DEBUG] CIPHER_ENCRYPT_NONCE - Current nonce: 0
[1785244544] [NOISE_PROTOCOL_DEBUG] CIPHER_ENCRYPT_ASSOCIATED_DATA - Associated data length: 32
[1785244544] [NOISE_PROTOCOL_DEBUG] CIPHER_ENCRYPT_NONCE - Current nonce: 0
[1785244544] [NOISE_PROTOCOL_DEBUG] CIPHER_ENCRYPT_ASSOCIATED_DATA - Associated data length: 32
[1785244544] [NOISE_PROTOCOL_DEBUG] CIPHER_ENCRYPT_ASSOCIATED_DATA - Associated data length: 32
[1785244544] [NOISE_PROTOCOL_DEBUG] CIPHER_ENCRYPT_SUCCESS - Encryption successful, ciphertext length: 16
[1785244544] [NOISE_PROTOCOL_DEBUG] CIPHER_ENCRYPT_SUCCESS - Encryption successful, ciphertext length: 16
[1785244544] [NOISE_PROTOCOL_DEBUG] CIPHER_ENCRYPT_SUCCESS - Encryption successful, ciphertext length: 16
[1785244544] [NOISE_PROTOCOL_DEBUG] WRITE_MESSAGE_ENCRYPT_DONE - Payload encrypted, total buffer size: 64
[1785244544] [NOISE_PROTOCOL_DEBUG] CIPHER_ENCRYPT_SUCCESS - Encryption successful, ciphertext length: 16
[1785244544] [NOISE_PROTOCOL_DEBUG] WRITE_MESSAGE_ENCRYPT_DONE - Payload encrypted, total buffer size: 64
[1785244544] [NOISE_PROTOCOL_DEBUG] WRITE_MESSAGE_COMPLETE - Message written, pattern 2 complete
[1785244544] [NOISE_PROTOCOL_DEBUG] WRITE_MESSAGE_ENCRYPT_DONE - Payload encrypted, total buffer size: 64
[1785244544] [NOISE_PROTOCOL_DEBUG] WRITE_MESSAGE_COMPLETE - Message written, pattern 2 complete
[1785244544] [NOISE_PROTOCOL_DEBUG] WRITE_MESSAGE_ENCRYPT_DONE - Payload encrypted, total buffer size: 64
[1785244544] [NOISE_PROTOCOL_DEBUG] WRITE_MESSAGE_COMPLETE - Message written, pattern 2 complete
[1785244544] [NOISE_PROTOCOL_DEBUG] WRITE_MESSAGE_COMPLETE - Message written, pattern 2 complete
[1785244544] [NOISE_PROTOCOL_DEBUG] CIPHER_ENCRYPT - Encrypting with key, plaintext length: 45
[1785244544] [NOISE_PROTOCOL_DEBUG] CIPHER_ENCRYPT - Encrypting with key, plaintext length: 58
[1785244544] [NOISE_PROTOCOL_DEBUG] CIPHER_ENCRYPT - Encrypting with key, plaintext length: 43
[1785244544] [NOISE_PROTOCOL_DEBUG] CIPHER_ENCRYPT - Encrypting with key, plaintext length: 42
[1785244544] [NOISE_PROTOCOL_DEBUG] CIPHER_ENCRYPT_KEY - Key length: 32
[1785244544] [NOISE_PROTOCOL_DEBUG] CIPHER_ENCRYPT_KEY - Key length: 32
[1785244544] [NOISE_PROTOCOL_DEBUG] CIPHER_ENCRYPT_KEY - Key length: 32
[1785244544] [NOISE_PROTOCOL_DEBUG] CIPHER_ENCRYPT_KEY - Key length: 32
[1785244544] [NOISE_PROTOCOL_DEBUG] CIPHER_ENCRYPT_NONCE - Current nonce: 0
[1785244544] [NOISE_PROTOCOL_DEBUG] CIPHER_ENCRYPT_NONCE - Current nonce: 0
[1785244544] [NOISE_PROTOCOL_DEBUG] CIPHER_ENCRYPT_NONCE - Current nonce: 0
[1785244544] [NOISE_PROTOCOL_DEBUG] CIPHER_ENCRYPT_NONCE - Current nonce: 0
[1785244544] [NOISE_PROTOCOL_DEBUG] CIPHER_ENCRYPT_ASSOCIATED_DATA - Associated data length: 0
[1785244544] [NOISE_PROTOCOL_DEBUG] CIPHER_ENCRYPT_ASSOCIATED_DATA - Associated data length: 0
[1785244544] [NOISE_PROTOCOL_DEBUG] CIPHER_ENCRYPT_ASSOCIATED_DATA - Associated data length: 0
[1785244544] [NOISE_PROTOCOL_DEBUG] CIPHER_ENCRYPT_ASSOCIATED_DATA - Associated data length: 0
[1785244544] [NOISE_PROTOCOL_DEBUG] WRITE_MESSAGE_SE_DONE - DH(static, ephemeral) completed for initiator
[1785244544] [NOISE_PROTOCOL_DEBUG] WRITE_MESSAGE_ENCRYPT - Encrypting payload of 0 bytes
[1785244544] [NOISE_PROTOCOL_DEBUG] CIPHER_ENCRYPT - Encrypting with key, plaintext length: 0
[1785244544] [NOISE_PROTOCOL_DEBUG] CIPHER_ENCRYPT_KEY - Key length: 32
[1785244544] [NOISE_PROTOCOL_DEBUG] CIPHER_ENCRYPT_NONCE - Current nonce: 0
[1785244544] [NOISE_PROTOCOL_DEBUG] CIPHER_ENCRYPT_ASSOCIATED_DATA - Associated data length: 32
[1785244544] [NOISE_PROTOCOL_DEBUG] CIPHER_ENCRYPT_SUCCESS - Encryption successful, ciphertext length: 61
[1785244544] [NOISE_PROTOCOL_DEBUG] CIPHER_ENCRYPT_SUCCESS - Encryption successful, ciphertext length: 74
[1785244544] [NOISE_PROTOCOL_DEBUG] CIPHER_ENCRYPT_SUCCESS - Encryption successful, ciphertext length: 59
[1785244544] [NOISE_PROTOCOL_DEBUG] CIPHER_ENCRYPT_SUCCESS - Encryption successful, ciphertext length: 58
[1785244544] [NOISE_PROTOCOL_DEBUG] CIPHER_ENCRYPT_TRANSPORT - Transport message with nonce prefix, total length: 65
[1785244544] [NOISE_PROTOCOL_DEBUG] CIPHER_ENCRYPT_TRANSPORT - Transport message with nonce prefix, total length: 78
[1785244544] [NOISE_PROTOCOL_DEBUG] CIPHER_ENCRYPT_TRANSPORT - Transport message with nonce prefix, total length: 63
[1785244544] [NOISE_PROTOCOL_DEBUG] CIPHER_ENCRYPT_TRANSPORT - Transport message with nonce prefix, total length: 62
[1785244544] [NOISE_PROTOCOL_DEBUG] CIPHER_ENCRYPT_SUCCESS - Encryption successful, ciphertext length: 16
[1785244544] [NOISE_PROTOCOL_DEBUG] READ_MESSAGE_START - Pattern: XX, Current: 2/3
[1785244544] [NOISE_PROTOCOL_DEBUG] READ_MESSAGE_START - Pattern: XX, Current: 2/3
[1785244544] [NOISE_PROTOCOL_DEBUG] WRITE_MESSAGE_ENCRYPT_DONE - Payload encrypted, total buffer size: 64
[1785244544] [NOISE_PROTOCOL_DEBUG] READ_MESSAGE_START - Pattern: XX, Current: 2/3
[1785244544] [NOISE_PROTOCOL_DEBUG] READ_MESSAGE_START - Pattern: XX, Current: 2/3
[1785244544] [NOISE_PROTOCOL_DEBUG] READ_MESSAGE_HASH_BEFORE - Hash before read: [243, 133, 130, 89, 129, 102, 141, 44]
[1785244544] [NOISE_PROTOCOL_DEBUG] READ_MESSAGE_HASH_BEFORE - Hash before read: [151, 54, 155, 132, 154, 7, 149, 30]
[1785244544] [NOISE_PROTOCOL_DEBUG] WRITE_MESSAGE_COMPLETE - Message written, pattern 2 complete
[1785244544] [NOISE_PROTOCOL_DEBUG] READ_MESSAGE_HASH_BEFORE - Hash before read: [118, 165, 98, 245, 174, 246, 16, 195]
[1785244544] [NOISE_PROTOCOL_DEBUG] READ_MESSAGE_HASH_BEFORE - Hash before read: [196, 89, 254, 126, 92, 188, 84, 235]
[1785244544] [NOISE_PROTOCOL_DEBUG] READ_MESSAGE_PATTERNS - Processing patterns: [S, SE]
[1785244544] [NOISE_PROTOCOL_DEBUG] READ_MESSAGE_PATTERNS - Processing patterns: [S, SE]
[1785244544] [NOISE_PROTOCOL_DEBUG] READ_MESSAGE_PATTERNS - Processing patterns: [S, SE]
[1785244544] [NOISE_PROTOCOL_DEBUG] READ_MESSAGE_PATTERNS - Processing patterns: [S, SE]
[1785244544] [NOISE_PROTOCOL_DEBUG] READ_MESSAGE_PATTERN - Processing pattern: S
[1785244544] [NOISE_PROTOCOL_DEBUG] READ_MESSAGE_PATTERN - Processing pattern: S
[1785244544] [NOISE_PROTOCOL_DEBUG] READ_MESSAGE_PATTERN - Processing pattern: S
[1785244544] [NOISE_PROTOCOL_DEBUG] READ_MESSAGE_PATTERN - Processing pattern: S
[1785244544] [NOISE_PROTOCOL_DEBUG] READ_MESSAGE_HASH_BEFORE_PATTERN - Hash before pattern: [243, 133, 130, 89, 129, 102, 141, 44]
[1785244544] [NOISE_PROTOCOL_DEBUG] READ_MESSAGE_HASH_BEFORE_PATTERN - Hash before pattern: [151, 54, 155, 132, 154, 7, 149, 30]
[1785244544] [NOISE_PROTOCOL_DEBUG] READ_MESSAGE_HASH_BEFORE_PATTERN - Hash before pattern: [118, 165, 98, 245, 174, 246, 16, 195]
[1785244544] [NOISE_PROTOCOL_DEBUG] READ_MESSAGE_HASH_BEFORE_PATTERN - Hash before pattern: [196, 89, 254, 126, 92, 188, 84, 235]
[1785244544] [NOISE_PROTOCOL_DEBUG] READ_MESSAGE_S - Reading static key
[1785244544] [NOISE_PROTOCOL_DEBUG] READ_MESSAGE_S - Reading static key
[1785244544] [NOISE_PROTOCOL_DEBUG] READ_MESSAGE_S - Reading static key
[1785244544] [NOISE_PROTOCOL_DEBUG] READ_MESSAGE_S - Reading static key
[1785244544] [NOISE_PROTOCOL_DEBUG] READ_MESSAGE_S_CHECK - Checking static key length: need 48 bytes, available 64 bytes, has_cipher_key: true
[1785244544] [NOISE_PROTOCOL_DEBUG] READ_MESSAGE_S_CHECK - Checking static key length: need 48 bytes, available 64 bytes, has_cipher_key: true
[1785244544] [NOISE_PROTOCOL_DEBUG] READ_MESSAGE_S_CHECK - Checking static key length: need 48 bytes, available 64 bytes, has_cipher_key: true
[1785244544] [NOISE_PROTOCOL_DEBUG] READ_MESSAGE_S_CHECK - Checking static key length: need 48 bytes, available 64 bytes, has_cipher_key: true
[1785244544] [NOISE_PROTOCOL_DEBUG] READ_MESSAGE_S_DATA - Static key data length: 48, has_cipher_key: true
[1785244544] [NOISE_PROTOCOL_DEBUG] READ_MESSAGE_S_DATA - Static key data length: 48, has_cipher_key: true
[1785244544] [NOISE_PROTOCOL_DEBUG] READ_MESSAGE_S_DATA - Static key data length: 48, has_cipher_key: true
[1785244544] [NOISE_PROTOCOL_DEBUG] READ_MESSAGE_S_DATA - Static key data length: 48, has_cipher_key: true
[1785244544] [NOISE_PROTOCOL_DEBUG] DECRYPT_AND_HASH - Decrypting with cipher key, ciphertext length: 48
[1785244544] [NOISE_PROTOCOL_DEBUG] DECRYPT_AND_HASH - Decrypting with cipher key, ciphertext length: 48
[1785244544] [NOISE_PROTOCOL_DEBUG] CIPHER_ENCRYPT - Encrypting with key, plaintext length: 54
[1785244544] [NOISE_PROTOCOL_DEBUG] DECRYPT_AND_HASH - Decrypting with cipher key, ciphertext length: 48
[1785244544] [NOISE_PROTOCOL_DEBUG] DECRYPT_AND_HASH - Decrypting with cipher key, ciphertext length: 48
[1785244544] [NOISE_PROTOCOL_DEBUG] DECRYPT_AND_HASH_HASH - Current hash length: 32
[1785244544] [NOISE_PROTOCOL_DEBUG] DECRYPT_AND_HASH_HASH - Current hash length: 32
[1785244544] [NOISE_PROTOCOL_DEBUG] CIPHER_ENCRYPT_KEY - Key length: 32
[1785244544] [NOISE_PROTOCOL_DEBUG] DECRYPT_AND_HASH_HASH - Current hash length: 32
[1785244544] [NOISE_PROTOCOL_DEBUG] DECRYPT_AND_HASH_HASH - Current hash length: 32
[1785244544] [NOISE_PROTOCOL_DEBUG] DECRYPT_AND_HASH_HASH_BYTES - Hash bytes: [151, 54, 155, 132, 154, 7, 149, 30]
[1785244544] [NOISE_PROTOCOL_DEBUG] DECRYPT_AND_HASH_HASH_BYTES - Hash bytes: [243, 133, 130, 89, 129, 102, 141, 44]
[1785244544] [NOISE_PROTOCOL_DEBUG] CIPHER_ENCRYPT_NONCE - Current nonce: 0
[1785244544] [NOISE_PROTOCOL_DEBUG] DECRYPT_AND_HASH_HASH_BYTES - Hash bytes: [118, 165, 98, 245, 174, 246, 16, 195]
[1785244544] [NOISE_PROTOCOL_DEBUG] DECRYPT_AND_HASH_HASH_BYTES - Hash bytes: [196, 89, 254, 126, 92, 188, 84, 235]
[1785244544] [NOISE_PROTOCOL_DEBUG] CIPHER_DECRYPT - Decrypting with key, ciphertext length: 48
[1785244544] [NOISE_PROTOCOL_DEBUG] CIPHER_DECRYPT - Decrypting with key, ciphertext length: 48
[1785244544] [NOISE_PROTOCOL_DEBUG] CIPHER_ENCRYPT_ASSOCIATED_DATA - Associated data length: 0
[1785244544] [NOISE_PROTOCOL_DEBUG] CIPHER_DECRYPT - Decrypting with key, ciphertext length: 48
[1785244544] [NOISE_PROTOCOL_DEBUG] CIPHER_DECRYPT - Decrypting with key, ciphertext length: 48
[1785244544] [NOISE_PROTOCOL_DEBUG] CIPHER_DECRYPT_SUCCESS - Decryption successful, plaintext length: 32
[1785244544] [NOISE_PROTOCOL_DEBUG] CIPHER_DECRYPT_SUCCESS - Decryption successful, plaintext length: 32
[1785244544] [NOISE_PROTOCOL_DEBUG] CIPHER_ENCRYPT_SUCCESS - Encryption successful, ciphertext length: 70
[1785244544] [NOISE_PROTOCOL_DEBUG] CIPHER_DECRYPT_SUCCESS - Decryption successful, plaintext length: 32
[1785244544] [NOISE_PROTOCOL_DEBUG] CIPHER_DECRYPT_SUCCESS - Decryption successful, plaintext length: 32
[1785244544] [NOISE_PROTOCOL_DEBUG] DECRYPT_AND_HASH_SUCCESS - Decryption successful, plaintext length: 32
[1785244544] [NOISE_PROTOCOL_DEBUG] DECRYPT_AND_HASH_SUCCESS - Decryption successful, plaintext length: 32
[1785244544] [NOISE_PROTOCOL_DEBUG] CIPHER_ENCRYPT_TRANSPORT - Transport message with nonce prefix, total length: 74
[1785244544] [NOISE_PROTOCOL_DEBUG] DECRYPT_AND_HASH_SUCCESS - Decryption successful, plaintext length: 32
[1785244544] [NOISE_PROTOCOL_DEBUG] DECRYPT_AND_HASH_SUCCESS - Decryption successful, plaintext length: 32
[1785244544] [NOISE_PROTOCOL_DEBUG] DECRYPT_AND_HASH_HASH_MIXED - Hash mixed with ciphertext
[1785244544] [NOISE_PROTOCOL_DEBUG] DECRYPT_AND_HASH_HASH_MIXED - Hash mixed with ciphertext
[1785244544] [NOISE_PROTOCOL_DEBUG] DECRYPT_AND_HASH_HASH_MIXED - Hash mixed with ciphertext
[1785244544] [NOISE_PROTOCOL_DEBUG] READ_MESSAGE_S_DONE - Static key read and validated successfully
[1785244544] [NOISE_PROTOCOL_DEBUG] READ_MESSAGE_S_DONE - Static key read and validated successfully
[1785244544] [NOISE_PROTOCOL_DEBUG] DECRYPT_AND_HASH_HASH_MIXED - Hash mixed with ciphertext
[1785244544] [NOISE_PROTOCOL_DEBUG] READ_MESSAGE_START - Pattern: XX, Current: 2/3
[1785244544] [NOISE_PROTOCOL_DEBUG] READ_MESSAGE_S_DONE - Static key read and validated successfully
[1785244544] [NOISE_PROTOCOL_DEBUG] READ_MESSAGE_HASH_AFTER_PATTERN - Hash after pattern S: [1, 47, 196, 161, 60, 182, 204, 138]
[1785244544] [NOISE_PROTOCOL_DEBUG] READ_MESSAGE_HASH_AFTER_PATTERN - Hash after pattern S: [53, 100, 104, 236, 45, 178, 233, 160]
[1785244544] [NOISE_PROTOCOL_DEBUG] READ_MESSAGE_HASH_AFTER_PATTERN - Hash after pattern S: [57, 134, 146, 60, 155, 232, 131, 188]
[1785244544] [NOISE_PROTOCOL_DEBUG] READ_MESSAGE_HASH_BEFORE - Hash before read: [150, 247, 23, 236, 243, 246, 23, 3]
[1785244544] [NOISE_PROTOCOL_DEBUG] READ_MESSAGE_S_DONE - Static key read and validated successfully
[1785244544] [NOISE_PROTOCOL_DEBUG] READ_MESSAGE_PATTERN - Processing pattern: SE
[1785244544] [NOISE_PROTOCOL_DEBUG] READ_MESSAGE_PATTERN - Processing pattern: SE
[1785244544] [NOISE_PROTOCOL_DEBUG] READ_MESSAGE_PATTERN - Processing pattern: SE
[1785244544] [NOISE_PROTOCOL_DEBUG] READ_MESSAGE_PATTERNS - Processing patterns: [S, SE]
[1785244544] [NOISE_PROTOCOL_DEBUG] READ_MESSAGE_HASH_AFTER_PATTERN - Hash after pattern S: [18, 13, 85, 195, 188, 54, 37, 194]
[1785244544] [NOISE_PROTOCOL_DEBUG] READ_MESSAGE_HASH_BEFORE_PATTERN - Hash before pattern: [1, 47, 196, 161, 60, 182, 204, 138]
[1785244544] [NOISE_PROTOCOL_DEBUG] READ_MESSAGE_HASH_BEFORE_PATTERN - Hash before pattern: [53, 100, 104, 236, 45, 178, 233, 160]
[1785244544] [NOISE_PROTOCOL_DEBUG] READ_MESSAGE_HASH_BEFORE_PATTERN - Hash before pattern: [57, 134, 146, 60, 155, 232, 131, 188]
[1785244544] [NOISE_PROTOCOL_DEBUG] READ_MESSAGE_PATTERN - Processing pattern: S
[1785244544] [NOISE_PROTOCOL_DEBUG] READ_MESSAGE_PATTERN - Processing pattern: SE
[1785244544] [NOISE_PROTOCOL_DEBUG] READ_MESSAGE_SE - Performing DH(static, ephemeral)
[1785244544] [NOISE_PROTOCOL_DEBUG] READ_MESSAGE_SE - Performing DH(static, ephemeral)
[1785244544] [NOISE_PROTOCOL_DEBUG] READ_MESSAGE_SE - Performing DH(static, ephemeral)
[1785244544] [NOISE_PROTOCOL_DEBUG] READ_MESSAGE_HASH_BEFORE_PATTERN - Hash before pattern: [150, 247, 23, 236, 243, 246, 23, 3]
[1785244544] [NOISE_PROTOCOL_DEBUG] READ_MESSAGE_HASH_BEFORE_PATTERN - Hash before pattern: [18, 13, 85, 195, 188, 54, 37, 194]
[1785244544] [NOISE_PROTOCOL_DEBUG] READ_MESSAGE_S - Reading static key
[1785244544] [NOISE_PROTOCOL_DEBUG] READ_MESSAGE_SE - Performing DH(static, ephemeral)
[1785244544] [NOISE_PROTOCOL_DEBUG] READ_MESSAGE_S_CHECK - Checking static key length: need 48 bytes, available 64 bytes, has_cipher_key: true
[1785244544] [NOISE_PROTOCOL_DEBUG] READ_MESSAGE_S_DATA - Static key data length: 48, has_cipher_key: true
[1785244544] [NOISE_PROTOCOL_DEBUG] DECRYPT_AND_HASH - Decrypting with cipher key, ciphertext length: 48
[1785244544] [NOISE_PROTOCOL_DEBUG] DECRYPT_AND_HASH_HASH - Current hash length: 32
[1785244544] [NOISE_PROTOCOL_DEBUG] DECRYPT_AND_HASH_HASH_BYTES - Hash bytes: [150, 247, 23, 236, 243, 246, 23, 3]
[1785244544] [NOISE_PROTOCOL_DEBUG] CIPHER_DECRYPT - Decrypting with key, ciphertext length: 48
[1785244544] [NOISE_PROTOCOL_DEBUG] CIPHER_DECRYPT_SUCCESS - Decryption successful, plaintext length: 32
[1785244544] [NOISE_PROTOCOL_DEBUG] DECRYPT_AND_HASH_SUCCESS - Decryption successful, plaintext length: 32
[1785244544] [NOISE_PROTOCOL_DEBUG] DECRYPT_AND_HASH_HASH_MIXED - Hash mixed with ciphertext
[1785244544] [NOISE_PROTOCOL_DEBUG] READ_MESSAGE_S_DONE - Static key read and validated successfully
[1785244544] [NOISE_PROTOCOL_DEBUG] READ_MESSAGE_HASH_AFTER_PATTERN - Hash after pattern S: [109, 140, 8, 87, 81, 110, 101, 189]
[1785244544] [NOISE_PROTOCOL_DEBUG] READ_MESSAGE_PATTERN - Processing pattern: SE
[1785244544] [NOISE_PROTOCOL_DEBUG] READ_MESSAGE_HASH_BEFORE_PATTERN - Hash before pattern: [109, 140, 8, 87, 81, 110, 101, 189]
[1785244544] [NOISE_PROTOCOL_DEBUG] READ_MESSAGE_SE - Performing DH(static, ephemeral)
[1785244544] [NOISE_PROTOCOL_DEBUG] READ_MESSAGE_SE_DONE - DH(static, ephemeral) completed
[1785244544] [NOISE_PROTOCOL_DEBUG] READ_MESSAGE_SE_DONE - DH(static, ephemeral) completed
[1785244544] [NOISE_PROTOCOL_DEBUG] READ_MESSAGE_SE_DONE - DH(static, ephemeral) completed
[1785244544] [NOISE_PROTOCOL_DEBUG] READ_MESSAGE_HASH_AFTER_PATTERN - Hash after pattern SE: [53, 100, 104, 236, 45, 178, 233, 160]
[1785244544] [NOISE_PROTOCOL_DEBUG] READ_MESSAGE_HASH_AFTER_PATTERN - Hash after pattern SE: [57, 134, 146, 60, 155, 232, 131, 188]
[1785244544] [NOISE_PROTOCOL_DEBUG] READ_MESSAGE_HASH_AFTER_PATTERN - Hash after pattern SE: [1, 47, 196, 161, 60, 182, 204, 138]
[1785244544] [NOISE_PROTOCOL_DEBUG] READ_MESSAGE_SE_DONE - DH(static, ephemeral) completed
[1785244544] [NOISE_PROTOCOL_DEBUG] READ_MESSAGE_PAYLOAD - Decrypting payload, length: 16
[1785244544] [NOISE_PROTOCOL_DEBUG] READ_MESSAGE_PAYLOAD - Decrypting payload, length: 16
[1785244544] [NOISE_PROTOCOL_DEBUG] READ_MESSAGE_PAYLOAD - Decrypting payload, length: 16
[1785244544] [NOISE_PROTOCOL_DEBUG] READ_MESSAGE_HASH_AFTER_PATTERN - Hash after pattern SE: [18, 13, 85, 195, 188, 54, 37, 194]
[1785244544] [NOISE_PROTOCOL_DEBUG] DECRYPT_AND_HASH - Decrypting with cipher key, ciphertext length: 16
[1785244544] [NOISE_PROTOCOL_DEBUG] DECRYPT_AND_HASH - Decrypting with cipher key, ciphertext length: 16
[1785244544] [NOISE_PROTOCOL_DEBUG] DECRYPT_AND_HASH - Decrypting with cipher key, ciphertext length: 16
[1785244544] [NOISE_PROTOCOL_DEBUG] READ_MESSAGE_PAYLOAD - Decrypting payload, length: 16
[1785244544] [NOISE_PROTOCOL_DEBUG] DECRYPT_AND_HASH_HASH - Current hash length: 32
[1785244544] [NOISE_PROTOCOL_DEBUG] DECRYPT_AND_HASH_HASH - Current hash length: 32
[1785244544] [NOISE_PROTOCOL_DEBUG] DECRYPT_AND_HASH_HASH - Current hash length: 32
[1785244544] [NOISE_PROTOCOL_DEBUG] DECRYPT_AND_HASH - Decrypting with cipher key, ciphertext length: 16
[1785244544] [NOISE_PROTOCOL_DEBUG] DECRYPT_AND_HASH_HASH_BYTES - Hash bytes: [1, 47, 196, 161, 60, 182, 204, 138]
[1785244544] [NOISE_PROTOCOL_DEBUG] DECRYPT_AND_HASH_HASH_BYTES - Hash bytes: [53, 100, 104, 236, 45, 178, 233, 160]
[1785244544] [NOISE_PROTOCOL_DEBUG] DECRYPT_AND_HASH_HASH - Current hash length: 32
[1785244544] [NOISE_PROTOCOL_DEBUG] DECRYPT_AND_HASH_HASH_BYTES - Hash bytes: [57, 134, 146, 60, 155, 232, 131, 188]
[1785244544] [NOISE_PROTOCOL_DEBUG] CIPHER_DECRYPT - Decrypting with key, ciphertext length: 16
[1785244544] [NOISE_PROTOCOL_DEBUG] CIPHER_DECRYPT - Decrypting with key, ciphertext length: 16
[1785244544] [NOISE_PROTOCOL_DEBUG] DECRYPT_AND_HASH_HASH_BYTES - Hash bytes: [18, 13, 85, 195, 188, 54, 37, 194]
[1785244544] [NOISE_PROTOCOL_DEBUG] CIPHER_DECRYPT - Decrypting with key, ciphertext length: 16
[1785244544] [NOISE_PROTOCOL_DEBUG] CIPHER_DECRYPT - Decrypting with key, ciphertext length: 16
[1785244544] [NOISE_PROTOCOL_DEBUG] CIPHER_DECRYPT_SUCCESS - Decryption successful, plaintext length: 0
[1785244544] [NOISE_PROTOCOL_DEBUG] CIPHER_DECRYPT_SUCCESS - Decryption successful, plaintext length: 0
[1785244544] [NOISE_PROTOCOL_DEBUG] CIPHER_DECRYPT_SUCCESS - Decryption successful, plaintext length: 0
[1785244544] [NOISE_PROTOCOL_DEBUG] CIPHER_DECRYPT_SUCCESS - Decryption successful, plaintext length: 0
[1785244544] [NOISE_PROTOCOL_DEBUG] DECRYPT_AND_HASH_SUCCESS - Decryption successful, plaintext length: 0
[1785244544] [NOISE_PROTOCOL_DEBUG] DECRYPT_AND_HASH_SUCCESS - Decryption successful, plaintext length: 0
[1785244544] [NOISE_PROTOCOL_DEBUG] DECRYPT_AND_HASH_SUCCESS - Decryption successful, plaintext length: 0
[1785244544] [NOISE_PROTOCOL_DEBUG] DECRYPT_AND_HASH_SUCCESS - Decryption successful, plaintext length: 0
[1785244544] [NOISE_PROTOCOL_DEBUG] DECRYPT_AND_HASH_HASH_MIXED - Hash mixed with ciphertext
[1785244544] [NOISE_PROTOCOL_DEBUG] DECRYPT_AND_HASH_HASH_MIXED - Hash mixed with ciphertext
[1785244544] [NOISE_PROTOCOL_DEBUG] DECRYPT_AND_HASH_HASH_MIXED - Hash mixed with ciphertext
[1785244544] [NOISE_PROTOCOL_DEBUG] READ_MESSAGE_PAYLOAD_SUCCESS - Payload decrypted successfully, length: 0
[1785244544] [NOISE_PROTOCOL_DEBUG] DECRYPT_AND_HASH_HASH_MIXED - Hash mixed with ciphertext
[1785244544] [NOISE_PROTOCOL_DEBUG] READ_MESSAGE_PAYLOAD_SUCCESS - Payload decrypted successfully, length: 0
[1785244544] [NOISE_PROTOCOL_DEBUG] READ_MESSAGE_PAYLOAD_SUCCESS - Payload decrypted successfully, length: 0
[1785244544] [NOISE_PROTOCOL_DEBUG] READ_MESSAGE_COMPLETE - Message read successfully, new pattern: 3/3
[1785244544] [NOISE_PROTOCOL_DEBUG] READ_MESSAGE_PAYLOAD_SUCCESS - Payload decrypted successfully, length: 0
[1785244544] [NOISE_PROTOCOL_DEBUG] READ_MESSAGE_COMPLETE - Message read successfully, new pattern: 3/3
[1785244544] [NOISE_PROTOCOL_DEBUG] READ_MESSAGE_COMPLETE - Message read successfully, new pattern: 3/3
[1785244544] [NOISE_PROTOCOL_DEBUG] READ_MESSAGE_HASH_AFTER - Hash after read: [237, 150, 43, 214, 41, 188, 128, 40]
[1785244544] [NOISE_PROTOCOL_DEBUG] READ_MESSAGE_COMPLETE - Message read successfully, new pattern: 3/3
[1785244544] [NOISE_PROTOCOL_DEBUG] READ_MESSAGE_HASH_AFTER - Hash after read: [12, 248, 145, 155, 231, 15, 227, 232]
[1785244544] [NOISE_PROTOCOL_DEBUG] READ_MESSAGE_HASH_AFTER - Hash after read: [70, 95, 218, 185, 135, 96, 105, 175]
[1785244544] [NOISE_PROTOCOL_DEBUG] READ_MESSAGE_SE_DONE - DH(static, ephemeral) completed
[1785244544] [NOISE_PROTOCOL_DEBUG] READ_MESSAGE_HASH_AFTER - Hash after read: [36, 244, 72, 170, 197, 190, 133, 17]
[1785244544] [NOISE_PROTOCOL_DEBUG] READ_MESSAGE_HASH_AFTER_PATTERN - Hash after pattern SE: [109, 140, 8, 87, 81, 110, 101, 189]
[1785244544] [NOISE_PROTOCOL_DEBUG] READ_MESSAGE_PAYLOAD - Decrypting payload, length: 16
[1785244544] [NOISE_PROTOCOL_DEBUG] DECRYPT_AND_HASH - Decrypting with cipher key, ciphertext length: 16
[1785244544] [NOISE_PROTOCOL_DEBUG] DECRYPT_AND_HASH_HASH - Current hash length: 32
[1785244544] [NOISE_PROTOCOL_DEBUG] DECRYPT_AND_HASH_HASH_BYTES - Hash bytes: [109, 140, 8, 87, 81, 110, 101, 189]
[1785244544] [NOISE_PROTOCOL_DEBUG] CIPHER_DECRYPT - Decrypting with key, ciphertext length: 16
[1785244544] [NOISE_PROTOCOL_DEBUG] CIPHER_DECRYPT - Decrypting with key, ciphertext length: 78
[1785244544] [NOISE_PROTOCOL_DEBUG] CIPHER_DECRYPT - Decrypting with key, ciphertext length: 65
[1785244544] [NOISE_PROTOCOL_DEBUG] CIPHER_DECRYPT - Decrypting with key, ciphertext length: 62
[1785244544] [NOISE_PROTOCOL_DEBUG] CIPHER_DECRYPT - Decrypting with key, ciphertext length: 63
[1785244544] [NOISE_PROTOCOL_DEBUG] CIPHER_DECRYPT_SUCCESS - Decryption successful, plaintext length: 0
[1785244544] [NOISE_PROTOCOL_DEBUG] DECRYPT_AND_HASH_SUCCESS - Decryption successful, plaintext length: 0
[1785244544] [NOISE_PROTOCOL_DEBUG] DECRYPT_AND_HASH_HASH_MIXED - Hash mixed with ciphertext
[1785244544] [NOISE_PROTOCOL_DEBUG] READ_MESSAGE_PAYLOAD_SUCCESS - Payload decrypted successfully, length: 0
[1785244544] [NOISE_PROTOCOL_DEBUG] READ_MESSAGE_COMPLETE - Message read successfully, new pattern: 3/3
[1785244544] [NOISE_PROTOCOL_DEBUG] READ_MESSAGE_HASH_AFTER - Hash after read: [90, 66, 20, 52, 71, 241, 218, 71]
[1785244544] [NOISE_PROTOCOL_DEBUG] CIPHER_DECRYPT_SUCCESS - Decryption successful, plaintext length: 58
[1785244544] [NOISE_PROTOCOL_DEBUG] CIPHER_DECRYPT_SUCCESS - Decryption successful, plaintext length: 45
[1785244544] [NOISE_PROTOCOL_DEBUG] CIPHER_DECRYPT_SUCCESS - Decryption successful, plaintext length: 42
[1785244544] [NOISE_PROTOCOL_DEBUG] CIPHER_DECRYPT_SUCCESS - Decryption successful, plaintext length: 43
[1785244544] [NOISE_PROTOCOL_DEBUG] CIPHER_ENCRYPT - Encrypting with key, plaintext length: 45
[1785244544] [NOISE_PROTOCOL_DEBUG] CIPHER_ENCRYPT_KEY - Key length: 32
[1785244544] [NOISE_PROTOCOL_DEBUG] CIPHER_ENCRYPT_NONCE - Current nonce: 0
[1785244544] [NOISE_PROTOCOL_DEBUG] CIPHER_ENCRYPT_ASSOCIATED_DATA - Associated data length: 0
[1785244544] [NOISE_PROTOCOL_DEBUG] CIPHER_DECRYPT - Decrypting with key, ciphertext length: 74
[1785244544] [NOISE_PROTOCOL_DEBUG] CIPHER_ENCRYPT - Encrypting with key, plaintext length: 295
[1785244544] [NOISE_PROTOCOL_DEBUG] CIPHER_ENCRYPT_KEY - Key length: 32
[1785244544] [NOISE_PROTOCOL_DEBUG] CIPHER_ENCRYPT_NONCE - Current nonce: 1
[1785244544] [NOISE_PROTOCOL_DEBUG] CIPHER_ENCRYPT_ASSOCIATED_DATA - Associated data length: 0
[1785244544] [NOISE_PROTOCOL_DEBUG] CIPHER_ENCRYPT_SUCCESS - Encryption successful, ciphertext length: 61
[1785244544] [NOISE_PROTOCOL_DEBUG] CIPHER_ENCRYPT_TRANSPORT - Transport message with nonce prefix, total length: 65
[1785244544] [NOISE_PROTOCOL_DEBUG] CIPHER_DECRYPT_SUCCESS - Decryption successful, plaintext length: 54
[1785244544] [NOISE_PROTOCOL_DEBUG] CIPHER_DECRYPT - Decrypting with key, ciphertext length: 65
[1785244544] [NOISE_PROTOCOL_DEBUG] CIPHER_ENCRYPT_SUCCESS - Encryption successful, ciphertext length: 311
[1785244544] [NOISE_PROTOCOL_DEBUG] CIPHER_DECRYPT_SUCCESS - Decryption successful, plaintext length: 45
[1785244544] [NOISE_PROTOCOL_DEBUG] CIPHER_ENCRYPT_TRANSPORT - Transport message with nonce prefix, total length: 315
[1785244544] [NOISE_PROTOCOL_DEBUG] CIPHER_ENCRYPT - Encrypting with key, plaintext length: 295
[1785244544] [NOISE_PROTOCOL_DEBUG] CIPHER_ENCRYPT_KEY - Key length: 32
[1785244544] [NOISE_PROTOCOL_DEBUG] CIPHER_ENCRYPT_NONCE - Current nonce: 2
[1785244544] [NOISE_PROTOCOL_DEBUG] CIPHER_ENCRYPT_ASSOCIATED_DATA - Associated data length: 0
[1785244544] [NOISE_PROTOCOL_DEBUG] CIPHER_ENCRYPT_SUCCESS - Encryption successful, ciphertext length: 311
[1785244544] [NOISE_PROTOCOL_DEBUG] CIPHER_ENCRYPT_TRANSPORT - Transport message with nonce prefix, total length: 315
[1785244544] [NOISE_PROTOCOL_DEBUG] CIPHER_ENCRYPT - Encrypting with key, plaintext length: 295
[1785244544] [NOISE_PROTOCOL_DEBUG] CIPHER_ENCRYPT_KEY - Key length: 32
[1785244544] [NOISE_PROTOCOL_DEBUG] CIPHER_ENCRYPT_NONCE - Current nonce: 3
[1785244544] [NOISE_PROTOCOL_DEBUG] CIPHER_ENCRYPT_ASSOCIATED_DATA - Associated data length: 0
[1785244544] [NOISE_PROTOCOL_DEBUG] CIPHER_ENCRYPT_SUCCESS - Encryption successful, ciphertext length: 311
[1785244544] [NOISE_PROTOCOL_DEBUG] CIPHER_ENCRYPT_TRANSPORT - Transport message with nonce prefix, total length: 315
[1785244544] [NOISE_PROTOCOL_DEBUG] CIPHER_ENCRYPT - Encrypting with key, plaintext length: 275
[1785244544] [NOISE_PROTOCOL_DEBUG] CIPHER_ENCRYPT_KEY - Key length: 32
[1785244544] [NOISE_PROTOCOL_DEBUG] CIPHER_ENCRYPT_NONCE - Current nonce: 4
[1785244544] [NOISE_PROTOCOL_DEBUG] CIPHER_ENCRYPT_ASSOCIATED_DATA - Associated data length: 0
[1785244544] [NOISE_PROTOCOL_DEBUG] CIPHER_ENCRYPT_SUCCESS - Encryption successful, ciphertext length: 291
[1785244544] [NOISE_PROTOCOL_DEBUG] CIPHER_ENCRYPT_TRANSPORT - Transport message with nonce prefix, total length: 295
[1785244544] [NOISE_PROTOCOL_DEBUG] CIPHER_DECRYPT - Decrypting with key, ciphertext length: 315
[1785244544] [NOISE_PROTOCOL_DEBUG] CIPHER_DECRYPT_SUCCESS - Decryption successful, plaintext length: 295
[1785244544] [NOISE_PROTOCOL_DEBUG] CIPHER_DECRYPT - Decrypting with key, ciphertext length: 315
[1785244544] [NOISE_PROTOCOL_DEBUG] CIPHER_DECRYPT_SUCCESS - Decryption successful, plaintext length: 295
[1785244544] [NOISE_PROTOCOL_DEBUG] CIPHER_DECRYPT - Decrypting with key, ciphertext length: 315
[1785244544] [NOISE_PROTOCOL_DEBUG] CIPHER_DECRYPT_SUCCESS - Decryption successful, plaintext length: 295
[1785244544] [NOISE_PROTOCOL_DEBUG] CIPHER_DECRYPT - Decrypting with key, ciphertext length: 295
[1785244544] [NOISE_PROTOCOL_DEBUG] CIPHER_DECRYPT_SUCCESS - Decryption successful, plaintext length: 275
[1785244575] [NOISE_PROTOCOL_DEBUG] HANDSHAKE_INIT - Protocol name: Noise_XX_25519_ChaChaPoly_SHA256
[1785244575] [NOISE_PROTOCOL_DEBUG] HANDSHAKE_INIT - Initial hash: [78, 111, 105, 115, 101, 95, 88, 88]
[1785244575] [NOISE_PROTOCOL_DEBUG] HANDSHAKE_INIT - Initial chaining key: [78, 111, 105, 115, 101, 95, 88, 88]
[1785244575] [NOISE_PROTOCOL_DEBUG] WRITE_MESSAGE_START - Pattern: XX, Current: 0/3
[1785244575] [NOISE_PROTOCOL_DEBUG] HANDSHAKE_INIT - Protocol name: Noise_XX_25519_ChaChaPoly_SHA256
[1785244575] [NOISE_PROTOCOL_DEBUG] WRITE_MESSAGE_PATTERNS - Processing patterns: [E]
[1785244575] [NOISE_PROTOCOL_DEBUG] HANDSHAKE_INIT - Initial hash: [78, 111, 105, 115, 101, 95, 88, 88]
[1785244575] [NOISE_PROTOCOL_DEBUG] WRITE_MESSAGE_PATTERN - Processing pattern: E
[1785244575] [NOISE_PROTOCOL_DEBUG] HANDSHAKE_INIT - Initial chaining key: [78, 111, 105, 115, 101, 95, 88, 88]
[1785244575] [NOISE_PROTOCOL_DEBUG] WRITE_MESSAGE_E - Generating ephemeral key
[1785244575] [NOISE_PROTOCOL_DEBUG] HANDSHAKE_INIT - Protocol name: Noise_XX_25519_ChaChaPoly_SHA256
[1785244575] [NOISE_PROTOCOL_DEBUG] HANDSHAKE_INIT - Initial hash: [78, 111, 105, 115, 101, 95, 88, 88]
[1785244575] [NOISE_PROTOCOL_DEBUG] HANDSHAKE_INIT - Initial chaining key: [78, 111, 105, 115, 101, 95, 88, 88]
[1785244575] [NOISE_PROTOCOL_DEBUG] HANDSHAKE_INIT - Protocol name: Noise_XX_25519_ChaChaPoly_SHA256
[1785244575] [NOISE_PROTOCOL_DEBUG] HANDSHAKE_INIT - Initial hash: [78, 111, 105, 115, 101, 95, 88, 88]
[1785244575] [NOISE_PROTOCOL_DEBUG] HANDSHAKE_INIT - Initial chaining key: [78, 111, 105, 115, 101, 95, 88, 88]
[1785244575] [NOISE_PROTOCOL_DEBUG] WRITE_MESSAGE_START - Pattern: XX, Current: 0/3
[1785244575] [NOISE_PROTOCOL_DEBUG] WRITE_MESSAGE_PATTERNS - Processing patterns: [E]
[1785244575] [NOISE_PROTOCOL_DEBUG] WRITE_MESSAGE_PATTERN - Processing pattern: E
[1785244575] [NOISE_PROTOCOL_DEBUG] WRITE_MESSAGE_E - Generating ephemeral key
[1785244575] [NOISE_PROTOCOL_DEBUG] WRITE_MESSAGE_START - Pattern: XX, Current: 0/3
[1785244575] [NOISE_PROTOCOL_DEBUG] WRITE_MESSAGE_PATTERNS - Processing patterns: [E]
[1785244575] [NOISE_PROTOCOL_DEBUG] WRITE_MESSAGE_PATTERN - Processing pattern: E
[1785244575] [NOISE_PROTOCOL_DEBUG] WRITE_MESSAGE_E - Generating ephemeral key
[1785244575] [NOISE_PROTOCOL_DEBUG] WRITE_MESSAGE_E_DONE - Ephemeral key generated, buffer size: 32
[1785244575] [NOISE_PROTOCOL_DEBUG] WRITE_MESSAGE_START - Pattern: XX, Current: 0/3
[1785244575] [NOISE_PROTOCOL_DEBUG] WRITE_MESSAGE_ENCRYPT - Encrypting payload of 0 bytes
[1785244575] [NOISE_PROTOCOL_DEBUG] WRITE_MESSAGE_PATTERNS - Processing patterns: [E]
[1785244575] [NOISE_PROTOCOL_DEBUG] WRITE_MESSAGE_ENCRYPT_DONE - Payload encrypted, total buffer size: 32
[1785244575] [NOISE_PROTOCOL_DEBUG] WRITE_MESSAGE_PATTERN - Processing pattern: E
[1785244575] [NOISE_PROTOCOL_DEBUG] WRITE_MESSAGE_COMPLETE - Message written, pattern 0 complete
[1785244575] [NOISE_PROTOCOL_DEBUG] WRITE_MESSAGE_E - Generating ephemeral key
[1785244575] [NOISE_PROTOCOL_DEBUG] HANDSHAKE_INIT - Protocol name: Noise_XX_25519_ChaChaPoly_SHA256
[1785244575] [NOISE_PROTOCOL_DEBUG] HANDSHAKE_INIT - Initial hash: [78, 111, 105, 115, 101, 95, 88, 88]
[1785244575] [NOISE_PROTOCOL_DEBUG] WRITE_MESSAGE_E_DONE - Ephemeral key generated, buffer size: 32
[1785244575] [NOISE_PROTOCOL_DEBUG] HANDSHAKE_INIT - Initial chaining key: [78, 111, 105, 115, 101, 95, 88, 88]
[1785244575] [NOISE_PROTOCOL_DEBUG] WRITE_MESSAGE_ENCRYPT - Encrypting payload of 0 bytes
[1785244575] [NOISE_PROTOCOL_DEBUG] WRITE_MESSAGE_ENCRYPT_DONE - Payload encrypted, total buffer size: 32
[1785244575] [NOISE_PROTOCOL_DEBUG] WRITE_MESSAGE_E_DONE - Ephemeral key generated, buffer size: 32
[1785244575] [NOISE_PROTOCOL_DEBUG] WRITE_MESSAGE_COMPLETE - Message written, pattern 0 complete
[1785244575] [NOISE_PROTOCOL_DEBUG] WRITE_MESSAGE_ENCRYPT - Encrypting payload of 0 bytes
[1785244575] [NOISE_PROTOCOL_DEBUG] WRITE_MESSAGE_ENCRYPT_DONE - Payload encrypted, total buffer size: 32
[1785244575] [NOISE_PROTOCOL_DEBUG] WRITE_MESSAGE_COMPLETE - Message written, pattern 0 complete
[1785244575] [NOISE_PROTOCOL_DEBUG] HANDSHAKE_INIT - Protocol name: Noise_XX_25519_ChaChaPoly_SHA256
[1785244575] [NOISE_PROTOCOL_DEBUG] HANDSHAKE_INIT - Initial hash: [78, 111, 105, 115, 101, 95, 88, 88]
[1785244575] [NOISE_PROTOCOL_DEBUG] HANDSHAKE_INIT - Protocol name: Noise_XX_25519_ChaChaPoly_SHA256
[1785244575] [NOISE_PROTOCOL_DEBUG] HANDSHAKE_INIT - Initial chaining key: [78, 111, 105, 115, 101, 95, 88, 88]
[1785244575] [NOISE_PROTOCOL_DEBUG] HANDSHAKE_INIT - Initial hash: [78, 111, 105, 115, 101, 95, 88, 88]
[1785244575] [NOISE_PROTOCOL_DEBUG] HANDSHAKE_INIT - Initial chaining key: [78, 111, 105, 115, 101, 95, 88, 88]
[1785244575] [NOISE_PROTOCOL_DEBUG] WRITE_MESSAGE_E_DONE - Ephemeral key generated, buffer size: 32
[1785244575] [NOISE_PROTOCOL_DEBUG] WRITE_MESSAGE_ENCRYPT - Encrypting payload of 0 bytes
[1785244575] [NOISE_PROTOCOL_DEBUG] READ_MESSAGE_START - Pattern: XX, Current: 0/3
[1785244575] [NOISE_PROTOCOL_DEBUG] WRITE_MESSAGE_ENCRYPT_DONE - Payload encrypted, total buffer size: 32
[1785244575] [NOISE_PROTOCOL_DEBUG] READ_MESSAGE_HASH_BEFORE - Hash before read: [243, 209, 94, 97, 8, 237, 149, 86]
[1785244575] [NOISE_PROTOCOL_DEBUG] WRITE_MESSAGE_COMPLETE - Message written, pattern 0 complete
[1785244575] [NOISE_PROTOCOL_DEBUG] READ_MESSAGE_PATTERNS - Processing patterns: [E]
[1785244575] [NOISE_PROTOCOL_DEBUG] READ_MESSAGE_START - Pattern: XX, Current: 0/3
[1785244575] [NOISE_PROTOCOL_DEBUG] READ_MESSAGE_PATTERN - Processing pattern: E
[1785244575] [NOISE_PROTOCOL_DEBUG] READ_MESSAGE_HASH_BEFORE - Hash before read: [243, 209, 94, 97, 8, 237, 149, 86]
[1785244575] [NOISE_PROTOCOL_DEBUG] READ_MESSAGE_HASH_BEFORE_PATTERN - Hash before pattern: [243, 209, 94, 97, 8, 237, 149, 86]
[1785244575] [NOISE_PROTOCOL_DEBUG] READ_MESSAGE_PATTERNS - Processing patterns: [E]
[1785244575] [NOISE_PROTOCOL_DEBUG] READ_MESSAGE_START - Pattern: XX, Current: 0/3
[1785244575] [NOISE_PROTOCOL_DEBUG] READ_MESSAGE_E - Reading ephemeral key
[1785244575] [NOISE_PROTOCOL_DEBUG] READ_MESSAGE_PATTERN - Processing pattern: E
[1785244575] [NOISE_PROTOCOL_DEBUG] HANDSHAKE_INIT - Protocol name: Noise_XX_25519_ChaChaPoly_SHA256
[1785244575] [NOISE_PROTOCOL_DEBUG] READ_MESSAGE_HASH_BEFORE - Hash before read: [243, 209, 94, 97, 8, 237, 149, 86]
[1785244575] [NOISE_PROTOCOL_DEBUG] READ_MESSAGE_E_BYTES - Ephemeral key bytes: [77, 117, 56, 210, 8, 194, 61, 60]
[1785244575] [NOISE_PROTOCOL_DEBUG] READ_MESSAGE_HASH_BEFORE_PATTERN - Hash before pattern: [243, 209, 94, 97, 8, 237, 149, 86]
[1785244575] [NOISE_PROTOCOL_DEBUG] HANDSHAKE_INIT - Protocol name: Noise_XX_25519_ChaChaPoly_SHA256
[1785244575] [NOISE_PROTOCOL_DEBUG] HANDSHAKE_INIT - Initial hash: [78, 111, 105, 115, 101, 95, 88, 88]
[1785244575] [NOISE_PROTOCOL_DEBUG] READ_MESSAGE_E - Reading ephemeral key
[1785244575] [NOISE_PROTOCOL_DEBUG] READ_MESSAGE_PATTERNS - Processing patterns: [E]
[1785244575] [NOISE_PROTOCOL_DEBUG] READ_MESSAGE_E_DONE - Ephemeral key read, offset: 32
[1785244575] [NOISE_PROTOCOL_DEBUG] HANDSHAKE_INIT - Initial chaining key: [78, 111, 105, 115, 101, 95, 88, 88]
[1785244575] [NOISE_PROTOCOL_DEBUG] READ_MESSAGE_E_BYTES - Ephemeral key bytes: [123, 179, 250, 179, 184, 198, 144, 24]
[1785244575] [NOISE_PROTOCOL_DEBUG] HANDSHAKE_INIT - Initial hash: [78, 111, 105, 115, 101, 95, 88, 88]
[1785244575] [NOISE_PROTOCOL_DEBUG] READ_MESSAGE_PATTERN - Processing pattern: E
[1785244575] [NOISE_PROTOCOL_DEBUG] READ_MESSAGE_HASH_AFTER_PATTERN - Hash after pattern E: [204, 164, 136, 46, 255, 154, 215, 74]
[1785244575] [NOISE_PROTOCOL_DEBUG] HANDSHAKE_INIT - Initial chaining key: [78, 111, 105, 115, 101, 95, 88, 88]
[1785244575] [NOISE_PROTOCOL_DEBUG] READ_MESSAGE_E_DONE - Ephemeral key read, offset: 32
[1785244575] [NOISE_PROTOCOL_DEBUG] READ_MESSAGE_HASH_BEFORE_PATTERN - Hash before pattern: [243, 209, 94, 97, 8, 237, 149, 86]
[1785244575] [NOISE_PROTOCOL_DEBUG] READ_MESSAGE_PAYLOAD - Decrypting payload, length: 0
[1785244575] [NOISE_PROTOCOL_DEBUG] READ_MESSAGE_HASH_AFTER_PATTERN - Hash after pattern E: [40, 165, 147, 94, 3, 245, 183, 34]
[1785244575] [NOISE_PROTOCOL_DEBUG] READ_MESSAGE_E - Reading ephemeral key
[1785244575] [NOISE_PROTOCOL_DEBUG] DECRYPT_AND_HASH - No cipher key, treating as plaintext, length: 0
[1785244575] [NOISE_PROTOCOL_DEBUG] READ_MESSAGE_PAYLOAD - Decrypting payload, length: 0
[1785244575] [NOISE_PROTOCOL_DEBUG] READ_MESSAGE_E_BYTES - Ephemeral key bytes: [57, 14, 198, 153, 71, 108, 51, 225]
[1785244575] [NOISE_PROTOCOL_DEBUG] DECRYPT_AND_HASH_PLAINTEXT - Hash mixed with plaintext
[1785244575] [NOISE_PROTOCOL_DEBUG] DECRYPT_AND_HASH - No cipher key, treating as plaintext, length: 0
[1785244575] [NOISE_PROTOCOL_DEBUG] READ_MESSAGE_PAYLOAD_SUCCESS - Payload decrypted successfully, length: 0
[1785244575] [NOISE_PROTOCOL_DEBUG] DECRYPT_AND_HASH_PLAINTEXT - Hash mixed with plaintext
[1785244575] [NOISE_PROTOCOL_DEBUG] READ_MESSAGE_E_DONE - Ephemeral key read, offset: 32
[1785244575] [NOISE_PROTOCOL_DEBUG] READ_MESSAGE_COMPLETE - Message read successfully, new pattern: 1/3
[1785244575] [NOISE_PROTOCOL_DEBUG] READ_MESSAGE_PAYLOAD_SUCCESS - Payload decrypted successfully, length: 0
[1785244575] [NOISE_PROTOCOL_DEBUG] READ_MESSAGE_HASH_AFTER_PATTERN - Hash after pattern E: [66, 64, 19, 80, 89, 3, 49, 207]
[1785244575] [NOISE_PROTOCOL_DEBUG] READ_MESSAGE_HASH_AFTER - Hash after read: [193, 5, 206, 59, 109, 208, 84, 23]
[1785244575] [NOISE_PROTOCOL_DEBUG] READ_MESSAGE_COMPLETE - Message read successfully, new pattern: 1/3
[1785244575] [NOISE_PROTOCOL_DEBUG] READ_MESSAGE_PAYLOAD - Decrypting payload, length: 0
[1785244575] [NOISE_PROTOCOL_DEBUG] WRITE_MESSAGE_START - Pattern: XX, Current: 1/3
[1785244575] [NOISE_PROTOCOL_DEBUG] READ_MESSAGE_HASH_AFTER - Hash after read: [84, 205, 198, 177, 131, 209, 42, 78]
[1785244575] [NOISE_PROTOCOL_DEBUG] DECRYPT_AND_HASH - No cipher key, treating as plaintext, length: 0
[1785244575] [NOISE_PROTOCOL_DEBUG] WRITE_MESSAGE_PATTERNS - Processing patterns: [E, EE, S, ES]
[1785244575] [NOISE_PROTOCOL_DEBUG] WRITE_MESSAGE_START - Pattern: XX, Current: 1/3
[1785244575] [NOISE_PROTOCOL_DEBUG] WRITE_MESSAGE_PATTERN - Processing pattern: E
[1785244575] [NOISE_PROTOCOL_DEBUG] WRITE_MESSAGE_PATTERNS - Processing patterns: [E, EE, S, ES]
[1785244575] [NOISE_PROTOCOL_DEBUG] DECRYPT_AND_HASH_PLAINTEXT - Hash mixed with plaintext
[1785244575] [NOISE_PROTOCOL_DEBUG] WRITE_MESSAGE_E - Generating ephemeral key
[1785244575] [NOISE_PROTOCOL_DEBUG] WRITE_MESSAGE_PATTERN - Processing pattern: E
[1785244575] [NOISE_PROTOCOL_DEBUG] READ_MESSAGE_PAYLOAD_SUCCESS - Payload decrypted successfully, length: 0
[1785244575] [NOISE_PROTOCOL_DEBUG] WRITE_MESSAGE_E - Generating ephemeral key
[1785244575] [NOISE_PROTOCOL_DEBUG] READ_MESSAGE_COMPLETE - Message read successfully, new pattern: 1/3
[1785244575] [NOISE_PROTOCOL_DEBUG] READ_MESSAGE_HASH_AFTER - Hash after read: [181, 63, 67, 138, 206, 26, 30, 255]
[1785244575] [NOISE_PROTOCOL_DEBUG] WRITE_MESSAGE_START - Pattern: XX, Current: 1/3
[1785244575] [NOISE_PROTOCOL_DEBUG] WRITE_MESSAGE_START - Pattern: XX, Current: 0/3
[1785244575] [NOISE_PROTOCOL_DEBUG] READ_MESSAGE_START - Pattern: XX, Current: 0/3
[1785244575] [NOISE_PROTOCOL_DEBUG] WRITE_MESSAGE_PATTERNS - Processing patterns: [E, EE, S, ES]
[1785244575] [NOISE_PROTOCOL_DEBUG] WRITE_MESSAGE_PATTERNS - Processing patterns: [E]
[1785244575] [NOISE_PROTOCOL_DEBUG] READ_MESSAGE_HASH_BEFORE - Hash before read: [243, 209, 94, 97, 8, 237, 149, 86]
[1785244575] [NOISE_PROTOCOL_DEBUG] WRITE_MESSAGE_PATTERN - Processing pattern: E
[1785244575] [NOISE_PROTOCOL_DEBUG] WRITE_MESSAGE_PATTERN - Processing pattern: E
[1785244575] [NOISE_PROTOCOL_DEBUG] READ_MESSAGE_PATTERNS - Processing patterns: [E]
[1785244575] [NOISE_PROTOCOL_DEBUG] WRITE_MESSAGE_E - Generating ephemeral key
[1785244575] [NOISE_PROTOCOL_DEBUG] WRITE_MESSAGE_E - Generating ephemeral key
[1785244575] [NOISE_PROTOCOL_DEBUG] READ_MESSAGE_PATTERN - Processing pattern: E
[1785244575] [NOISE_PROTOCOL_DEBUG] READ_MESSAGE_HASH_BEFORE_PATTERN - Hash before pattern: [243, 209, 94, 97, 8, 237, 149, 86]
[1785244575] [NOISE_PROTOCOL_DEBUG] READ_MESSAGE_E - Reading ephemeral key
[1785244575] [NOISE_PROTOCOL_DEBUG] READ_MESSAGE_E_BYTES - Ephemeral key bytes: [144, 95, 55, 255, 232, 215, 221, 196]
[1785244575] [NOISE_PROTOCOL_DEBUG] READ_MESSAGE_E_DONE - Ephemeral key read, offset: 32
[1785244575] [NOISE_PROTOCOL_DEBUG] READ_MESSAGE_HASH_AFTER_PATTERN - Hash after pattern E: [168, 203, 228, 84, 46, 231, 88, 43]
[1785244575] [NOISE_PROTOCOL_DEBUG] WRITE_MESSAGE_E_DONE - Ephemeral key generated, buffer size: 32
[1785244575] [NOISE_PROTOCOL_DEBUG] READ_MESSAGE_PAYLOAD - Decrypting payload, length: 0
[1785244575] [NOISE_PROTOCOL_DEBUG] WRITE_MESSAGE_PATTERN - Processing pattern: EE
[1785244575] [NOISE_PROTOCOL_DEBUG] DECRYPT_AND_HASH - No cipher key, treating as plaintext, length: 0
[1785244575] [NOISE_PROTOCOL_DEBUG] WRITE_MESSAGE_EE - Performing DH(ephemeral, ephemeral)
[1785244575] [NOISE_PROTOCOL_DEBUG] DECRYPT_AND_HASH_PLAINTEXT - Hash mixed with plaintext
[1785244575] [NOISE_PROTOCOL_DEBUG] WRITE_MESSAGE_E_DONE - Ephemeral key generated, buffer size: 32
[1785244575] [NOISE_PROTOCOL_DEBUG] READ_MESSAGE_PAYLOAD_SUCCESS - Payload decrypted successfully, length: 0
[1785244575] [NOISE_PROTOCOL_DEBUG] WRITE_MESSAGE_PATTERN - Processing pattern: EE
[1785244575] [NOISE_PROTOCOL_DEBUG] READ_MESSAGE_COMPLETE - Message read successfully, new pattern: 1/3
[1785244575] [NOISE_PROTOCOL_DEBUG] WRITE_MESSAGE_EE - Performing DH(ephemeral, ephemeral)
[1785244575] [NOISE_PROTOCOL_DEBUG] READ_MESSAGE_HASH_AFTER - Hash after read: [201, 186, 166, 97, 20, 143, 195, 115]
[1785244575] [NOISE_PROTOCOL_DEBUG] WRITE_MESSAGE_E_DONE - Ephemeral key generated, buffer size: 32
[1785244575] [NOISE_PROTOCOL_DEBUG] WRITE_MESSAGE_START - Pattern: XX, Current: 1/3
[1785244575] [NOISE_PROTOCOL_DEBUG] WRITE_MESSAGE_PATTERN - Processing pattern: EE
[1785244575] [NOISE_PROTOCOL_DEBUG] WRITE_MESSAGE_PATTERNS - Processing patterns: [E, EE, S, ES]
[1785244575] [NOISE_PROTOCOL_DEBUG] WRITE_MESSAGE_EE - Performing DH(ephemeral, ephemeral)
[1785244575] [NOISE_PROTOCOL_DEBUG] WRITE_MESSAGE_PATTERN - Processing pattern: E
[1785244575] [NOISE_PROTOCOL_DEBUG] WRITE_MESSAGE_E_DONE - Ephemeral key generated, buffer size: 32
[1785244575] [NOISE_PROTOCOL_DEBUG] WRITE_MESSAGE_E - Generating ephemeral key
[1785244575] [NOISE_PROTOCOL_DEBUG] WRITE_MESSAGE_ENCRYPT - Encrypting payload of 0 bytes
[1785244575] [NOISE_PROTOCOL_DEBUG] WRITE_MESSAGE_ENCRYPT_DONE - Payload encrypted, total buffer size: 32
[1785244575] [NOISE_PROTOCOL_DEBUG] WRITE_MESSAGE_COMPLETE - Message written, pattern 0 complete
[1785244575] [NOISE_PROTOCOL_DEBUG] HANDSHAKE_INIT - Protocol name: Noise_XX_25519_ChaChaPoly_SHA256
[1785244575] [NOISE_PROTOCOL_DEBUG] HANDSHAKE_INIT - Initial hash: [78, 111, 105, 115, 101, 95, 88, 88]
[1785244575] [NOISE_PROTOCOL_DEBUG] HANDSHAKE_INIT - Initial chaining key: [78, 111, 105, 115, 101, 95, 88, 88]
[1785244575] [NOISE_PROTOCOL_DEBUG] WRITE_MESSAGE_E_DONE - Ephemeral key generated, buffer size: 32
[1785244575] [NOISE_PROTOCOL_DEBUG] WRITE_MESSAGE_PATTERN - Processing pattern: EE
[1785244575] [NOISE_PROTOCOL_DEBUG] WRITE_MESSAGE_EE - Performing DH(ephemeral, ephemeral)
[1785244575] [NOISE_PROTOCOL_DEBUG] READ_MESSAGE_START - Pattern: XX, Current: 0/3
[1785244575] [NOISE_PROTOCOL_DEBUG] READ_MESSAGE_HASH_BEFORE - Hash before read: [243, 209, 94, 97, 8, 237, 149, 86]
[1785244575] [NOISE_PROTOCOL_DEBUG] READ_MESSAGE_PATTERNS - Processing patterns: [E]
[1785244575] [NOISE_PROTOCOL_DEBUG] READ_MESSAGE_PATTERN - Processing pattern: E
[1785244575] [NOISE_PROTOCOL_DEBUG] READ_MESSAGE_HASH_BEFORE_PATTERN - Hash before pattern: [243, 209, 94, 97, 8, 237, 149, 86]
[1785244575] [NOISE_PROTOCOL_DEBUG] READ_MESSAGE_E - Reading ephemeral key
[1785244575] [NOISE_PROTOCOL_DEBUG] READ_MESSAGE_E_BYTES - Ephemeral key bytes: [219, 217, 228, 84, 252, 151, 128, 182]
[1785244575] [NOISE_PROTOCOL_DEBUG] WRITE_MESSAGE_EE_DONE - DH(ephemeral, ephemeral) completed
[1785244575] [NOISE_PROTOCOL_DEBUG] WRITE_MESSAGE_PATTERN - Processing pattern: S
[1785244575] [NOISE_PROTOCOL_DEBUG] READ_MESSAGE_E_DONE - Ephemeral key read, offset: 32
[1785244575] [NOISE_PROTOCOL_DEBUG] WRITE_MESSAGE_S - Sending static key
[1785244575] [NOISE_PROTOCOL_DEBUG] READ_MESSAGE_HASH_AFTER_PATTERN - Hash after pattern E: [141, 129, 136, 214, 34, 120, 182, 162]
[1785244575] [NOISE_PROTOCOL_DEBUG] CIPHER_ENCRYPT - Encrypting with key, plaintext length: 32
[1785244575] [NOISE_PROTOCOL_DEBUG] READ_MESSAGE_PAYLOAD - Decrypting payload, length: 0
[1785244575] [NOISE_PROTOCOL_DEBUG] DECRYPT_AND_HASH - No cipher key, treating as plaintext, length: 0
[1785244575] [NOISE_PROTOCOL_DEBUG] CIPHER_ENCRYPT_KEY - Key length: 32
[1785244575] [NOISE_PROTOCOL_DEBUG] CIPHER_ENCRYPT_NONCE - Current nonce: 0
[1785244575] [NOISE_PROTOCOL_DEBUG] DECRYPT_AND_HASH_PLAINTEXT - Hash mixed with plaintext
[1785244575] [NOISE_PROTOCOL_DEBUG] CIPHER_ENCRYPT_ASSOCIATED_DATA - Associated data length: 32
[1785244575] [NOISE_PROTOCOL_DEBUG] READ_MESSAGE_PAYLOAD_SUCCESS - Payload decrypted successfully, length: 0
[1785244575] [NOISE_PROTOCOL_DEBUG] WRITE_MESSAGE_EE_DONE - DH(ephemeral, ephemeral) completed
[1785244575] [NOISE_PROTOCOL_DEBUG] READ_MESSAGE_COMPLETE - Message read successfully, new pattern: 1/3
[1785244575] [NOISE_PROTOCOL_DEBUG] WRITE_MESSAGE_PATTERN - Processing pattern: S
[1785244575] [NOISE_PROTOCOL_DEBUG] READ_MESSAGE_HASH_AFTER - Hash after read: [71, 128, 89, 155, 221, 82, 201, 236]
[1785244575] [NOISE_PROTOCOL_DEBUG] WRITE_MESSAGE_S - Sending static key
[1785244575] [NOISE_PROTOCOL_DEBUG] WRITE_MESSAGE_START - Pattern: XX, Current: 1/3
[1785244575] [NOISE_PROTOCOL_DEBUG] CIPHER_ENCRYPT - Encrypting with key, plaintext length: 32
[1785244575] [NOISE_PROTOCOL_DEBUG] WRITE_MESSAGE_PATTERNS - Processing patterns: [E, EE, S, ES]
[1785244575] [NOISE_PROTOCOL_DEBUG] CIPHER_ENCRYPT_KEY - Key length: 32
[1785244575] [NOISE_PROTOCOL_DEBUG] WRITE_MESSAGE_EE_DONE - DH(ephemeral, ephemeral) completed
[1785244575] [NOISE_PROTOCOL_DEBUG] WRITE_MESSAGE_PATTERN - Processing pattern: E
[1785244575] [NOISE_PROTOCOL_DEBUG] CIPHER_ENCRYPT_NONCE - Current nonce: 0
[1785244575] [NOISE_PROTOCOL_DEBUG] WRITE_MESSAGE_PATTERN - Processing pattern: S
[1785244575] [NOISE_PROTOCOL_DEBUG] WRITE_MESSAGE_E - Generating ephemeral key
[1785244575] [NOISE_PROTOCOL_DEBUG] CIPHER_ENCRYPT_ASSOCIATED_DATA - Associated data length: 32
[1785244575] [NOISE_PROTOCOL_DEBUG] WRITE_MESSAGE_S - Sending static key
[1785244575] [NOISE_PROTOCOL_DEBUG] CIPHER_ENCRYPT - Encrypting with key, plaintext length: 32
[1785244575] [NOISE_PROTOCOL_DEBUG] CIPHER_ENCRYPT_KEY - Key length: 32
[1785244575] [NOISE_PROTOCOL_DEBUG] CIPHER_ENCRYPT_NONCE - Current nonce: 0
[1785244575] [NOISE_PROTOCOL_DEBUG] CIPHER_ENCRYPT_ASSOCIATED_DATA - Associated data length: 32
[1785244575] [NOISE_PROTOCOL_DEBUG] CIPHER_ENCRYPT_SUCCESS - Encryption successful, ciphertext length: 48
[1785244575] [NOISE_PROTOCOL_DEBUG] WRITE_MESSAGE_S_DONE - Static key encrypted and sent, buffer size: 80
[1785244575] [NOISE_PROTOCOL_DEBUG] WRITE_MESSAGE_PATTERN - Processing pattern: ES
[1785244575] [NOISE_PROTOCOL_DEBUG] WRITE_MESSAGE_ES - Performing DH(ephemeral, static), role: Responder
[1785244575] [NOISE_PROTOCOL_DEBUG] CIPHER_ENCRYPT_SUCCESS - Encryption successful, ciphertext length: 48
[1785244575] [NOISE_PROTOCOL_DEBUG] WRITE_MESSAGE_S_DONE - Static key encrypted and sent, buffer size: 80
[1785244575] [NOISE_PROTOCOL_DEBUG] CIPHER_ENCRYPT_SUCCESS - Encryption successful, ciphertext length: 48
[1785244575] [NOISE_PROTOCOL_DEBUG] WRITE_MESSAGE_PATTERN - Processing pattern: ES
[1785244575] [NOISE_PROTOCOL_DEBUG] WRITE_MESSAGE_E_DONE - Ephemeral key generated, buffer size: 32
[1785244575] [NOISE_PROTOCOL_DEBUG] WRITE_MESSAGE_ES - Performing DH(ephemeral, static), role: Responder
[1785244575] [NOISE_PROTOCOL_DEBUG] WRITE_MESSAGE_S_DONE - Static key encrypted and sent, buffer size: 80
[1785244575] [NOISE_PROTOCOL_DEBUG] WRITE_MESSAGE_PATTERN - Processing pattern: EE
[1785244575] [NOISE_PROTOCOL_DEBUG] WRITE_MESSAGE_PATTERN - Processing pattern: ES
[1785244575] [NOISE_PROTOCOL_DEBUG] WRITE_MESSAGE_EE - Performing DH(ephemeral, ephemeral)
[1785244575] [NOISE_PROTOCOL_DEBUG] WRITE_MESSAGE_ES - Performing DH(ephemeral, static), role: Responder
[1785244575] [NOISE_PROTOCOL_DEBUG] WRITE_MESSAGE_EE_DONE - DH(ephemeral, ephemeral) completed
[1785244575] [NOISE_PROTOCOL_DEBUG] WRITE_MESSAGE_PATTERN - Processing pattern: S
[1785244575] [NOISE_PROTOCOL_DEBUG] WRITE_MESSAGE_S - Sending static key
[1785244575] [NOISE_PROTOCOL_DEBUG] CIPHER_ENCRYPT - Encrypting with key, plaintext length: 32
[1785244575] [NOISE_PROTOCOL_DEBUG] CIPHER_ENCRYPT_KEY - Key length: 32
[1785244575] [NOISE_PROTOCOL_DEBUG] CIPHER_ENCRYPT_NONCE - Current nonce: 0
[1785244575] [NOISE_PROTOCOL_DEBUG] CIPHER_ENCRYPT_ASSOCIATED_DATA - Associated data length: 32
[1785244575] [NOISE_PROTOCOL_DEBUG] CIPHER_ENCRYPT_SUCCESS - Encryption successful, ciphertext length: 48
[1785244575] [NOISE_PROTOCOL_DEBUG] WRITE_MESSAGE_S_DONE - Static key encrypted and sent, buffer size: 80
[1785244575] [NOISE_PROTOCOL_DEBUG] WRITE_MESSAGE_PATTERN - Processing pattern: ES
[1785244575] [NOISE_PROTOCOL_DEBUG] WRITE_MESSAGE_ES - Performing DH(ephemeral, static), role: Responder
[1785244575] [NOISE_PROTOCOL_DEBUG] WRITE_MESSAGE_ES_DONE - DH(ephemeral, static) completed for responder
[1785244575] [NOISE_PROTOCOL_DEBUG] WRITE_MESSAGE_ENCRYPT - Encrypting payload of 0 bytes
[1785244575] [NOISE_PROTOCOL_DEBUG] CIPHER_ENCRYPT - Encrypting with key, plaintext length: 0
[1785244575] [NOISE_PROTOCOL_DEBUG] WRITE_MESSAGE_ES_DONE - DH(ephemeral, static) completed for responder
[1785244575] [NOISE_PROTOCOL_DEBUG] CIPHER_ENCRYPT_KEY - Key length: 32
[1785244575] [NOISE_PROTOCOL_DEBUG] WRITE_MESSAGE_ENCRYPT - Encrypting payload of 0 bytes
[1785244575] [NOISE_PROTOCOL_DEBUG] CIPHER_ENCRYPT_NONCE - Current nonce: 0
[1785244575] [NOISE_PROTOCOL_DEBUG] CIPHER_ENCRYPT - Encrypting with key, plaintext length: 0
[1785244575] [NOISE_PROTOCOL_DEBUG] CIPHER_ENCRYPT_ASSOCIATED_DATA - Associated data length: 32
[1785244575] [NOISE_PROTOCOL_DEBUG] CIPHER_ENCRYPT_KEY - Key length: 32
[1785244575] [NOISE_PROTOCOL_DEBUG] CIPHER_ENCRYPT_NONCE - Current nonce: 0
[1785244575] [NOISE_PROTOCOL_DEBUG] CIPHER_ENCRYPT_ASSOCIATED_DATA - Associated data length: 32
[1785244575] [NOISE_PROTOCOL_DEBUG] WRITE_MESSAGE_ES_DONE - DH(ephemeral, static) completed for responder
[1785244575] [NOISE_PROTOCOL_DEBUG] WRITE_MESSAGE_ENCRYPT - Encrypting payload of 0 bytes
[1785244575] [NOISE_PROTOCOL_DEBUG] CIPHER_ENCRYPT - Encrypting with key, plaintext length: 0
[1785244575] [NOISE_PROTOCOL_DEBUG] CIPHER_ENCRYPT_KEY - Key length: 32
[1785244575] [NOISE_PROTOCOL_DEBUG] CIPHER_ENCRYPT_NONCE - Current nonce: 0
[1785244575] [NOISE_PROTOCOL_DEBUG] CIPHER_ENCRYPT_SUCCESS - Encryption successful, ciphertext length: 16
[1785244575] [NOISE_PROTOCOL_DEBUG] CIPHER_ENCRYPT_ASSOCIATED_DATA - Associated data length: 32
[1785244575] [NOISE_PROTOCOL_DEBUG] WRITE_MESSAGE_EE_DONE - DH(ephemeral, ephemeral) completed
[1785244575] [NOISE_PROTOCOL_DEBUG] WRITE_MESSAGE_ENCRYPT_DONE - Payload encrypted, total buffer size: 96
[1785244575] [NOISE_PROTOCOL_DEBUG] WRITE_MESSAGE_COMPLETE - Message written, pattern 1 complete
[1785244575] [NOISE_PROTOCOL_DEBUG] WRITE_MESSAGE_PATTERN - Processing pattern: S
[1785244575] [NOISE_PROTOCOL_DEBUG] CIPHER_ENCRYPT_SUCCESS - Encryption successful, ciphertext length: 16
[1785244575] [NOISE_PROTOCOL_DEBUG] WRITE_MESSAGE_S - Sending static key
[1785244575] [NOISE_PROTOCOL_DEBUG] WRITE_MESSAGE_ENCRYPT_DONE - Payload encrypted, total buffer size: 96
[1785244575] [NOISE_PROTOCOL_DEBUG] CIPHER_ENCRYPT - Encrypting with key, plaintext length: 32
[1785244575] [NOISE_PROTOCOL_DEBUG] WRITE_MESSAGE_COMPLETE - Message written, pattern 1 complete
[1785244575] [NOISE_PROTOCOL_DEBUG] READ_MESSAGE_START - Pattern: XX, Current: 1/3
[1785244575] [NOISE_PROTOCOL_DEBUG] CIPHER_ENCRYPT_KEY - Key length: 32
[1785244575] [NOISE_PROTOCOL_DEBUG] READ_MESSAGE_HASH_BEFORE - Hash before read: [84, 205, 198, 177, 131, 209, 42, 78]
[1785244575] [NOISE_PROTOCOL_DEBUG] CIPHER_ENCRYPT_SUCCESS - Encryption successful, ciphertext length: 16
[1785244575] [NOISE_PROTOCOL_DEBUG] CIPHER_ENCRYPT_NONCE - Current nonce: 0
[1785244575] [NOISE_PROTOCOL_DEBUG] READ_MESSAGE_PATTERNS - Processing patterns: [E, EE, S, ES]
[1785244575] [NOISE_PROTOCOL_DEBUG] READ_MESSAGE_PATTERN - Processing pattern: E
[1785244575] [NOISE_PROTOCOL_DEBUG] CIPHER_ENCRYPT_ASSOCIATED_DATA - Associated data length: 32
[1785244575] [NOISE_PROTOCOL_DEBUG] READ_MESSAGE_HASH_BEFORE_PATTERN - Hash before pattern: [84, 205, 198, 177, 131, 209, 42, 78]
[1785244575] [NOISE_PROTOCOL_DEBUG] READ_MESSAGE_START - Pattern: XX, Current: 1/3
[1785244575] [NOISE_PROTOCOL_DEBUG] WRITE_MESSAGE_ENCRYPT_DONE - Payload encrypted, total buffer size: 96
[1785244575] [NOISE_PROTOCOL_DEBUG] READ_MESSAGE_E - Reading ephemeral key
[1785244575] [NOISE_PROTOCOL_DEBUG] READ_MESSAGE_HASH_BEFORE - Hash before read: [193, 5, 206, 59, 109, 208, 84, 23]
[1785244575] [NOISE_PROTOCOL_DEBUG] WRITE_MESSAGE_COMPLETE - Message written, pattern 1 complete
[1785244575] [NOISE_PROTOCOL_DEBUG] READ_MESSAGE_E_BYTES - Ephemeral key bytes: [200, 250, 1, 168, 12, 237, 69, 252]
[1785244575] [NOISE_PROTOCOL_DEBUG] READ_MESSAGE_PATTERNS - Processing patterns: [E, EE, S, ES]
[1785244575] [NOISE_PROTOCOL_DEBUG] READ_MESSAGE_PATTERN - Processing pattern: E
[1785244575] [NOISE_PROTOCOL_DEBUG] READ_MESSAGE_E_DONE - Ephemeral key read, offset: 32
[1785244575] [NOISE_PROTOCOL_DEBUG] READ_MESSAGE_HASH_BEFORE_PATTERN - Hash before pattern: [193, 5, 206, 59, 109, 208, 84, 23]
[1785244575] [NOISE_PROTOCOL_DEBUG] READ_MESSAGE_HASH_AFTER_PATTERN - Hash after pattern E: [175, 87, 76, 202, 68, 133, 97, 19]
[1785244575] [NOISE_PROTOCOL_DEBUG] READ_MESSAGE_E - Reading ephemeral key
[1785244575] [NOISE_PROTOCOL_DEBUG] READ_MESSAGE_START - Pattern: XX, Current: 1/3
[1785244575] [NOISE_PROTOCOL_DEBUG] READ_MESSAGE_PATTERN - Processing pattern: EE
[1785244575] [NOISE_PROTOCOL_DEBUG] READ_MESSAGE_E_BYTES - Ephemeral key bytes: [27, 177, 80, 172, 210, 158, 88, 75]
[1785244575] [NOISE_PROTOCOL_DEBUG] READ_MESSAGE_HASH_BEFORE - Hash before read: [181, 63, 67, 138, 206, 26, 30, 255]
[1785244575] [NOISE_PROTOCOL_DEBUG] READ_MESSAGE_HASH_BEFORE_PATTERN - Hash before pattern: [175, 87, 76, 202, 68, 133, 97, 19]
[1785244575] [NOISE_PROTOCOL_DEBUG] READ_MESSAGE_PATTERNS - Processing patterns: [E, EE, S, ES]
[1785244575] [NOISE_PROTOCOL_DEBUG] READ_MESSAGE_E_DONE - Ephemeral key read, offset: 32
[1785244575] [NOISE_PROTOCOL_DEBUG] READ_MESSAGE_EE - Performing DH(ephemeral, ephemeral)
[1785244575] [NOISE_PROTOCOL_DEBUG] READ_MESSAGE_PATTERN - Processing pattern: E
[1785244575] [NOISE_PROTOCOL_DEBUG] READ_MESSAGE_HASH_AFTER_PATTERN - Hash after pattern E: [19, 150, 213, 160, 183, 131, 102, 25]
[1785244575] [NOISE_PROTOCOL_DEBUG] READ_MESSAGE_PATTERN - Processing pattern: EE
[1785244575] [NOISE_PROTOCOL_DEBUG] READ_MESSAGE_HASH_BEFORE_PATTERN - Hash before pattern: [181, 63, 67, 138, 206, 26, 30, 255]
[1785244575] [NOISE_PROTOCOL_DEBUG] READ_MESSAGE_HASH_BEFORE_PATTERN - Hash before pattern: [19, 150, 213, 160, 183, 131, 102, 25]
[1785244575] [NOISE_PROTOCOL_DEBUG] READ_MESSAGE_E - Reading ephemeral key
[1785244575] [NOISE_PROTOCOL_DEBUG] CIPHER_ENCRYPT_SUCCESS - Encryption successful, ciphertext length: 48
[1785244575] [NOISE_PROTOCOL_DEBUG] READ_MESSAGE_EE - Performing DH(ephemeral, ephemeral)
[1785244575] [NOISE_PROTOCOL_DEBUG] READ_MESSAGE_E_BYTES - Ephemeral key bytes: [222, 233, 198, 177, 172, 151, 9, 47]
[1785244575] [NOISE_PROTOCOL_DEBUG] WRITE_MESSAGE_S_DONE - Static key encrypted and sent, buffer size: 80
[1785244575] [NOISE_PROTOCOL_DEBUG] READ_MESSAGE_E_DONE - Ephemeral key read, offset: 32
[1785244575] [NOISE_PROTOCOL_DEBUG] WRITE_MESSAGE_PATTERN - Processing pattern: ES
[1785244575] [NOISE_PROTOCOL_DEBUG] READ_MESSAGE_HASH_AFTER_PATTERN - Hash after pattern E: [13, 64, 114, 102, 186, 215, 80, 102]
[1785244575] [NOISE_PROTOCOL_DEBUG] WRITE_MESSAGE_ES - Performing DH(ephemeral, static), role: Responder
[1785244575] [NOISE_PROTOCOL_DEBUG] READ_MESSAGE_PATTERN - Processing pattern: EE
[1785244575] [NOISE_PROTOCOL_DEBUG] READ_MESSAGE_HASH_BEFORE_PATTERN - Hash before pattern: [13, 64, 114, 102, 186, 215, 80, 102]
[1785244575] [NOISE_PROTOCOL_DEBUG] READ_MESSAGE_EE - Performing DH(ephemeral, ephemeral)
[1785244575] [NOISE_PROTOCOL_DEBUG] WRITE_MESSAGE_ES_DONE - DH(ephemeral, static) completed for responder
[1785244575] [NOISE_PROTOCOL_DEBUG] WRITE_MESSAGE_ENCRYPT - Encrypting payload of 0 bytes
[1785244575] [NOISE_PROTOCOL_DEBUG] CIPHER_ENCRYPT - Encrypting with key, plaintext length: 0
[1785244575] [NOISE_PROTOCOL_DEBUG] CIPHER_ENCRYPT_KEY - Key length: 32
[1785244575] [NOISE_PROTOCOL_DEBUG] CIPHER_ENCRYPT_NONCE - Current nonce: 0
[1785244575] [NOISE_PROTOCOL_DEBUG] CIPHER_ENCRYPT_ASSOCIATED_DATA - Associated data length: 32
[1785244575] [NOISE_PROTOCOL_DEBUG] CIPHER_ENCRYPT_SUCCESS - Encryption successful, ciphertext length: 16
[1785244575] [NOISE_PROTOCOL_DEBUG] READ_MESSAGE_EE_DONE - DH(ephemeral, ephemeral) completed
[1785244575] [NOISE_PROTOCOL_DEBUG] READ_MESSAGE_HASH_AFTER_PATTERN - Hash after pattern EE: [175, 87, 76, 202, 68, 133, 97, 19]
[1785244575] [NOISE_PROTOCOL_DEBUG] WRITE_MESSAGE_ENCRYPT_DONE - Payload encrypted, total buffer size: 96
[1785244575] [NOISE_PROTOCOL_DEBUG] READ_MESSAGE_PATTERN - Processing pattern: S
[1785244575] [NOISE_PROTOCOL_DEBUG] WRITE_MESSAGE_COMPLETE - Message written, pattern 1 complete
[1785244575] [NOISE_PROTOCOL_DEBUG] READ_MESSAGE_HASH_BEFORE_PATTERN - Hash before pattern: [175, 87, 76, 202, 68, 133, 97, 19]
[1785244575] [NOISE_PROTOCOL_DEBUG] READ_MESSAGE_EE_DONE - DH(ephemeral, ephemeral) completed
[1785244575] [NOISE_PROTOCOL_DEBUG] READ_MESSAGE_S - Reading static key
[1785244575] [NOISE_PROTOCOL_DEBUG] READ_MESSAGE_HASH_AFTER_PATTERN - Hash after pattern EE: [19, 150, 213, 160, 183, 131, 102, 25]
[1785244575] [NOISE_PROTOCOL_DEBUG] READ_MESSAGE_S_CHECK - Checking static key length: need 48 bytes, available 64 bytes, has_cipher_key: true
[1785244575] [NOISE_PROTOCOL_DEBUG] READ_MESSAGE_PATTERN - Processing pattern: S
[1785244575] [NOISE_PROTOCOL_DEBUG] READ_MESSAGE_S_DATA - Static key data length: 48, has_cipher_key: true
[1785244575] [NOISE_PROTOCOL_DEBUG] READ_MESSAGE_START - Pattern: XX, Current: 1/3
[1785244575] [NOISE_PROTOCOL_DEBUG] DECRYPT_AND_HASH - Decrypting with cipher key, ciphertext length: 48
[1785244575] [NOISE_PROTOCOL_DEBUG] READ_MESSAGE_HASH_BEFORE_PATTERN - Hash before pattern: [19, 150, 213, 160, 183, 131, 102, 25]
[1785244575] [NOISE_PROTOCOL_DEBUG] READ_MESSAGE_HASH_BEFORE - Hash before read: [201, 186, 166, 97, 20, 143, 195, 115]
[1785244575] [NOISE_PROTOCOL_DEBUG] DECRYPT_AND_HASH_HASH - Current hash length: 32
[1785244575] [NOISE_PROTOCOL_DEBUG] READ_MESSAGE_S - Reading static key
[1785244575] [NOISE_PROTOCOL_DEBUG] DECRYPT_AND_HASH_HASH_BYTES - Hash bytes: [175, 87, 76, 202, 68, 133, 97, 19]
[1785244575] [NOISE_PROTOCOL_DEBUG] READ_MESSAGE_PATTERNS - Processing patterns: [E, EE, S, ES]
[1785244575] [NOISE_PROTOCOL_DEBUG] READ_MESSAGE_S_CHECK - Checking static key length: need 48 bytes, available 64 bytes, has_cipher_key: true
[1785244575] [NOISE_PROTOCOL_DEBUG] CIPHER_DECRYPT - Decrypting with key, ciphertext length: 48
[1785244575] [NOISE_PROTOCOL_DEBUG] READ_MESSAGE_PATTERN - Processing pattern: E
[1785244575] [NOISE_PROTOCOL_DEBUG] READ_MESSAGE_S_DATA - Static key data length: 48, has_cipher_key: true
[1785244575] [NOISE_PROTOCOL_DEBUG] READ_MESSAGE_HASH_BEFORE_PATTERN - Hash before pattern: [201, 186, 166, 97, 20, 143, 195, 115]
[1785244575] [NOISE_PROTOCOL_DEBUG] DECRYPT_AND_HASH - Decrypting with cipher key, ciphertext length: 48
[1785244575] [NOISE_PROTOCOL_DEBUG] READ_MESSAGE_E - Reading ephemeral key
[1785244575] [NOISE_PROTOCOL_DEBUG] DECRYPT_AND_HASH_HASH - Current hash length: 32
[1785244575] [NOISE_PROTOCOL_DEBUG] READ_MESSAGE_E_BYTES - Ephemeral key bytes: [87, 4, 26, 212, 218, 126, 6, 29]
[1785244575] [NOISE_PROTOCOL_DEBUG] DECRYPT_AND_HASH_HASH_BYTES - Hash bytes: [19, 150, 213, 160, 183, 131, 102, 25]
[1785244575] [NOISE_PROTOCOL_DEBUG] CIPHER_DECRYPT - Decrypting with key, ciphertext length: 48
[1785244575] [NOISE_PROTOCOL_DEBUG] READ_MESSAGE_E_DONE - Ephemeral key read, offset: 32
[1785244575] [NOISE_PROTOCOL_DEBUG] READ_MESSAGE_HASH_AFTER_PATTERN - Hash after pattern E: [186, 129, 150, 78, 231, 107, 40, 172]
[1785244575] [NOISE_PROTOCOL_DEBUG] READ_MESSAGE_PATTERN - Processing pattern: EE
[1785244575] [NOISE_PROTOCOL_DEBUG] READ_MESSAGE_HASH_BEFORE_PATTERN - Hash before pattern: [186, 129, 150, 78, 231, 107, 40, 172]
[1785244575] [NOISE_PROTOCOL_DEBUG] CIPHER_DECRYPT_SUCCESS - Decryption successful, plaintext length: 32
[1785244575] [NOISE_PROTOCOL_DEBUG] WRITE_MESSAGE_ES_DONE - DH(ephemeral, static) completed for responder
[1785244575] [NOISE_PROTOCOL_DEBUG] READ_MESSAGE_EE_DONE - DH(ephemeral, ephemeral) completed
[1785244575] [NOISE_PROTOCOL_DEBUG] READ_MESSAGE_EE - Performing DH(ephemeral, ephemeral)
[1785244575] [NOISE_PROTOCOL_DEBUG] DECRYPT_AND_HASH_SUCCESS - Decryption successful, plaintext length: 32
[1785244575] [NOISE_PROTOCOL_DEBUG] WRITE_MESSAGE_ENCRYPT - Encrypting payload of 0 bytes
[1785244575] [NOISE_PROTOCOL_DEBUG] READ_MESSAGE_HASH_AFTER_PATTERN - Hash after pattern EE: [13, 64, 114, 102, 186, 215, 80, 102]
[1785244575] [NOISE_PROTOCOL_DEBUG] CIPHER_ENCRYPT - Encrypting with key, plaintext length: 0
[1785244575] [NOISE_PROTOCOL_DEBUG] READ_MESSAGE_PATTERN - Processing pattern: S
[1785244575] [NOISE_PROTOCOL_DEBUG] DECRYPT_AND_HASH_HASH_MIXED - Hash mixed with ciphertext
[1785244575] [NOISE_PROTOCOL_DEBUG] CIPHER_ENCRYPT_KEY - Key length: 32
[1785244575] [NOISE_PROTOCOL_DEBUG] READ_MESSAGE_HASH_BEFORE_PATTERN - Hash before pattern: [13, 64, 114, 102, 186, 215, 80, 102]
[1785244575] [NOISE_PROTOCOL_DEBUG] CIPHER_ENCRYPT_NONCE - Current nonce: 0
[1785244575] [NOISE_PROTOCOL_DEBUG] READ_MESSAGE_S_DONE - Static key read and validated successfully
[1785244575] [NOISE_PROTOCOL_DEBUG] CIPHER_DECRYPT_SUCCESS - Decryption successful, plaintext length: 32
[1785244575] [NOISE_PROTOCOL_DEBUG] READ_MESSAGE_S - Reading static key
[1785244575] [NOISE_PROTOCOL_DEBUG] CIPHER_ENCRYPT_ASSOCIATED_DATA - Associated data length: 32
[1785244575] [NOISE_PROTOCOL_DEBUG] READ_MESSAGE_HASH_AFTER_PATTERN - Hash after pattern S: [168, 63, 148, 117, 125, 99, 240, 203]
[1785244575] [NOISE_PROTOCOL_DEBUG] DECRYPT_AND_HASH_SUCCESS - Decryption successful, plaintext length: 32
[1785244575] [NOISE_PROTOCOL_DEBUG] READ_MESSAGE_S_CHECK - Checking static key length: need 48 bytes, available 64 bytes, has_cipher_key: true
[1785244575] [NOISE_PROTOCOL_DEBUG] READ_MESSAGE_PATTERN - Processing pattern: ES
[1785244575] [NOISE_PROTOCOL_DEBUG] READ_MESSAGE_S_DATA - Static key data length: 48, has_cipher_key: true
[1785244575] [NOISE_PROTOCOL_DEBUG] DECRYPT_AND_HASH_HASH_MIXED - Hash mixed with ciphertext
[1785244575] [NOISE_PROTOCOL_DEBUG] READ_MESSAGE_HASH_BEFORE_PATTERN - Hash before pattern: [168, 63, 148, 117, 125, 99, 240, 203]
[1785244575] [NOISE_PROTOCOL_DEBUG] DECRYPT_AND_HASH - Decrypting with cipher key, ciphertext length: 48
[1785244575] [NOISE_PROTOCOL_DEBUG] READ_MESSAGE_S_DONE - Static key read and validated successfully
[1785244575] [NOISE_PROTOCOL_DEBUG] READ_MESSAGE_ES - Performing DH(ephemeral, static)
[1785244575] [NOISE_PROTOCOL_DEBUG] DECRYPT_AND_HASH_HASH - Current hash length: 32
[1785244575] [NOISE_PROTOCOL_DEBUG] READ_MESSAGE_HASH_AFTER_PATTERN - Hash after pattern S: [148, 15, 165, 67, 23, 237, 167, 42]
[1785244575] [NOISE_PROTOCOL_DEBUG] DECRYPT_AND_HASH_HASH_BYTES - Hash bytes: [13, 64, 114, 102, 186, 215, 80, 102]
[1785244575] [NOISE_PROTOCOL_DEBUG] READ_MESSAGE_PATTERN - Processing pattern: ES
[1785244575] [NOISE_PROTOCOL_DEBUG] CIPHER_ENCRYPT_SUCCESS - Encryption successful, ciphertext length: 16
[1785244575] [NOISE_PROTOCOL_DEBUG] CIPHER_DECRYPT - Decrypting with key, ciphertext length: 48
[1785244575] [NOISE_PROTOCOL_DEBUG] READ_MESSAGE_HASH_BEFORE_PATTERN - Hash before pattern: [148, 15, 165, 67, 23, 237, 167, 42]
[1785244575] [NOISE_PROTOCOL_DEBUG] READ_MESSAGE_ES - Performing DH(ephemeral, static)
[1785244575] [NOISE_PROTOCOL_DEBUG] WRITE_MESSAGE_ENCRYPT_DONE - Payload encrypted, total buffer size: 96
[1785244575] [NOISE_PROTOCOL_DEBUG] WRITE_MESSAGE_COMPLETE - Message written, pattern 1 complete
[1785244575] [NOISE_PROTOCOL_DEBUG] READ_MESSAGE_START - Pattern: XX, Current: 1/3
[1785244575] [NOISE_PROTOCOL_DEBUG] READ_MESSAGE_HASH_BEFORE - Hash before read: [71, 128, 89, 155, 221, 82, 201, 236]
[1785244575] [NOISE_PROTOCOL_DEBUG] READ_MESSAGE_PATTERNS - Processing patterns: [E, EE, S, ES]
[1785244575] [NOISE_PROTOCOL_DEBUG] READ_MESSAGE_PATTERN - Processing pattern: E
[1785244575] [NOISE_PROTOCOL_DEBUG] CIPHER_DECRYPT_SUCCESS - Decryption successful, plaintext length: 32
[1785244575] [NOISE_PROTOCOL_DEBUG] READ_MESSAGE_HASH_BEFORE_PATTERN - Hash before pattern: [71, 128, 89, 155, 221, 82, 201, 236]
[1785244575] [NOISE_PROTOCOL_DEBUG] DECRYPT_AND_HASH_SUCCESS - Decryption successful, plaintext length: 32
[1785244575] [NOISE_PROTOCOL_DEBUG] READ_MESSAGE_E - Reading ephemeral key
[1785244575] [NOISE_PROTOCOL_DEBUG] READ_MESSAGE_E_BYTES - Ephemeral key bytes: [222, 18, 144, 109, 81, 120, 209, 27]
[1785244575] [NOISE_PROTOCOL_DEBUG] DECRYPT_AND_HASH_HASH_MIXED - Hash mixed with ciphertext
[1785244575] [NOISE_PROTOCOL_DEBUG] READ_MESSAGE_S_DONE - Static key read and validated successfully
[1785244575] [NOISE_PROTOCOL_DEBUG] READ_MESSAGE_E_DONE - Ephemeral key read, offset: 32
[1785244575] [NOISE_PROTOCOL_DEBUG] READ_MESSAGE_HASH_AFTER_PATTERN - Hash after pattern S: [249, 60, 196, 113, 129, 4, 90, 153]
[1785244575] [NOISE_PROTOCOL_DEBUG] READ_MESSAGE_HASH_AFTER_PATTERN - Hash after pattern E: [29, 185, 121, 115, 130, 190, 122, 191]
[1785244575] [NOISE_PROTOCOL_DEBUG] READ_MESSAGE_PATTERN - Processing pattern: ES
[1785244575] [NOISE_PROTOCOL_DEBUG] READ_MESSAGE_PATTERN - Processing pattern: EE
[1785244575] [NOISE_PROTOCOL_DEBUG] READ_MESSAGE_HASH_BEFORE_PATTERN - Hash before pattern: [249, 60, 196, 113, 129, 4, 90, 153]
[1785244575] [NOISE_PROTOCOL_DEBUG] READ_MESSAGE_HASH_BEFORE_PATTERN - Hash before pattern: [29, 185, 121, 115, 130, 190, 122, 191]
[1785244575] [NOISE_PROTOCOL_DEBUG] READ_MESSAGE_ES - Performing DH(ephemeral, static)
[1785244575] [NOISE_PROTOCOL_DEBUG] READ_MESSAGE_EE - Performing DH(ephemeral, ephemeral)
[1785244575] [NOISE_PROTOCOL_DEBUG] READ_MESSAGE_ES_DONE - DH(ephemeral, static) completed
[1785244575] [NOISE_PROTOCOL_DEBUG] READ_MESSAGE_HASH_AFTER_PATTERN - Hash after pattern ES: [168, 63, 148, 117, 125, 99, 240, 203]
[1785244575] [NOISE_PROTOCOL_DEBUG] READ_MESSAGE_PAYLOAD - Decrypting payload, length: 16
[1785244575] [NOISE_PROTOCOL_DEBUG] DECRYPT_AND_HASH - Decrypting with cipher key, ciphertext length: 16
[1785244575] [NOISE_PROTOCOL_DEBUG] DECRYPT_AND_HASH_HASH - Current hash length: 32
[1785244575] [NOISE_PROTOCOL_DEBUG] DECRYPT_AND_HASH_HASH_BYTES - Hash bytes: [168, 63, 148, 117, 125, 99, 240, 203]
[1785244575] [NOISE_PROTOCOL_DEBUG] CIPHER_DECRYPT - Decrypting with key, ciphertext length: 16
[1785244575] [NOISE_PROTOCOL_DEBUG] READ_MESSAGE_ES_DONE - DH(ephemeral, static) completed
[1785244575] [NOISE_PROTOCOL_DEBUG] READ_MESSAGE_HASH_AFTER_PATTERN - Hash after pattern ES: [148, 15, 165, 67, 23, 237, 167, 42]
[1785244575] [NOISE_PROTOCOL_DEBUG] READ_MESSAGE_EE_DONE - DH(ephemeral, ephemeral) completed
[1785244575] [NOISE_PROTOCOL_DEBUG] READ_MESSAGE_PAYLOAD - Decrypting payload, length: 16
[1785244575] [NOISE_PROTOCOL_DEBUG] DECRYPT_AND_HASH - Decrypting with cipher key, ciphertext length: 16
[1785244575] [NOISE_PROTOCOL_DEBUG] READ_MESSAGE_HASH_AFTER_PATTERN - Hash after pattern EE: [186, 129, 150, 78, 231, 107, 40, 172]
[1785244575] [NOISE_PROTOCOL_DEBUG] DECRYPT_AND_HASH_HASH - Current hash length: 32
[1785244575] [NOISE_PROTOCOL_DEBUG] READ_MESSAGE_PATTERN - Processing pattern: S
[1785244575] [NOISE_PROTOCOL_DEBUG] DECRYPT_AND_HASH_HASH_BYTES - Hash bytes: [148, 15, 165, 67, 23, 237, 167, 42]
[1785244575] [NOISE_PROTOCOL_DEBUG] CIPHER_DECRYPT_SUCCESS - Decryption successful, plaintext length: 0
[1785244575] [NOISE_PROTOCOL_DEBUG] READ_MESSAGE_HASH_BEFORE_PATTERN - Hash before pattern: [186, 129, 150, 78, 231, 107, 40, 172]
[1785244575] [NOISE_PROTOCOL_DEBUG] CIPHER_DECRYPT - Decrypting with key, ciphertext length: 16
[1785244575] [NOISE_PROTOCOL_DEBUG] READ_MESSAGE_S - Reading static key
[1785244575] [NOISE_PROTOCOL_DEBUG] DECRYPT_AND_HASH_SUCCESS - Decryption successful, plaintext length: 0
[1785244575] [NOISE_PROTOCOL_DEBUG] READ_MESSAGE_S_CHECK - Checking static key length: need 48 bytes, available 64 bytes, has_cipher_key: true
[1785244575] [NOISE_PROTOCOL_DEBUG] DECRYPT_AND_HASH_HASH_MIXED - Hash mixed with ciphertext
[1785244575] [NOISE_PROTOCOL_DEBUG] READ_MESSAGE_S_DATA - Static key data length: 48, has_cipher_key: true
[1785244575] [NOISE_PROTOCOL_DEBUG] READ_MESSAGE_PAYLOAD_SUCCESS - Payload decrypted successfully, length: 0
[1785244575] [NOISE_PROTOCOL_DEBUG] DECRYPT_AND_HASH - Decrypting with cipher key, ciphertext length: 48
[1785244575] [NOISE_PROTOCOL_DEBUG] READ_MESSAGE_COMPLETE - Message read successfully, new pattern: 2/3
[1785244575] [NOISE_PROTOCOL_DEBUG] READ_MESSAGE_HASH_AFTER - Hash after read: [41, 22, 150, 208, 32, 130, 16, 22]
[1785244575] [NOISE_PROTOCOL_DEBUG] DECRYPT_AND_HASH_HASH - Current hash length: 32
[1785244575] [NOISE_PROTOCOL_DEBUG] WRITE_MESSAGE_START - Pattern: XX, Current: 2/3
[1785244575] [NOISE_PROTOCOL_DEBUG] DECRYPT_AND_HASH_HASH_BYTES - Hash bytes: [186, 129, 150, 78, 231, 107, 40, 172]
[1785244575] [NOISE_PROTOCOL_DEBUG] WRITE_MESSAGE_PATTERNS - Processing patterns: [S, SE]
[1785244575] [NOISE_PROTOCOL_DEBUG] CIPHER_DECRYPT - Decrypting with key, ciphertext length: 48
[1785244575] [NOISE_PROTOCOL_DEBUG] WRITE_MESSAGE_PATTERN - Processing pattern: S
[1785244575] [NOISE_PROTOCOL_DEBUG] CIPHER_DECRYPT_SUCCESS - Decryption successful, plaintext length: 0
[1785244575] [NOISE_PROTOCOL_DEBUG] WRITE_MESSAGE_S - Sending static key
[1785244575] [NOISE_PROTOCOL_DEBUG] CIPHER_ENCRYPT - Encrypting with key, plaintext length: 32
[1785244575] [NOISE_PROTOCOL_DEBUG] DECRYPT_AND_HASH_SUCCESS - Decryption successful, plaintext length: 0
[1785244575] [NOISE_PROTOCOL_DEBUG] CIPHER_ENCRYPT_KEY - Key length: 32
[1785244575] [NOISE_PROTOCOL_DEBUG] CIPHER_ENCRYPT_NONCE - Current nonce: 1
[1785244575] [NOISE_PROTOCOL_DEBUG] DECRYPT_AND_HASH_HASH_MIXED - Hash mixed with ciphertext
[1785244575] [NOISE_PROTOCOL_DEBUG] CIPHER_ENCRYPT_ASSOCIATED_DATA - Associated data length: 32
[1785244575] [NOISE_PROTOCOL_DEBUG] READ_MESSAGE_PAYLOAD_SUCCESS - Payload decrypted successfully, length: 0
[1785244575] [NOISE_PROTOCOL_DEBUG] READ_MESSAGE_COMPLETE - Message read successfully, new pattern: 2/3
[1785244575] [NOISE_PROTOCOL_DEBUG] READ_MESSAGE_HASH_AFTER - Hash after read: [138, 63, 145, 72, 8, 193, 150, 194]
[1785244575] [NOISE_PROTOCOL_DEBUG] WRITE_MESSAGE_START - Pattern: XX, Current: 2/3
[1785244575] [NOISE_PROTOCOL_DEBUG] WRITE_MESSAGE_PATTERNS - Processing patterns: [S, SE]
[1785244575] [NOISE_PROTOCOL_DEBUG] WRITE_MESSAGE_PATTERN - Processing pattern: S
[1785244575] [NOISE_PROTOCOL_DEBUG] CIPHER_DECRYPT_SUCCESS - Decryption successful, plaintext length: 32
[1785244575] [NOISE_PROTOCOL_DEBUG] WRITE_MESSAGE_S - Sending static key
[1785244575] [NOISE_PROTOCOL_DEBUG] DECRYPT_AND_HASH_SUCCESS - Decryption successful, plaintext length: 32
[1785244575] [NOISE_PROTOCOL_DEBUG] CIPHER_ENCRYPT - Encrypting with key, plaintext length: 32
[1785244575] [NOISE_PROTOCOL_DEBUG] READ_MESSAGE_ES_DONE - DH(ephemeral, static) completed
[1785244575] [NOISE_PROTOCOL_DEBUG] CIPHER_ENCRYPT_SUCCESS - Encryption successful, ciphertext length: 48
[1785244575] [NOISE_PROTOCOL_DEBUG] CIPHER_ENCRYPT_KEY - Key length: 32
[1785244575] [NOISE_PROTOCOL_DEBUG] READ_MESSAGE_HASH_AFTER_PATTERN - Hash after pattern ES: [249, 60, 196, 113, 129, 4, 90, 153]
[1785244575] [NOISE_PROTOCOL_DEBUG] READ_MESSAGE_EE_DONE - DH(ephemeral, ephemeral) completed
[1785244575] [NOISE_PROTOCOL_DEBUG] DECRYPT_AND_HASH_HASH_MIXED - Hash mixed with ciphertext
[1785244575] [NOISE_PROTOCOL_DEBUG] CIPHER_ENCRYPT_NONCE - Current nonce: 1
[1785244575] [NOISE_PROTOCOL_DEBUG] READ_MESSAGE_PAYLOAD - Decrypting payload, length: 16
[1785244575] [NOISE_PROTOCOL_DEBUG] WRITE_MESSAGE_S_DONE - Static key encrypted and sent, buffer size: 48
[1785244575] [NOISE_PROTOCOL_DEBUG] READ_MESSAGE_HASH_AFTER_PATTERN - Hash after pattern EE: [29, 185, 121, 115, 130, 190, 122, 191]
[1785244575] [NOISE_PROTOCOL_DEBUG] READ_MESSAGE_S_DONE - Static key read and validated successfully
[1785244575] [NOISE_PROTOCOL_DEBUG] CIPHER_ENCRYPT_ASSOCIATED_DATA - Associated data length: 32
[1785244575] [NOISE_PROTOCOL_DEBUG] DECRYPT_AND_HASH - Decrypting with cipher key, ciphertext length: 16
[1785244575] [NOISE_PROTOCOL_DEBUG] WRITE_MESSAGE_PATTERN - Processing pattern: SE
[1785244575] [NOISE_PROTOCOL_DEBUG] READ_MESSAGE_PATTERN - Processing pattern: S
[1785244575] [NOISE_PROTOCOL_DEBUG] READ_MESSAGE_HASH_AFTER_PATTERN - Hash after pattern S: [186, 186, 146, 213, 5, 186, 142, 110]
[1785244575] [NOISE_PROTOCOL_DEBUG] DECRYPT_AND_HASH_HASH - Current hash length: 32
[1785244575] [NOISE_PROTOCOL_DEBUG] WRITE_MESSAGE_SE - Performing DH(static, ephemeral), role: Initiator
[1785244575] [NOISE_PROTOCOL_DEBUG] READ_MESSAGE_HASH_BEFORE_PATTERN - Hash before pattern: [29, 185, 121, 115, 130, 190, 122, 191]
[1785244575] [NOISE_PROTOCOL_DEBUG] READ_MESSAGE_PATTERN - Processing pattern: ES
[1785244575] [NOISE_PROTOCOL_DEBUG] DECRYPT_AND_HASH_HASH_BYTES - Hash bytes: [249, 60, 196, 113, 129, 4, 90, 153]
[1785244575] [NOISE_PROTOCOL_DEBUG] READ_MESSAGE_S - Reading static key
[1785244575] [NOISE_PROTOCOL_DEBUG] READ_MESSAGE_HASH_BEFORE_PATTERN - Hash before pattern: [186, 186, 146, 213, 5, 186, 142, 110]
[1785244575] [NOISE_PROTOCOL_DEBUG] CIPHER_DECRYPT - Decrypting with key, ciphertext length: 16
[1785244575] [NOISE_PROTOCOL_DEBUG] READ_MESSAGE_ES - Performing DH(ephemeral, static)
[1785244575] [NOISE_PROTOCOL_DEBUG] READ_MESSAGE_S_CHECK - Checking static key length: need 48 bytes, available 64 bytes, has_cipher_key: true
[1785244575] [NOISE_PROTOCOL_DEBUG] READ_MESSAGE_S_DATA - Static key data length: 48, has_cipher_key: true
[1785244575] [NOISE_PROTOCOL_DEBUG] DECRYPT_AND_HASH - Decrypting with cipher key, ciphertext length: 48
[1785244575] [NOISE_PROTOCOL_DEBUG] DECRYPT_AND_HASH_HASH - Current hash length: 32
[1785244575] [NOISE_PROTOCOL_DEBUG] DECRYPT_AND_HASH_HASH_BYTES - Hash bytes: [29, 185, 121, 115, 130, 190, 122, 191]
[1785244575] [NOISE_PROTOCOL_DEBUG] CIPHER_ENCRYPT_SUCCESS - Encryption successful, ciphertext length: 48
[1785244575] [NOISE_PROTOCOL_DEBUG] CIPHER_DECRYPT - Decrypting with key, ciphertext length: 48
[1785244575] [NOISE_PROTOCOL_DEBUG] CIPHER_DECRYPT_SUCCESS - Decryption successful, plaintext length: 0
[1785244575] [NOISE_PROTOCOL_DEBUG] WRITE_MESSAGE_S_DONE - Static key encrypted and sent, buffer size: 48
[1785244575] [NOISE_PROTOCOL_DEBUG] WRITE_MESSAGE_PATTERN - Processing pattern: SE
[1785244575] [NOISE_PROTOCOL_DEBUG] DECRYPT_AND_HASH_SUCCESS - Decryption successful, plaintext length: 0
[1785244575] [NOISE_PROTOCOL_DEBUG] WRITE_MESSAGE_SE - Performing DH(static, ephemeral), role: Initiator
[1785244575] [NOISE_PROTOCOL_DEBUG] DECRYPT_AND_HASH_HASH_MIXED - Hash mixed with ciphertext
[1785244575] [NOISE_PROTOCOL_DEBUG] READ_MESSAGE_PAYLOAD_SUCCESS - Payload decrypted successfully, length: 0
[1785244575] [NOISE_PROTOCOL_DEBUG] READ_MESSAGE_COMPLETE - Message read successfully, new pattern: 2/3
[1785244575] [NOISE_PROTOCOL_DEBUG] READ_MESSAGE_HASH_AFTER - Hash after read: [107, 57, 13, 149, 100, 76, 84, 228]
[1785244575] [NOISE_PROTOCOL_DEBUG] WRITE_MESSAGE_START - Pattern: XX, Current: 2/3
[1785244575] [NOISE_PROTOCOL_DEBUG] WRITE_MESSAGE_PATTERNS - Processing patterns: [S, SE]
[1785244575] [NOISE_PROTOCOL_DEBUG] WRITE_MESSAGE_PATTERN - Processing pattern: S
[1785244575] [NOISE_PROTOCOL_DEBUG] WRITE_MESSAGE_S - Sending static key
[1785244575] [NOISE_PROTOCOL_DEBUG] CIPHER_DECRYPT_SUCCESS - Decryption successful, plaintext length: 32
[1785244575] [NOISE_PROTOCOL_DEBUG] CIPHER_ENCRYPT - Encrypting with key, plaintext length: 32
[1785244575] [NOISE_PROTOCOL_DEBUG] DECRYPT_AND_HASH_SUCCESS - Decryption successful, plaintext length: 32
[1785244575] [NOISE_PROTOCOL_DEBUG] CIPHER_ENCRYPT_KEY - Key length: 32
[1785244575] [NOISE_PROTOCOL_DEBUG] CIPHER_ENCRYPT_NONCE - Current nonce: 1
[1785244575] [NOISE_PROTOCOL_DEBUG] DECRYPT_AND_HASH_HASH_MIXED - Hash mixed with ciphertext
[1785244575] [NOISE_PROTOCOL_DEBUG] CIPHER_ENCRYPT_ASSOCIATED_DATA - Associated data length: 32
[1785244575] [NOISE_PROTOCOL_DEBUG] READ_MESSAGE_S_DONE - Static key read and validated successfully
[1785244575] [NOISE_PROTOCOL_DEBUG] READ_MESSAGE_HASH_AFTER_PATTERN - Hash after pattern S: [158, 141, 180, 57, 200, 135, 52, 181]
[1785244575] [NOISE_PROTOCOL_DEBUG] READ_MESSAGE_PATTERN - Processing pattern: ES
[1785244575] [NOISE_PROTOCOL_DEBUG] READ_MESSAGE_HASH_BEFORE_PATTERN - Hash before pattern: [158, 141, 180, 57, 200, 135, 52, 181]
[1785244575] [NOISE_PROTOCOL_DEBUG] READ_MESSAGE_ES - Performing DH(ephemeral, static)
[1785244575] [NOISE_PROTOCOL_DEBUG] WRITE_MESSAGE_SE_DONE - DH(static, ephemeral) completed for initiator
[1785244575] [NOISE_PROTOCOL_DEBUG] WRITE_MESSAGE_ENCRYPT - Encrypting payload of 0 bytes
[1785244575] [NOISE_PROTOCOL_DEBUG] CIPHER_ENCRYPT - Encrypting with key, plaintext length: 0
[1785244575] [NOISE_PROTOCOL_DEBUG] CIPHER_ENCRYPT_SUCCESS - Encryption successful, ciphertext length: 48
[1785244575] [NOISE_PROTOCOL_DEBUG] CIPHER_ENCRYPT_KEY - Key length: 32
[1785244575] [NOISE_PROTOCOL_DEBUG] READ_MESSAGE_ES_DONE - DH(ephemeral, static) completed
[1785244575] [NOISE_PROTOCOL_DEBUG] CIPHER_ENCRYPT_NONCE - Current nonce: 0
[1785244575] [NOISE_PROTOCOL_DEBUG] READ_MESSAGE_HASH_AFTER_PATTERN - Hash after pattern ES: [186, 186, 146, 213, 5, 186, 142, 110]
[1785244575] [NOISE_PROTOCOL_DEBUG] CIPHER_ENCRYPT_ASSOCIATED_DATA - Associated data length: 32
[1785244575] [NOISE_PROTOCOL_DEBUG] WRITE_MESSAGE_S_DONE - Static key encrypted and sent, buffer size: 48
[1785244575] [NOISE_PROTOCOL_DEBUG] READ_MESSAGE_PAYLOAD - Decrypting payload, length: 16
[1785244575] [NOISE_PROTOCOL_DEBUG] WRITE_MESSAGE_PATTERN - Processing pattern: SE
[1785244575] [NOISE_PROTOCOL_DEBUG] DECRYPT_AND_HASH - Decrypting with cipher key, ciphertext length: 16
[1785244575] [NOISE_PROTOCOL_DEBUG] WRITE_MESSAGE_SE - Performing DH(static, ephemeral), role: Initiator
[1785244575] [NOISE_PROTOCOL_DEBUG] DECRYPT_AND_HASH_HASH - Current hash length: 32
[1785244575] [NOISE_PROTOCOL_DEBUG] DECRYPT_AND_HASH_HASH_BYTES - Hash bytes: [186, 186, 146, 213, 5, 186, 142, 110]
[1785244575] [NOISE_PROTOCOL_DEBUG] CIPHER_DECRYPT - Decrypting with key, ciphertext length: 16
[1785244575] [NOISE_PROTOCOL_DEBUG] CIPHER_ENCRYPT_SUCCESS - Encryption successful, ciphertext length: 16
[1785244575] [NOISE_PROTOCOL_DEBUG] WRITE_MESSAGE_SE_DONE - DH(static, ephemeral) completed for initiator
[1785244575] [NOISE_PROTOCOL_DEBUG] WRITE_MESSAGE_ENCRYPT_DONE - Payload encrypted, total buffer size: 64
[1785244575] [NOISE_PROTOCOL_DEBUG] WRITE_MESSAGE_ENCRYPT - Encrypting payload of 0 bytes
[1785244575] [NOISE_PROTOCOL_DEBUG] WRITE_MESSAGE_COMPLETE - Message written, pattern 2 complete
[1785244575] [NOISE_PROTOCOL_DEBUG] CIPHER_ENCRYPT - Encrypting with key, plaintext length: 0
[1785244575] [NOISE_PROTOCOL_DEBUG] CIPHER_ENCRYPT_KEY - Key length: 32
[1785244575] [NOISE_PROTOCOL_DEBUG] CIPHER_ENCRYPT_NONCE - Current nonce: 0
[1785244575] [NOISE_PROTOCOL_DEBUG] CIPHER_ENCRYPT_ASSOCIATED_DATA - Associated data length: 32
[1785244575] [NOISE_PROTOCOL_DEBUG] CIPHER_DECRYPT_SUCCESS - Decryption successful, plaintext length: 0
[1785244575] [NOISE_PROTOCOL_DEBUG] DECRYPT_AND_HASH_SUCCESS - Decryption successful, plaintext length: 0
[1785244575] [NOISE_PROTOCOL_DEBUG] DECRYPT_AND_HASH_HASH_MIXED - Hash mixed with ciphertext
[1785244575] [NOISE_PROTOCOL_DEBUG] READ_MESSAGE_PAYLOAD_SUCCESS - Payload decrypted successfully, length: 0
[1785244575] [NOISE_PROTOCOL_DEBUG] READ_MESSAGE_COMPLETE - Message read successfully, new pattern: 2/3
[1785244575] [NOISE_PROTOCOL_DEBUG] READ_MESSAGE_HASH_AFTER - Hash after read: [107, 189, 118, 211, 233, 42, 79, 9]
[1785244575] [NOISE_PROTOCOL_DEBUG] CIPHER_ENCRYPT_SUCCESS - Encryption successful, ciphertext length: 16
[1785244575] [NOISE_PROTOCOL_DEBUG] WRITE_MESSAGE_START - Pattern: XX, Current: 2/3
[1785244575] [NOISE_PROTOCOL_DEBUG] CIPHER_ENCRYPT - Encrypting with key, plaintext length: 42
[1785244575] [NOISE_PROTOCOL_DEBUG] WRITE_MESSAGE_PATTERNS - Processing patterns: [S, SE]
[1785244575] [NOISE_PROTOCOL_DEBUG] WRITE_MESSAGE_ENCRYPT_DONE - Payload encrypted, total buffer size: 64
[1785244575] [NOISE_PROTOCOL_DEBUG] CIPHER_ENCRYPT_KEY - Key length: 32
[1785244575] [NOISE_PROTOCOL_DEBUG] WRITE_MESSAGE_PATTERN - Processing pattern: S
[1785244575] [NOISE_PROTOCOL_DEBUG] WRITE_MESSAGE_COMPLETE - Message written, pattern 2 complete
[1785244575] [NOISE_PROTOCOL_DEBUG] CIPHER_ENCRYPT_NONCE - Current nonce: 0
[1785244575] [NOISE_PROTOCOL_DEBUG] WRITE_MESSAGE_S - Sending static key
[1785244575] [NOISE_PROTOCOL_DEBUG] CIPHER_ENCRYPT_ASSOCIATED_DATA - Associated data length: 0
[1785244575] [NOISE_PROTOCOL_DEBUG] CIPHER_ENCRYPT - Encrypting with key, plaintext length: 32
[1785244575] [NOISE_PROTOCOL_DEBUG] CIPHER_ENCRYPT_KEY - Key length: 32
[1785244575] [NOISE_PROTOCOL_DEBUG] CIPHER_ENCRYPT_NONCE - Current nonce: 1
[1785244575] [NOISE_PROTOCOL_DEBUG] CIPHER_ENCRYPT_ASSOCIATED_DATA - Associated data length: 32
[1785244575] [NOISE_PROTOCOL_DEBUG] CIPHER_ENCRYPT - Encrypting with key, plaintext length: 58
[1785244575] [NOISE_PROTOCOL_DEBUG] CIPHER_ENCRYPT_SUCCESS - Encryption successful, ciphertext length: 58
[1785244575] [NOISE_PROTOCOL_DEBUG] CIPHER_ENCRYPT_KEY - Key length: 32
[1785244575] [NOISE_PROTOCOL_DEBUG] CIPHER_ENCRYPT_TRANSPORT - Transport message with nonce prefix, total length: 62
[1785244575] [NOISE_PROTOCOL_DEBUG] CIPHER_ENCRYPT_NONCE - Current nonce: 0
[1785244575] [NOISE_PROTOCOL_DEBUG] CIPHER_ENCRYPT_ASSOCIATED_DATA - Associated data length: 0
[1785244575] [NOISE_PROTOCOL_DEBUG] CIPHER_ENCRYPT_SUCCESS - Encryption successful, ciphertext length: 48
[1785244575] [NOISE_PROTOCOL_DEBUG] READ_MESSAGE_START - Pattern: XX, Current: 2/3
[1785244575] [NOISE_PROTOCOL_DEBUG] WRITE_MESSAGE_S_DONE - Static key encrypted and sent, buffer size: 48
[1785244575] [NOISE_PROTOCOL_DEBUG] READ_MESSAGE_HASH_BEFORE - Hash before read: [41, 22, 150, 208, 32, 130, 16, 22]
[1785244575] [NOISE_PROTOCOL_DEBUG] WRITE_MESSAGE_PATTERN - Processing pattern: SE
[1785244575] [NOISE_PROTOCOL_DEBUG] READ_MESSAGE_PATTERNS - Processing patterns: [S, SE]
[1785244575] [NOISE_PROTOCOL_DEBUG] WRITE_MESSAGE_SE - Performing DH(static, ephemeral), role: Initiator
[1785244575] [NOISE_PROTOCOL_DEBUG] READ_MESSAGE_PATTERN - Processing pattern: S
[1785244575] [NOISE_PROTOCOL_DEBUG] READ_MESSAGE_ES_DONE - DH(ephemeral, static) completed
[1785244575] [NOISE_PROTOCOL_DEBUG] READ_MESSAGE_HASH_BEFORE_PATTERN - Hash before pattern: [41, 22, 150, 208, 32, 130, 16, 22]
[1785244575] [NOISE_PROTOCOL_DEBUG] READ_MESSAGE_S - Reading static key
[1785244575] [NOISE_PROTOCOL_DEBUG] READ_MESSAGE_HASH_AFTER_PATTERN - Hash after pattern ES: [158, 141, 180, 57, 200, 135, 52, 181]
[1785244575] [NOISE_PROTOCOL_DEBUG] READ_MESSAGE_S_CHECK - Checking static key length: need 48 bytes, available 64 bytes, has_cipher_key: true
[1785244575] [NOISE_PROTOCOL_DEBUG] READ_MESSAGE_PAYLOAD - Decrypting payload, length: 16
[1785244575] [NOISE_PROTOCOL_DEBUG] READ_MESSAGE_S_DATA - Static key data length: 48, has_cipher_key: true
[1785244575] [NOISE_PROTOCOL_DEBUG] DECRYPT_AND_HASH - Decrypting with cipher key, ciphertext length: 16
[1785244575] [NOISE_PROTOCOL_DEBUG] DECRYPT_AND_HASH - Decrypting with cipher key, ciphertext length: 48
[1785244575] [NOISE_PROTOCOL_DEBUG] CIPHER_ENCRYPT_SUCCESS - Encryption successful, ciphertext length: 74
[1785244575] [NOISE_PROTOCOL_DEBUG] DECRYPT_AND_HASH_HASH - Current hash length: 32
[1785244575] [NOISE_PROTOCOL_DEBUG] DECRYPT_AND_HASH_HASH - Current hash length: 32
[1785244575] [NOISE_PROTOCOL_DEBUG] CIPHER_ENCRYPT_TRANSPORT - Transport message with nonce prefix, total length: 78
[1785244575] [NOISE_PROTOCOL_DEBUG] DECRYPT_AND_HASH_HASH_BYTES - Hash bytes: [41, 22, 150, 208, 32, 130, 16, 22]
[1785244575] [NOISE_PROTOCOL_DEBUG] DECRYPT_AND_HASH_HASH_BYTES - Hash bytes: [158, 141, 180, 57, 200, 135, 52, 181]
[1785244575] [NOISE_PROTOCOL_DEBUG] CIPHER_DECRYPT - Decrypting with key, ciphertext length: 48
[1785244575] [NOISE_PROTOCOL_DEBUG] CIPHER_DECRYPT - Decrypting with key, ciphertext length: 16
[1785244575] [NOISE_PROTOCOL_DEBUG] READ_MESSAGE_START - Pattern: XX, Current: 2/3
[1785244575] [NOISE_PROTOCOL_DEBUG] WRITE_MESSAGE_SE_DONE - DH(static, ephemeral) completed for initiator
[1785244575] [NOISE_PROTOCOL_DEBUG] READ_MESSAGE_HASH_BEFORE - Hash before read: [138, 63, 145, 72, 8, 193, 150, 194]
[1785244575] [NOISE_PROTOCOL_DEBUG] WRITE_MESSAGE_ENCRYPT - Encrypting payload of 0 bytes
[1785244575] [NOISE_PROTOCOL_DEBUG] READ_MESSAGE_PATTERNS - Processing patterns: [S, SE]
[1785244575] [NOISE_PROTOCOL_DEBUG] CIPHER_ENCRYPT - Encrypting with key, plaintext length: 0
[1785244575] [NOISE_PROTOCOL_DEBUG] READ_MESSAGE_PATTERN - Processing pattern: S
[1785244575] [NOISE_PROTOCOL_DEBUG] CIPHER_ENCRYPT_KEY - Key length: 32
[1785244575] [NOISE_PROTOCOL_DEBUG] READ_MESSAGE_HASH_BEFORE_PATTERN - Hash before pattern: [138, 63, 145, 72, 8, 193, 150, 194]
[1785244575] [NOISE_PROTOCOL_DEBUG] CIPHER_ENCRYPT_NONCE - Current nonce: 0
[1785244575] [NOISE_PROTOCOL_DEBUG] READ_MESSAGE_S - Reading static key
[1785244575] [NOISE_PROTOCOL_DEBUG] CIPHER_ENCRYPT_ASSOCIATED_DATA - Associated data length: 32
[1785244575] [NOISE_PROTOCOL_DEBUG] READ_MESSAGE_S_CHECK - Checking static key length: need 48 bytes, available 64 bytes, has_cipher_key: true
[1785244575] [NOISE_PROTOCOL_DEBUG] CIPHER_DECRYPT_SUCCESS - Decryption successful, plaintext length: 0
[1785244575] [NOISE_PROTOCOL_DEBUG] READ_MESSAGE_S_DATA - Static key data length: 48, has_cipher_key: true
[1785244575] [NOISE_PROTOCOL_DEBUG] DECRYPT_AND_HASH - Decrypting with cipher key, ciphertext length: 48
[1785244575] [NOISE_PROTOCOL_DEBUG] DECRYPT_AND_HASH_SUCCESS - Decryption successful, plaintext length: 0
[1785244575] [NOISE_PROTOCOL_DEBUG] CIPHER_DECRYPT_SUCCESS - Decryption successful, plaintext length: 32
[1785244575] [NOISE_PROTOCOL_DEBUG] DECRYPT_AND_HASH_HASH - Current hash length: 32
[1785244575] [NOISE_PROTOCOL_DEBUG] DECRYPT_AND_HASH_SUCCESS - Decryption successful, plaintext length: 32
[1785244575] [NOISE_PROTOCOL_DEBUG] DECRYPT_AND_HASH_HASH_BYTES - Hash bytes: [138, 63, 145, 72, 8, 193, 150, 194]
[1785244575] [NOISE_PROTOCOL_DEBUG] DECRYPT_AND_HASH_HASH_MIXED - Hash mixed with ciphertext
[1785244575] [NOISE_PROTOCOL_DEBUG] CIPHER_DECRYPT - Decrypting with key, ciphertext length: 48
[1785244575] [NOISE_PROTOCOL_DEBUG] DECRYPT_AND_HASH_HASH_MIXED - Hash mixed with ciphertext
[1785244575] [NOISE_PROTOCOL_DEBUG] READ_MESSAGE_PAYLOAD_SUCCESS - Payload decrypted successfully, length: 0
[1785244575] [NOISE_PROTOCOL_DEBUG] READ_MESSAGE_COMPLETE - Message read successfully, new pattern: 2/3
[1785244575] [NOISE_PROTOCOL_DEBUG] CIPHER_ENCRYPT_SUCCESS - Encryption successful, ciphertext length: 16
[1785244575] [NOISE_PROTOCOL_DEBUG] READ_MESSAGE_S_DONE - Static key read and validated successfully
[1785244575] [NOISE_PROTOCOL_DEBUG] READ_MESSAGE_HASH_AFTER - Hash after read: [112, 24, 95, 116, 118, 85, 210, 209]
[1785244575] [NOISE_PROTOCOL_DEBUG] READ_MESSAGE_HASH_AFTER_PATTERN - Hash after pattern S: [213, 7, 110, 194, 89, 112, 249, 215]
[1785244575] [NOISE_PROTOCOL_DEBUG] WRITE_MESSAGE_ENCRYPT_DONE - Payload encrypted, total buffer size: 64
[1785244575] [NOISE_PROTOCOL_DEBUG] WRITE_MESSAGE_START - Pattern: XX, Current: 2/3
[1785244575] [NOISE_PROTOCOL_DEBUG] READ_MESSAGE_PATTERN - Processing pattern: SE
[1785244575] [NOISE_PROTOCOL_DEBUG] WRITE_MESSAGE_COMPLETE - Message written, pattern 2 complete
[1785244575] [NOISE_PROTOCOL_DEBUG] READ_MESSAGE_HASH_BEFORE_PATTERN - Hash before pattern: [213, 7, 110, 194, 89, 112, 249, 215]
[1785244575] [NOISE_PROTOCOL_DEBUG] WRITE_MESSAGE_PATTERNS - Processing patterns: [S, SE]
[1785244575] [NOISE_PROTOCOL_DEBUG] READ_MESSAGE_SE - Performing DH(static, ephemeral)
[1785244575] [NOISE_PROTOCOL_DEBUG] WRITE_MESSAGE_PATTERN - Processing pattern: S
[1785244575] [NOISE_PROTOCOL_DEBUG] WRITE_MESSAGE_S - Sending static key
[1785244575] [NOISE_PROTOCOL_DEBUG] CIPHER_ENCRYPT - Encrypting with key, plaintext length: 32
[1785244575] [NOISE_PROTOCOL_DEBUG] CIPHER_DECRYPT_SUCCESS - Decryption successful, plaintext length: 32
[1785244575] [NOISE_PROTOCOL_DEBUG] CIPHER_ENCRYPT_KEY - Key length: 32
[1785244575] [NOISE_PROTOCOL_DEBUG] DECRYPT_AND_HASH_SUCCESS - Decryption successful, plaintext length: 32
[1785244575] [NOISE_PROTOCOL_DEBUG] CIPHER_ENCRYPT_NONCE - Current nonce: 1
[1785244575] [NOISE_PROTOCOL_DEBUG] DECRYPT_AND_HASH_HASH_MIXED - Hash mixed with ciphertext
[1785244575] [NOISE_PROTOCOL_DEBUG] CIPHER_ENCRYPT_ASSOCIATED_DATA - Associated data length: 32
[1785244575] [NOISE_PROTOCOL_DEBUG] WRITE_MESSAGE_SE_DONE - DH(static, ephemeral) completed for initiator
[1785244575] [NOISE_PROTOCOL_DEBUG] READ_MESSAGE_S_DONE - Static key read and validated successfully
[1785244575] [NOISE_PROTOCOL_DEBUG] WRITE_MESSAGE_ENCRYPT - Encrypting payload of 0 bytes
[1785244575] [NOISE_PROTOCOL_DEBUG] READ_MESSAGE_HASH_AFTER_PATTERN - Hash after pattern S: [23, 141, 63, 161, 158, 123, 147, 234]
[1785244575] [NOISE_PROTOCOL_DEBUG] CIPHER_ENCRYPT - Encrypting with key, plaintext length: 0
[1785244575] [NOISE_PROTOCOL_DEBUG] READ_MESSAGE_PATTERN - Processing pattern: SE
[1785244575] [NOISE_PROTOCOL_DEBUG] CIPHER_ENCRYPT - Encrypting with key, plaintext length: 45
[1785244575] [NOISE_PROTOCOL_DEBUG] CIPHER_ENCRYPT_KEY - Key length: 32
[1785244575] [NOISE_PROTOCOL_DEBUG] READ_MESSAGE_HASH_BEFORE_PATTERN - Hash before pattern: [23, 141, 63, 161, 158, 123, 147, 234]
[1785244575] [NOISE_PROTOCOL_DEBUG] CIPHER_ENCRYPT_KEY - Key length: 32
[1785244575] [NOISE_PROTOCOL_DEBUG] CIPHER_ENCRYPT_NONCE - Current nonce: 0
[1785244575] [NOISE_PROTOCOL_DEBUG] READ_MESSAGE_SE - Performing DH(static, ephemeral)
[1785244575] [NOISE_PROTOCOL_DEBUG] CIPHER_ENCRYPT_NONCE - Current nonce: 0
[1785244575] [NOISE_PROTOCOL_DEBUG] CIPHER_ENCRYPT_ASSOCIATED_DATA - Associated data length: 32
[1785244575] [NOISE_PROTOCOL_DEBUG] CIPHER_ENCRYPT_ASSOCIATED_DATA - Associated data length: 0
[1785244575] [NOISE_PROTOCOL_DEBUG] CIPHER_ENCRYPT_SUCCESS - Encryption successful, ciphertext length: 48
[1785244575] [NOISE_PROTOCOL_DEBUG] WRITE_MESSAGE_S_DONE - Static key encrypted and sent, buffer size: 48
[1785244575] [NOISE_PROTOCOL_DEBUG] CIPHER_ENCRYPT_SUCCESS - Encryption successful, ciphertext length: 16
[1785244575] [NOISE_PROTOCOL_DEBUG] WRITE_MESSAGE_PATTERN - Processing pattern: SE
[1785244575] [NOISE_PROTOCOL_DEBUG] WRITE_MESSAGE_ENCRYPT_DONE - Payload encrypted, total buffer size: 64
[1785244575] [NOISE_PROTOCOL_DEBUG] WRITE_MESSAGE_SE - Performing DH(static, ephemeral), role: Initiator
[1785244575] [NOISE_PROTOCOL_DEBUG] WRITE_MESSAGE_COMPLETE - Message written, pattern 2 complete
[1785244575] [NOISE_PROTOCOL_DEBUG] CIPHER_ENCRYPT_SUCCESS - Encryption successful, ciphertext length: 61
[1785244575] [NOISE_PROTOCOL_DEBUG] CIPHER_ENCRYPT_TRANSPORT - Transport message with nonce prefix, total length: 65
[1785244575] [NOISE_PROTOCOL_DEBUG] READ_MESSAGE_START - Pattern: XX, Current: 2/3
[1785244575] [NOISE_PROTOCOL_DEBUG] READ_MESSAGE_HASH_BEFORE - Hash before read: [107, 57, 13, 149, 100, 76, 84, 228]
[1785244575] [NOISE_PROTOCOL_DEBUG] READ_MESSAGE_PATTERNS - Processing patterns: [S, SE]
[1785244575] [NOISE_PROTOCOL_DEBUG] READ_MESSAGE_PATTERN - Processing pattern: S
[1785244575] [NOISE_PROTOCOL_DEBUG] CIPHER_ENCRYPT - Encrypting with key, plaintext length: 43
[1785244575] [NOISE_PROTOCOL_DEBUG] READ_MESSAGE_SE_DONE - DH(static, ephemeral) completed
[1785244575] [NOISE_PROTOCOL_DEBUG] READ_MESSAGE_HASH_BEFORE_PATTERN - Hash before pattern: [107, 57, 13, 149, 100, 76, 84, 228]
[1785244575] [NOISE_PROTOCOL_DEBUG] CIPHER_ENCRYPT_KEY - Key length: 32
[1785244575] [NOISE_PROTOCOL_DEBUG] READ_MESSAGE_HASH_AFTER_PATTERN - Hash after pattern SE: [213, 7, 110, 194, 89, 112, 249, 215]
[1785244575] [NOISE_PROTOCOL_DEBUG] READ_MESSAGE_S - Reading static key
[1785244575] [NOISE_PROTOCOL_DEBUG] CIPHER_ENCRYPT_NONCE - Current nonce: 0
[1785244575] [NOISE_PROTOCOL_DEBUG] READ_MESSAGE_PAYLOAD - Decrypting payload, length: 16
[1785244575] [NOISE_PROTOCOL_DEBUG] READ_MESSAGE_S_CHECK - Checking static key length: need 48 bytes, available 64 bytes, has_cipher_key: true
[1785244575] [NOISE_PROTOCOL_DEBUG] CIPHER_ENCRYPT_ASSOCIATED_DATA - Associated data length: 0
[1785244575] [NOISE_PROTOCOL_DEBUG] DECRYPT_AND_HASH - Decrypting with cipher key, ciphertext length: 16
[1785244575] [NOISE_PROTOCOL_DEBUG] READ_MESSAGE_S_DATA - Static key data length: 48, has_cipher_key: true
[1785244575] [NOISE_PROTOCOL_DEBUG] DECRYPT_AND_HASH_HASH - Current hash length: 32
[1785244575] [NOISE_PROTOCOL_DEBUG] DECRYPT_AND_HASH - Decrypting with cipher key, ciphertext length: 48
[1785244575] [NOISE_PROTOCOL_DEBUG] DECRYPT_AND_HASH_HASH_BYTES - Hash bytes: [213, 7, 110, 194, 89, 112, 249, 215]
[1785244575] [NOISE_PROTOCOL_DEBUG] DECRYPT_AND_HASH_HASH - Current hash length: 32
[1785244575] [NOISE_PROTOCOL_DEBUG] CIPHER_DECRYPT - Decrypting with key, ciphertext length: 16
[1785244575] [NOISE_PROTOCOL_DEBUG] DECRYPT_AND_HASH_HASH_BYTES - Hash bytes: [107, 57, 13, 149, 100, 76, 84, 228]
[1785244575] [NOISE_PROTOCOL_DEBUG] CIPHER_DECRYPT - Decrypting with key, ciphertext length: 48
[1785244575] [NOISE_PROTOCOL_DEBUG] CIPHER_ENCRYPT_SUCCESS - Encryption successful, ciphertext length: 59
[1785244575] [NOISE_PROTOCOL_DEBUG] READ_MESSAGE_SE_DONE - DH(static, ephemeral) completed
[1785244575] [NOISE_PROTOCOL_DEBUG] CIPHER_ENCRYPT_TRANSPORT - Transport message with nonce prefix, total length: 63
[1785244575] [NOISE_PROTOCOL_DEBUG] CIPHER_DECRYPT_SUCCESS - Decryption successful, plaintext length: 0
[1785244575] [NOISE_PROTOCOL_DEBUG] READ_MESSAGE_HASH_AFTER_PATTERN - Hash after pattern SE: [23, 141, 63, 161, 158, 123, 147, 234]
[1785244575] [NOISE_PROTOCOL_DEBUG] DECRYPT_AND_HASH_SUCCESS - Decryption successful, plaintext length: 0
[1785244575] [NOISE_PROTOCOL_DEBUG] READ_MESSAGE_PAYLOAD - Decrypting payload, length: 16
[1785244575] [NOISE_PROTOCOL_DEBUG] DECRYPT_AND_HASH - Decrypting with cipher key, ciphertext length: 16
[1785244575] [NOISE_PROTOCOL_DEBUG] DECRYPT_AND_HASH_HASH_MIXED - Hash mixed with ciphertext
[1785244575] [NOISE_PROTOCOL_DEBUG] READ_MESSAGE_START - Pattern: XX, Current: 2/3
[1785244575] [NOISE_PROTOCOL_DEBUG] DECRYPT_AND_HASH_HASH - Current hash length: 32
[1785244575] [NOISE_PROTOCOL_DEBUG] READ_MESSAGE_PAYLOAD_SUCCESS - Payload decrypted successfully, length: 0
[1785244575] [NOISE_PROTOCOL_DEBUG] READ_MESSAGE_HASH_BEFORE - Hash before read: [107, 189, 118, 211, 233, 42, 79, 9]
[1785244575] [NOISE_PROTOCOL_DEBUG] DECRYPT_AND_HASH_HASH_BYTES - Hash bytes: [23, 141, 63, 161, 158, 123, 147, 234]
[1785244575] [NOISE_PROTOCOL_DEBUG] READ_MESSAGE_COMPLETE - Message read successfully, new pattern: 3/3
[1785244575] [NOISE_PROTOCOL_DEBUG] READ_MESSAGE_PATTERNS - Processing patterns: [S, SE]
[1785244575] [NOISE_PROTOCOL_DEBUG] CIPHER_DECRYPT - Decrypting with key, ciphertext length: 16
[1785244575] [NOISE_PROTOCOL_DEBUG] CIPHER_DECRYPT_SUCCESS - Decryption successful, plaintext length: 32
[1785244575] [NOISE_PROTOCOL_DEBUG] READ_MESSAGE_HASH_AFTER - Hash after read: [177, 35, 47, 196, 72, 93, 90, 7]
[1785244575] [NOISE_PROTOCOL_DEBUG] READ_MESSAGE_PATTERN - Processing pattern: S
[1785244575] [NOISE_PROTOCOL_DEBUG] DECRYPT_AND_HASH_SUCCESS - Decryption successful, plaintext length: 32
[1785244575] [NOISE_PROTOCOL_DEBUG] READ_MESSAGE_HASH_BEFORE_PATTERN - Hash before pattern: [107, 189, 118, 211, 233, 42, 79, 9]
[1785244575] [NOISE_PROTOCOL_DEBUG] READ_MESSAGE_S - Reading static key
[1785244575] [NOISE_PROTOCOL_DEBUG] READ_MESSAGE_S_CHECK - Checking static key length: need 48 bytes, available 64 bytes, has_cipher_key: true
[1785244575] [NOISE_PROTOCOL_DEBUG] DECRYPT_AND_HASH_HASH_MIXED - Hash mixed with ciphertext
[1785244575] [NOISE_PROTOCOL_DEBUG] READ_MESSAGE_S_DATA - Static key data length: 48, has_cipher_key: true
[1785244575] [NOISE_PROTOCOL_DEBUG] READ_MESSAGE_S_DONE - Static key read and validated successfully
[1785244575] [NOISE_PROTOCOL_DEBUG] DECRYPT_AND_HASH - Decrypting with cipher key, ciphertext length: 48
[1785244575] [NOISE_PROTOCOL_DEBUG] CIPHER_DECRYPT_SUCCESS - Decryption successful, plaintext length: 0
[1785244575] [NOISE_PROTOCOL_DEBUG] READ_MESSAGE_HASH_AFTER_PATTERN - Hash after pattern S: [137, 176, 14, 161, 90, 240, 10, 229]
[1785244575] [NOISE_PROTOCOL_DEBUG] DECRYPT_AND_HASH_HASH - Current hash length: 32
[1785244575] [NOISE_PROTOCOL_DEBUG] DECRYPT_AND_HASH_SUCCESS - Decryption successful, plaintext length: 0
[1785244575] [NOISE_PROTOCOL_DEBUG] READ_MESSAGE_PATTERN - Processing pattern: SE
[1785244575] [NOISE_PROTOCOL_DEBUG] DECRYPT_AND_HASH_HASH_BYTES - Hash bytes: [107, 189, 118, 211, 233, 42, 79, 9]
[1785244575] [NOISE_PROTOCOL_DEBUG] READ_MESSAGE_HASH_BEFORE_PATTERN - Hash before pattern: [137, 176, 14, 161, 90, 240, 10, 229]
[1785244575] [NOISE_PROTOCOL_DEBUG] DECRYPT_AND_HASH_HASH_MIXED - Hash mixed with ciphertext
[1785244575] [NOISE_PROTOCOL_DEBUG] CIPHER_DECRYPT - Decrypting with key, ciphertext length: 48
[1785244575] [NOISE_PROTOCOL_DEBUG] CIPHER_DECRYPT - Decrypting with key, ciphertext length: 62
[1785244575] [NOISE_PROTOCOL_DEBUG] READ_MESSAGE_SE - Performing DH(static, ephemeral)
[1785244575] [NOISE_PROTOCOL_DEBUG] READ_MESSAGE_PAYLOAD_SUCCESS - Payload decrypted successfully, length: 0
[1785244575] [NOISE_PROTOCOL_DEBUG] READ_MESSAGE_COMPLETE - Message read successfully, new pattern: 3/3
[1785244575] [NOISE_PROTOCOL_DEBUG] READ_MESSAGE_HASH_AFTER - Hash after read: [197, 13, 230, 208, 11, 180, 107, 238]
[1785244575] [NOISE_PROTOCOL_DEBUG] WRITE_MESSAGE_SE_DONE - DH(static, ephemeral) completed for initiator
[1785244575] [NOISE_PROTOCOL_DEBUG] WRITE_MESSAGE_ENCRYPT - Encrypting payload of 0 bytes
[1785244575] [NOISE_PROTOCOL_DEBUG] CIPHER_ENCRYPT - Encrypting with key, plaintext length: 0
[1785244575] [NOISE_PROTOCOL_DEBUG] CIPHER_ENCRYPT_KEY - Key length: 32
[1785244575] [NOISE_PROTOCOL_DEBUG] CIPHER_DECRYPT_SUCCESS - Decryption successful, plaintext length: 42
[1785244575] [NOISE_PROTOCOL_DEBUG] CIPHER_DECRYPT_SUCCESS - Decryption successful, plaintext length: 32
[1785244575] [NOISE_PROTOCOL_DEBUG] CIPHER_ENCRYPT_NONCE - Current nonce: 0
[1785244575] [NOISE_PROTOCOL_DEBUG] DECRYPT_AND_HASH_SUCCESS - Decryption successful, plaintext length: 32
[1785244575] [NOISE_PROTOCOL_DEBUG] CIPHER_DECRYPT - Decrypting with key, ciphertext length: 78
[1785244575] [NOISE_PROTOCOL_DEBUG] CIPHER_ENCRYPT_ASSOCIATED_DATA - Associated data length: 32
[1785244575] [NOISE_PROTOCOL_DEBUG] DECRYPT_AND_HASH_HASH_MIXED - Hash mixed with ciphertext
[1785244575] [NOISE_PROTOCOL_DEBUG] READ_MESSAGE_S_DONE - Static key read and validated successfully
[1785244575] [NOISE_PROTOCOL_DEBUG] CIPHER_ENCRYPT - Encrypting with key, plaintext length: 295
[1785244575] [NOISE_PROTOCOL_DEBUG] READ_MESSAGE_HASH_AFTER_PATTERN - Hash after pattern S: [11, 231, 11, 65, 134, 89, 158, 249]
[1785244575] [NOISE_PROTOCOL_DEBUG] CIPHER_ENCRYPT_KEY - Key length: 32
[1785244575] [NOISE_PROTOCOL_DEBUG] READ_MESSAGE_PATTERN - Processing pattern: SE
[1785244575] [NOISE_PROTOCOL_DEBUG] CIPHER_ENCRYPT_NONCE - Current nonce: 1
[1785244575] [NOISE_PROTOCOL_DEBUG] READ_MESSAGE_HASH_BEFORE_PATTERN - Hash before pattern: [11, 231, 11, 65, 134, 89, 158, 249]
[1785244575] [NOISE_PROTOCOL_DEBUG] CIPHER_ENCRYPT_ASSOCIATED_DATA - Associated data length: 0
[1785244575] [NOISE_PROTOCOL_DEBUG] READ_MESSAGE_SE - Performing DH(static, ephemeral)
[1785244575] [NOISE_PROTOCOL_DEBUG] CIPHER_ENCRYPT_SUCCESS - Encryption successful, ciphertext length: 16
[1785244575] [NOISE_PROTOCOL_DEBUG] CIPHER_DECRYPT_SUCCESS - Decryption successful, plaintext length: 58
[1785244575] [NOISE_PROTOCOL_DEBUG] WRITE_MESSAGE_ENCRYPT_DONE - Payload encrypted, total buffer size: 64
[1785244575] [NOISE_PROTOCOL_DEBUG] WRITE_MESSAGE_COMPLETE - Message written, pattern 2 complete
[1785244575] [NOISE_PROTOCOL_DEBUG] CIPHER_ENCRYPT_SUCCESS - Encryption successful, ciphertext length: 311
[1785244575] [NOISE_PROTOCOL_DEBUG] CIPHER_ENCRYPT_TRANSPORT - Transport message with nonce prefix, total length: 315
[1785244575] [NOISE_PROTOCOL_DEBUG] CIPHER_ENCRYPT - Encrypting with key, plaintext length: 54
[1785244575] [NOISE_PROTOCOL_DEBUG] CIPHER_ENCRYPT - Encrypting with key, plaintext length: 295
[1785244575] [NOISE_PROTOCOL_DEBUG] CIPHER_ENCRYPT_KEY - Key length: 32
[1785244575] [NOISE_PROTOCOL_DEBUG] CIPHER_ENCRYPT_KEY - Key length: 32
[1785244575] [NOISE_PROTOCOL_DEBUG] CIPHER_ENCRYPT_NONCE - Current nonce: 0
[1785244575] [NOISE_PROTOCOL_DEBUG] CIPHER_ENCRYPT_NONCE - Current nonce: 2
[1785244575] [NOISE_PROTOCOL_DEBUG] CIPHER_ENCRYPT_ASSOCIATED_DATA - Associated data length: 0
[1785244575] [NOISE_PROTOCOL_DEBUG] CIPHER_ENCRYPT_ASSOCIATED_DATA - Associated data length: 0
[1785244575] [NOISE_PROTOCOL_DEBUG] READ_MESSAGE_SE_DONE - DH(static, ephemeral) completed
[1785244575] [NOISE_PROTOCOL_DEBUG] READ_MESSAGE_HASH_AFTER_PATTERN - Hash after pattern SE: [137, 176, 14, 161, 90, 240, 10, 229]
[1785244575] [NOISE_PROTOCOL_DEBUG] READ_MESSAGE_PAYLOAD - Decrypting payload, length: 16
[1785244575] [NOISE_PROTOCOL_DEBUG] DECRYPT_AND_HASH - Decrypting with cipher key, ciphertext length: 16
[1785244575] [NOISE_PROTOCOL_DEBUG] DECRYPT_AND_HASH_HASH - Current hash length: 32
[1785244575] [NOISE_PROTOCOL_DEBUG] DECRYPT_AND_HASH_HASH_BYTES - Hash bytes: [137, 176, 14, 161, 90, 240, 10, 229]
[1785244575] [NOISE_PROTOCOL_DEBUG] CIPHER_ENCRYPT_SUCCESS - Encryption successful, ciphertext length: 70
[1785244575] [NOISE_PROTOCOL_DEBUG] CIPHER_DECRYPT - Decrypting with key, ciphertext length: 16
[1785244575] [NOISE_PROTOCOL_DEBUG] CIPHER_ENCRYPT_TRANSPORT - Transport message with nonce prefix, total length: 74
[1785244575] [NOISE_PROTOCOL_DEBUG] READ_MESSAGE_SE_DONE - DH(static, ephemeral) completed
[1785244575] [NOISE_PROTOCOL_DEBUG] READ_MESSAGE_HASH_AFTER_PATTERN - Hash after pattern SE: [11, 231, 11, 65, 134, 89, 158, 249]
[1785244575] [NOISE_PROTOCOL_DEBUG] CIPHER_ENCRYPT_SUCCESS - Encryption successful, ciphertext length: 311
[1785244575] [NOISE_PROTOCOL_DEBUG] READ_MESSAGE_PAYLOAD - Decrypting payload, length: 16
[1785244575] [NOISE_PROTOCOL_DEBUG] CIPHER_ENCRYPT_TRANSPORT - Transport message with nonce prefix, total length: 315
[1785244575] [NOISE_PROTOCOL_DEBUG] DECRYPT_AND_HASH - Decrypting with cipher key, ciphertext length: 16
[1785244575] [NOISE_PROTOCOL_DEBUG] READ_MESSAGE_START - Pattern: XX, Current: 2/3
[1785244575] [NOISE_PROTOCOL_DEBUG] DECRYPT_AND_HASH_HASH - Current hash length: 32
[1785244575] [NOISE_PROTOCOL_DEBUG] CIPHER_ENCRYPT - Encrypting with key, plaintext length: 295
[1785244575] [NOISE_PROTOCOL_DEBUG] READ_MESSAGE_HASH_BEFORE - Hash before read: [112, 24, 95, 116, 118, 85, 210, 209]
[1785244575] [NOISE_PROTOCOL_DEBUG] DECRYPT_AND_HASH_HASH_BYTES - Hash bytes: [11, 231, 11, 65, 134, 89, 158, 249]
[1785244575] [NOISE_PROTOCOL_DEBUG] CIPHER_ENCRYPT_KEY - Key length: 32
[1785244575] [NOISE_PROTOCOL_DEBUG] CIPHER_DECRYPT_SUCCESS - Decryption successful, plaintext length: 0
[1785244575] [NOISE_PROTOCOL_DEBUG] READ_MESSAGE_PATTERNS - Processing patterns: [S, SE]
[1785244575] [NOISE_PROTOCOL_DEBUG] CIPHER_DECRYPT - Decrypting with key, ciphertext length: 16
[1785244575] [NOISE_PROTOCOL_DEBUG] CIPHER_ENCRYPT_NONCE - Current nonce: 3
[1785244575] [NOISE_PROTOCOL_DEBUG] DECRYPT_AND_HASH_SUCCESS - Decryption successful, plaintext length: 0
[1785244575] [NOISE_PROTOCOL_DEBUG] READ_MESSAGE_PATTERN - Processing pattern: S
[1785244575] [NOISE_PROTOCOL_DEBUG] CIPHER_ENCRYPT_ASSOCIATED_DATA - Associated data length: 0
[1785244575] [NOISE_PROTOCOL_DEBUG] READ_MESSAGE_HASH_BEFORE_PATTERN - Hash before pattern: [112, 24, 95, 116, 118, 85, 210, 209]
[1785244575] [NOISE_PROTOCOL_DEBUG] DECRYPT_AND_HASH_HASH_MIXED - Hash mixed with ciphertext
[1785244575] [NOISE_PROTOCOL_DEBUG] READ_MESSAGE_S - Reading static key
[1785244575] [NOISE_PROTOCOL_DEBUG] READ_MESSAGE_PAYLOAD_SUCCESS - Payload decrypted successfully, length: 0
[1785244575] [NOISE_PROTOCOL_DEBUG] READ_MESSAGE_S_CHECK - Checking static key length: need 48 bytes, available 64 bytes, has_cipher_key: true
[1785244575] [NOISE_PROTOCOL_DEBUG] READ_MESSAGE_COMPLETE - Message read successfully, new pattern: 3/3
[1785244575] [NOISE_PROTOCOL_DEBUG] READ_MESSAGE_S_DATA - Static key data length: 48, has_cipher_key: true
[1785244575] [NOISE_PROTOCOL_DEBUG] READ_MESSAGE_HASH_AFTER - Hash after read: [190, 199, 175, 210, 188, 226, 4, 247]
[1785244575] [NOISE_PROTOCOL_DEBUG] CIPHER_DECRYPT_SUCCESS - Decryption successful, plaintext length: 0
[1785244575] [NOISE_PROTOCOL_DEBUG] DECRYPT_AND_HASH - Decrypting with cipher key, ciphertext length: 48
[1785244575] [NOISE_PROTOCOL_DEBUG] DECRYPT_AND_HASH_SUCCESS - Decryption successful, plaintext length: 0
[1785244575] [NOISE_PROTOCOL_DEBUG] DECRYPT_AND_HASH_HASH - Current hash length: 32
[1785244575] [NOISE_PROTOCOL_DEBUG] DECRYPT_AND_HASH_HASH_MIXED - Hash mixed with ciphertext
[1785244575] [NOISE_PROTOCOL_DEBUG] READ_MESSAGE_PAYLOAD_SUCCESS - Payload decrypted successfully, length: 0
[1785244575] [NOISE_PROTOCOL_DEBUG] DECRYPT_AND_HASH_HASH_BYTES - Hash bytes: [112, 24, 95, 116, 118, 85, 210, 209]
[1785244575] [NOISE_PROTOCOL_DEBUG] READ_MESSAGE_COMPLETE - Message read successfully, new pattern: 3/3
[1785244575] [NOISE_PROTOCOL_DEBUG] CIPHER_DECRYPT - Decrypting with key, ciphertext length: 48
[1785244575] [NOISE_PROTOCOL_DEBUG] READ_MESSAGE_HASH_AFTER - Hash after read: [152, 78, 253, 236, 149, 197, 10, 4]
[1785244575] [NOISE_PROTOCOL_DEBUG] CIPHER_ENCRYPT_SUCCESS - Encryption successful, ciphertext length: 311
[1785244575] [NOISE_PROTOCOL_DEBUG] CIPHER_ENCRYPT_TRANSPORT - Transport message with nonce prefix, total length: 315
[1785244575] [NOISE_PROTOCOL_DEBUG] CIPHER_DECRYPT - Decrypting with key, ciphertext length: 65
[1785244575] [NOISE_PROTOCOL_DEBUG] CIPHER_ENCRYPT - Encrypting with key, plaintext length: 275
[1785244575] [NOISE_PROTOCOL_DEBUG] CIPHER_ENCRYPT_KEY - Key length: 32
[1785244575] [NOISE_PROTOCOL_DEBUG] CIPHER_ENCRYPT_NONCE - Current nonce: 4
[1785244575] [NOISE_PROTOCOL_DEBUG] CIPHER_ENCRYPT_ASSOCIATED_DATA - Associated data length: 0
[1785244575] [NOISE_PROTOCOL_DEBUG] CIPHER_DECRYPT_SUCCESS - Decryption successful, plaintext length: 32
[1785244575] [NOISE_PROTOCOL_DEBUG] CIPHER_DECRYPT - Decrypting with key, ciphertext length: 63
[1785244575] [NOISE_PROTOCOL_DEBUG] DECRYPT_AND_HASH_SUCCESS - Decryption successful, plaintext length: 32
[1785244575] [NOISE_PROTOCOL_DEBUG] DECRYPT_AND_HASH_HASH_MIXED - Hash mixed with ciphertext
[1785244575] [NOISE_PROTOCOL_DEBUG] READ_MESSAGE_S_DONE - Static key read and validated successfully
[1785244575] [NOISE_PROTOCOL_DEBUG] CIPHER_DECRYPT_SUCCESS - Decryption successful, plaintext length: 45
[1785244575] [NOISE_PROTOCOL_DEBUG] READ_MESSAGE_HASH_AFTER_PATTERN - Hash after pattern S: [163, 201, 22, 133, 58, 60, 60, 230]
[1785244575] [NOISE_PROTOCOL_DEBUG] READ_MESSAGE_PATTERN - Processing pattern: SE
[1785244575] [NOISE_PROTOCOL_DEBUG] CIPHER_ENCRYPT - Encrypting with key, plaintext length: 45
[1785244575] [NOISE_PROTOCOL_DEBUG] READ_MESSAGE_HASH_BEFORE_PATTERN - Hash before pattern: [163, 201, 22, 133, 58, 60, 60, 230]
[1785244575] [NOISE_PROTOCOL_DEBUG] CIPHER_ENCRYPT_KEY - Key length: 32
[1785244575] [NOISE_PROTOCOL_DEBUG] READ_MESSAGE_SE - Performing DH(static, ephemeral)
[1785244575] [NOISE_PROTOCOL_DEBUG] CIPHER_DECRYPT_SUCCESS - Decryption successful, plaintext length: 43
[1785244575] [NOISE_PROTOCOL_DEBUG] CIPHER_ENCRYPT_NONCE - Current nonce: 0
[1785244575] [NOISE_PROTOCOL_DEBUG] CIPHER_ENCRYPT_ASSOCIATED_DATA - Associated data length: 0
[1785244575] [NOISE_PROTOCOL_DEBUG] CIPHER_ENCRYPT_SUCCESS - Encryption successful, ciphertext length: 291
[1785244575] [NOISE_PROTOCOL_DEBUG] CIPHER_ENCRYPT_TRANSPORT - Transport message with nonce prefix, total length: 295
[1785244575] [NOISE_PROTOCOL_DEBUG] CIPHER_DECRYPT - Decrypting with key, ciphertext length: 315
[1785244575] [NOISE_PROTOCOL_DEBUG] CIPHER_ENCRYPT_SUCCESS - Encryption successful, ciphertext length: 61
[1785244575] [NOISE_PROTOCOL_DEBUG] CIPHER_ENCRYPT_TRANSPORT - Transport message with nonce prefix, total length: 65
[1785244575] [NOISE_PROTOCOL_DEBUG] CIPHER_DECRYPT - Decrypting with key, ciphertext length: 65
[1785244575] [NOISE_PROTOCOL_DEBUG] CIPHER_DECRYPT_SUCCESS - Decryption successful, plaintext length: 295
[1785244575] [NOISE_PROTOCOL_DEBUG] CIPHER_DECRYPT - Decrypting with key, ciphertext length: 315
[1785244575] [NOISE_PROTOCOL_DEBUG] CIPHER_DECRYPT_SUCCESS - Decryption successful, plaintext length: 45
[1785244575] [NOISE_PROTOCOL_DEBUG] CIPHER_DECRYPT_SUCCESS - Decryption successful, plaintext length: 295
[1785244575] [NOISE_PROTOCOL_DEBUG] CIPHER_DECRYPT - Decrypting with key, ciphertext length: 315
[1785244575] [NOISE_PROTOCOL_DEBUG] READ_MESSAGE_SE_DONE - DH(static, ephemeral) completed
[1785244575] [NOISE_PROTOCOL_DEBUG] READ_MESSAGE_HASH_AFTER_PATTERN - Hash after pattern SE: [163, 201, 22, 133, 58, 60, 60, 230]
[1785244575] [NOISE_PROTOCOL_DEBUG] READ_MESSAGE_PAYLOAD - Decrypting payload, length: 16
[1785244575] [NOISE_PROTOCOL_DEBUG] DECRYPT_AND_HASH - Decrypting with cipher key, ciphertext length: 16
[1785244575] [NOISE_PROTOCOL_DEBUG] DECRYPT_AND_HASH_HASH - Current hash length: 32
[1785244575] [NOISE_PROTOCOL_DEBUG] DECRYPT_AND_HASH_HASH_BYTES - Hash bytes: [163, 201, 22, 133, 58, 60, 60, 230]
[1785244575] [NOISE_PROTOCOL_DEBUG] CIPHER_DECRYPT - Decrypting with key, ciphertext length: 16
[1785244575] [NOISE_PROTOCOL_DEBUG] CIPHER_DECRYPT_SUCCESS - Decryption successful, plaintext length: 295
[1785244575] [NOISE_PROTOCOL_DEBUG] CIPHER_DECRYPT - Decrypting with key, ciphertext length: 295
[1785244575] [NOISE_PROTOCOL_DEBUG] CIPHER_DECRYPT_SUCCESS - Decryption successful, plaintext length: 0
[1785244575] [NOISE_PROTOCOL_DEBUG] DECRYPT_AND_HASH_SUCCESS - Decryption successful, plaintext length: 0
[1785244575] [NOISE_PROTOCOL_DEBUG] DECRYPT_AND_HASH_HASH_MIXED - Hash mixed with ciphertext
[1785244575] [NOISE_PROTOCOL_DEBUG] READ_MESSAGE_PAYLOAD_SUCCESS - Payload decrypted successfully, length: 0
[1785244575] [NOISE_PROTOCOL_DEBUG] READ_MESSAGE_COMPLETE - Message read successfully, new pattern: 3/3
[1785244575] [NOISE_PROTOCOL_DEBUG] READ_MESSAGE_HASH_AFTER - Hash after read: [240, 151, 221, 173, 147, 165, 250, 222]
[1785244575] [NOISE_PROTOCOL_DEBUG] CIPHER_DECRYPT_SUCCESS - Decryption successful, plaintext length: 275
[1785244575] [NOISE_PROTOCOL_DEBUG] CIPHER_DECRYPT - Decrypting with key, ciphertext length: 74
[1785244575] [NOISE_PROTOCOL_DEBUG] CIPHER_DECRYPT_SUCCESS - Decryption successful, plaintext length: 54
[1785280181] [NOISE_PROTOCOL_DEBUG] HANDSHAKE_INIT - Protocol name: Noise_XX_25519_ChaChaPoly_SHA256
[1785280181] [NOISE_PROTOCOL_DEBUG] HANDSHAKE_INIT - Protocol name: Noise_XX_25519_ChaChaPoly_SHA256
[1785280181] [NOISE_PROTOCOL_DEBUG] HANDSHAKE_INIT - Initial hash: [78, 111, 105, 115, 101, 95, 88, 88]
[1785280181] [NOISE_PROTOCOL_DEBUG] HANDSHAKE_INIT - Initial chaining key: [78, 111, 105, 115, 101, 95, 88, 88]
[1785280181] [NOISE_PROTOCOL_DEBUG] HANDSHAKE_INIT - Initial hash: [78, 111, 105, 115, 101, 95, 88, 88]
[1785280181] [NOISE_PROTOCOL_DEBUG] HANDSHAKE_INIT - Initial chaining key: [78, 111, 105, 115, 101, 95, 88, 88]
[1785280181] [NOISE_PROTOCOL_DEBUG] HANDSHAKE_INIT - Protocol name: Noise_XX_25519_ChaChaPoly_SHA256
[1785280181] [NOISE_PROTOCOL_DEBUG] HANDSHAKE_INIT - Initial hash: [78, 111, 105, 115, 101, 95, 88, 88]
[1785280181] [NOISE_PROTOCOL_DEBUG] HANDSHAKE_INIT - Initial chaining key: [78, 111, 105, 115, 101, 95, 88, 88]
[1785280181] [NOISE_PROTOCOL_DEBUG] WRITE_MESSAGE_START - Pattern: XX, Current: 0/3
[1785280181] [NOISE_PROTOCOL_DEBUG] WRITE_MESSAGE_PATTERNS - Processing patterns: [E]
[1785280181] [NOISE_PROTOCOL_DEBUG] WRITE_MESSAGE_PATTERN - Processing pattern: E
[1785280181] [NOISE_PROTOCOL_DEBUG] WRITE_MESSAGE_START - Pattern: XX, Current: 0/3
[1785280181] [NOISE_PROTOCOL_DEBUG] WRITE_MESSAGE_E - Generating ephemeral key
[1785280181] [NOISE_PROTOCOL_DEBUG] WRITE_MESSAGE_PATTERNS - Processing patterns: [E]
[1785280181] [NOISE_PROTOCOL_DEBUG] WRITE_MESSAGE_PATTERN - Processing pattern: E
[1785280181] [NOISE_PROTOCOL_DEBUG] WRITE_MESSAGE_E - Generating ephemeral key
[1785280181] [NOISE_PROTOCOL_DEBUG] HANDSHAKE_INIT - Protocol name: Noise_XX_25519_ChaChaPoly_SHA256
[1785280181] [NOISE_PROTOCOL_DEBUG] HANDSHAKE_INIT - Initial hash: [78, 111, 105, 115, 101, 95, 88, 88]
[1785280181] [NOISE_PROTOCOL_DEBUG] HANDSHAKE_INIT - Initial chaining key: [78, 111, 105, 115, 101, 95, 88, 88]
[1785280181] [NOISE_PROTOCOL_DEBUG] WRITE_MESSAGE_START - Pattern: XX, Current: 0/3
[1785280181] [NOISE_PROTOCOL_DEBUG] WRITE_MESSAGE_PATTERNS - Processing patterns: [E]
[1785280181] [NOISE_PROTOCOL_DEBUG] WRITE_MESSAGE_PATTERN - Processing pattern: E
[1785280181] [NOISE_PROTOCOL_DEBUG] WRITE_MESSAGE_E - Generating ephemeral key
[1785280181] [NOISE_PROTOCOL_DEBUG] HANDSHAKE_INIT - Protocol name: Noise_XX_25519_ChaChaPoly_SHA256
[1785280181] [NOISE_PROTOCOL_DEBUG] WRITE_MESSAGE_E_DONE - Ephemeral key generated, buffer size: 32
[1785280181] [NOISE_PROTOCOL_DEBUG] HANDSHAKE_INIT - Initial hash: [78, 111, 105, 115, 101, 95, 88, 88]
[1785280181] [NOISE_PROTOCOL_DEBUG] WRITE_MESSAGE_START - Pattern: XX, Current: 0/3
[1785280181] [NOISE_PROTOCOL_DEBUG] WRITE_MESSAGE_ENCRYPT - Encrypting payload of 0 bytes
[1785280181] [NOISE_PROTOCOL_DEBUG] HANDSHAKE_INIT - Initial chaining key: [78, 111, 105, 115, 101, 95, 88, 88]
[1785280181] [NOISE_PROTOCOL_DEBUG] WRITE_MESSAGE_PATTERNS - Processing patterns: [E]
[1785280181] [NOISE_PROTOCOL_DEBUG] WRITE_MESSAGE_E_DONE - Ephemeral key generated, buffer size: 32
[1785280181] [NOISE_PROTOCOL_DEBUG] WRITE_MESSAGE_ENCRYPT_DONE - Payload encrypted, total buffer size: 32
[1785280181] [NOISE_PROTOCOL_DEBUG] WRITE_MESSAGE_PATTERN - Processing pattern: E
[1785280181] [NOISE_PROTOCOL_DEBUG] WRITE_MESSAGE_ENCRYPT - Encrypting payload of 0 bytes
[1785280181] [NOISE_PROTOCOL_DEBUG] WRITE_MESSAGE_E - Generating ephemeral key
[1785280181] [NOISE_PROTOCOL_DEBUG] WRITE_MESSAGE_COMPLETE - Message written, pattern 0 complete
[1785280181] [NOISE_PROTOCOL_DEBUG] WRITE_MESSAGE_ENCRYPT_DONE - Payload encrypted, total buffer size: 32
[1785280181] [NOISE_PROTOCOL_DEBUG] WRITE_MESSAGE_COMPLETE - Message written, pattern 0 complete
[1785280181] [NOISE_PROTOCOL_DEBUG] HANDSHAKE_INIT - Protocol name: Noise_XX_25519_ChaChaPoly_SHA256
[1785280181] [NOISE_PROTOCOL_DEBUG] HANDSHAKE_INIT - Initial hash: [78, 111, 105, 115, 101, 95, 88, 88]
[1785280181] [NOISE_PROTOCOL_DEBUG] HANDSHAKE_INIT - Protocol name: Noise_XX_25519_ChaChaPoly_SHA256
[1785280181] [NOISE_PROTOCOL_DEBUG] HANDSHAKE_INIT - Initial chaining key: [78, 111, 105, 115, 101, 95, 88, 88]
[1785280181] [NOISE_PROTOCOL_DEBUG] HANDSHAKE_INIT - Initial hash: [78, 111, 105, 115, 101, 95, 88, 88]
[1785280181] [NOISE_PROTOCOL_DEBUG] HANDSHAKE_INIT - Initial chaining key: [78, 111, 105, 115, 101, 95, 88, 88]
[1785280181] [NOISE_PROTOCOL_DEBUG] WRITE_MESSAGE_START - Pattern: XX, Current: 0/3
[1785280181] [NOISE_PROTOCOL_DEBUG] WRITE_MESSAGE_PATTERNS - Processing patterns: [E]
[1785280181] [NOISE_PROTOCOL_DEBUG] WRITE_MESSAGE_PATTERN - Processing pattern: E
[1785280181] [NOISE_PROTOCOL_DEBUG] WRITE_MESSAGE_E_DONE - Ephemeral key generated, buffer size: 32
[1785280181] [NOISE_PROTOCOL_DEBUG] WRITE_MESSAGE_E - Generating ephemeral key
[1785280181] [NOISE_PROTOCOL_DEBUG] WRITE_MESSAGE_ENCRYPT - Encrypting payload of 0 bytes
[1785280181] [NOISE_PROTOCOL_DEBUG] WRITE_MESSAGE_ENCRYPT_DONE - Payload encrypted, total buffer size: 32
[1785280181] [NOISE_PROTOCOL_DEBUG] READ_MESSAGE_START - Pattern: XX, Current: 0/3
[1785280181] [NOISE_PROTOCOL_DEBUG] WRITE_MESSAGE_COMPLETE - Message written, pattern 0 complete
[1785280181] [NOISE_PROTOCOL_DEBUG] READ_MESSAGE_HASH_BEFORE - Hash before read: [243, 209, 94, 97, 8, 237, 149, 86]
[1785280181] [NOISE_PROTOCOL_DEBUG] READ_MESSAGE_PATTERNS - Processing patterns: [E]
[1785280181] [NOISE_PROTOCOL_DEBUG] READ_MESSAGE_PATTERN - Processing pattern: E
[1785280181] [NOISE_PROTOCOL_DEBUG] READ_MESSAGE_HASH_BEFORE_PATTERN - Hash before pattern: [243, 209, 94, 97, 8, 237, 149, 86]
[1785280181] [NOISE_PROTOCOL_DEBUG] READ_MESSAGE_E - Reading ephemeral key
[1785280181] [NOISE_PROTOCOL_DEBUG] HANDSHAKE_INIT - Protocol name: Noise_XX_25519_ChaChaPoly_SHA256
[1785280181] [NOISE_PROTOCOL_DEBUG] READ_MESSAGE_E_BYTES - Ephemeral key bytes: [203, 104, 39, 175, 82, 51, 126, 239]
[1785280181] [NOISE_PROTOCOL_DEBUG] READ_MESSAGE_START - Pattern: XX, Current: 0/3
[1785280181] [NOISE_PROTOCOL_DEBUG] HANDSHAKE_INIT - Initial hash: [78, 111, 105, 115, 101, 95, 88, 88]
[1785280181] [NOISE_PROTOCOL_DEBUG] READ_MESSAGE_HASH_BEFORE - Hash before read: [243, 209, 94, 97, 8, 237, 149, 86]
[1785280181] [NOISE_PROTOCOL_DEBUG] HANDSHAKE_INIT - Initial chaining key: [78, 111, 105, 115, 101, 95, 88, 88]
[1785280181] [NOISE_PROTOCOL_DEBUG] READ_MESSAGE_E_DONE - Ephemeral key read, offset: 32
[1785280181] [NOISE_PROTOCOL_DEBUG] READ_MESSAGE_PATTERNS - Processing patterns: [E]
[1785280181] [NOISE_PROTOCOL_DEBUG] READ_MESSAGE_HASH_AFTER_PATTERN - Hash after pattern E: [240, 35, 18, 185, 249, 23, 196, 84]
[1785280181] [NOISE_PROTOCOL_DEBUG] READ_MESSAGE_PATTERN - Processing pattern: E
[1785280181] [NOISE_PROTOCOL_DEBUG] READ_MESSAGE_PAYLOAD - Decrypting payload, length: 0
[1785280181] [NOISE_PROTOCOL_DEBUG] READ_MESSAGE_HASH_BEFORE_PATTERN - Hash before pattern: [243, 209, 94, 97, 8, 237, 149, 86]
[1785280181] [NOISE_PROTOCOL_DEBUG] DECRYPT_AND_HASH - No cipher key, treating as plaintext, length: 0
[1785280181] [NOISE_PROTOCOL_DEBUG] READ_MESSAGE_E - Reading ephemeral key
[1785280181] [NOISE_PROTOCOL_DEBUG] READ_MESSAGE_E_BYTES - Ephemeral key bytes: [117, 136, 44, 227, 103, 163, 134, 156]
[1785280181] [NOISE_PROTOCOL_DEBUG] DECRYPT_AND_HASH_PLAINTEXT - Hash mixed with plaintext
[1785280181] [NOISE_PROTOCOL_DEBUG] READ_MESSAGE_PAYLOAD_SUCCESS - Payload decrypted successfully, length: 0
[1785280181] [NOISE_PROTOCOL_DEBUG] READ_MESSAGE_E_DONE - Ephemeral key read, offset: 32
[1785280181] [NOISE_PROTOCOL_DEBUG] READ_MESSAGE_COMPLETE - Message read successfully, new pattern: 1/3
[1785280181] [NOISE_PROTOCOL_DEBUG] READ_MESSAGE_HASH_AFTER_PATTERN - Hash after pattern E: [111, 95, 160, 5, 25, 68, 202, 129]
[1785280181] [NOISE_PROTOCOL_DEBUG] READ_MESSAGE_HASH_AFTER - Hash after read: [225, 219, 32, 233, 110, 252, 107, 22]
[1785280181] [NOISE_PROTOCOL_DEBUG] READ_MESSAGE_PAYLOAD - Decrypting payload, length: 0
[1785280181] [NOISE_PROTOCOL_DEBUG] WRITE_MESSAGE_START - Pattern: XX, Current: 1/3
[1785280181] [NOISE_PROTOCOL_DEBUG] DECRYPT_AND_HASH - No cipher key, treating as plaintext, length: 0
[1785280181] [NOISE_PROTOCOL_DEBUG] WRITE_MESSAGE_E_DONE - Ephemeral key generated, buffer size: 32
[1785280181] [NOISE_PROTOCOL_DEBUG] WRITE_MESSAGE_PATTERNS - Processing patterns: [E, EE, S, ES]
[1785280181] [NOISE_PROTOCOL_DEBUG] WRITE_MESSAGE_ENCRYPT - Encrypting payload of 0 bytes
[1785280181] [NOISE_PROTOCOL_DEBUG] DECRYPT_AND_HASH_PLAINTEXT - Hash mixed with plaintext
[1785280181] [NOISE_PROTOCOL_DEBUG] WRITE_MESSAGE_PATTERN - Processing pattern: E
[1785280181] [NOISE_PROTOCOL_DEBUG] READ_MESSAGE_START - Pattern: XX, Current: 0/3
[1785280181] [NOISE_PROTOCOL_DEBUG] READ_MESSAGE_PAYLOAD_SUCCESS - Payload decrypted successfully, length: 0
[1785280181] [NOISE_PROTOCOL_DEBUG] WRITE_MESSAGE_E - Generating ephemeral key
[1785280181] [NOISE_PROTOCOL_DEBUG] WRITE_MESSAGE_ENCRYPT_DONE - Payload encrypted, total buffer size: 32
[1785280181] [NOISE_PROTOCOL_DEBUG] READ_MESSAGE_HASH_BEFORE - Hash before read: [243, 209, 94, 97, 8, 237, 149, 86]
[1785280181] [NOISE_PROTOCOL_DEBUG] READ_MESSAGE_COMPLETE - Message read successfully, new pattern: 1/3
[1785280181] [NOISE_PROTOCOL_DEBUG] WRITE_MESSAGE_COMPLETE - Message written, pattern 0 complete
[1785280181] [NOISE_PROTOCOL_DEBUG] READ_MESSAGE_PATTERNS - Processing patterns: [E]
[1785280181] [NOISE_PROTOCOL_DEBUG] READ_MESSAGE_HASH_AFTER - Hash after read: [95, 203, 122, 0, 200, 125, 143, 131]
[1785280181] [NOISE_PROTOCOL_DEBUG] WRITE_MESSAGE_START - Pattern: XX, Current: 1/3
[1785280181] [NOISE_PROTOCOL_DEBUG] READ_MESSAGE_PATTERN - Processing pattern: E
[1785280181] [NOISE_PROTOCOL_DEBUG] WRITE_MESSAGE_PATTERNS - Processing patterns: [E, EE, S, ES]
[1785280181] [NOISE_PROTOCOL_DEBUG] READ_MESSAGE_HASH_BEFORE_PATTERN - Hash before pattern: [243, 209, 94, 97, 8, 237, 149, 86]
[1785280181] [NOISE_PROTOCOL_DEBUG] WRITE_MESSAGE_PATTERN - Processing pattern: E
[1785280181] [NOISE_PROTOCOL_DEBUG] HANDSHAKE_INIT - Protocol name: Noise_XX_25519_ChaChaPoly_SHA256
[1785280181] [NOISE_PROTOCOL_DEBUG] READ_MESSAGE_E - Reading ephemeral key
[1785280181] [NOISE_PROTOCOL_DEBUG] WRITE_MESSAGE_E - Generating ephemeral key
[1785280181] [NOISE_PROTOCOL_DEBUG] HANDSHAKE_INIT - Initial hash: [78, 111, 105, 115, 101, 95, 88, 88]
[1785280181] [NOISE_PROTOCOL_DEBUG] READ_MESSAGE_E_BYTES - Ephemeral key bytes: [83, 33, 90, 14, 234, 43, 71, 149]
[1785280181] [NOISE_PROTOCOL_DEBUG] HANDSHAKE_INIT - Initial chaining key: [78, 111, 105, 115, 101, 95, 88, 88]
[1785280181] [NOISE_PROTOCOL_DEBUG] READ_MESSAGE_E_DONE - Ephemeral key read, offset: 32
[1785280181] [NOISE_PROTOCOL_DEBUG] READ_MESSAGE_HASH_AFTER_PATTERN - Hash after pattern E: [28, 92, 41, 242, 217, 95, 96, 2]
[1785280181] [NOISE_PROTOCOL_DEBUG] READ_MESSAGE_PAYLOAD - Decrypting payload, length: 0
[1785280181] [NOISE_PROTOCOL_DEBUG] DECRYPT_AND_HASH - No cipher key, treating as plaintext, length: 0
[1785280181] [NOISE_PROTOCOL_DEBUG] WRITE_MESSAGE_E_DONE - Ephemeral key generated, buffer size: 32
[1785280181] [NOISE_PROTOCOL_DEBUG] DECRYPT_AND_HASH_PLAINTEXT - Hash mixed with plaintext
[1785280181] [NOISE_PROTOCOL_DEBUG] WRITE_MESSAGE_PATTERN - Processing pattern: EE
[1785280181] [NOISE_PROTOCOL_DEBUG] READ_MESSAGE_PAYLOAD_SUCCESS - Payload decrypted successfully, length: 0
[1785280181] [NOISE_PROTOCOL_DEBUG] WRITE_MESSAGE_EE - Performing DH(ephemeral, ephemeral)
[1785280181] [NOISE_PROTOCOL_DEBUG] READ_MESSAGE_COMPLETE - Message read successfully, new pattern: 1/3
[1785280181] [NOISE_PROTOCOL_DEBUG] READ_MESSAGE_HASH_AFTER - Hash after read: [68, 51, 213, 158, 155, 149, 16, 232]
[1785280181] [NOISE_PROTOCOL_DEBUG] WRITE_MESSAGE_START - Pattern: XX, Current: 1/3
[1785280181] [NOISE_PROTOCOL_DEBUG] WRITE_MESSAGE_PATTERNS - Processing patterns: [E, EE, S, ES]
[1785280181] [NOISE_PROTOCOL_DEBUG] WRITE_MESSAGE_PATTERN - Processing pattern: E
[1785280181] [NOISE_PROTOCOL_DEBUG] WRITE_MESSAGE_E - Generating ephemeral key
[1785280181] [NOISE_PROTOCOL_DEBUG] WRITE_MESSAGE_E_DONE - Ephemeral key generated, buffer size: 32
[1785280181] [NOISE_PROTOCOL_DEBUG] WRITE_MESSAGE_PATTERN - Processing pattern: EE
[1785280181] [NOISE_PROTOCOL_DEBUG] WRITE_MESSAGE_EE - Performing DH(ephemeral, ephemeral)
[1785280181] [NOISE_PROTOCOL_DEBUG] WRITE_MESSAGE_E_DONE - Ephemeral key generated, buffer size: 32
[1785280181] [NOISE_PROTOCOL_DEBUG] WRITE_MESSAGE_ENCRYPT - Encrypting payload of 0 bytes
[1785280181] [NOISE_PROTOCOL_DEBUG] WRITE_MESSAGE_ENCRYPT_DONE - Payload encrypted, total buffer size: 32
[1785280181] [NOISE_PROTOCOL_DEBUG] WRITE_MESSAGE_COMPLETE - Message written, pattern 0 complete
[1785280181] [NOISE_PROTOCOL_DEBUG] READ_MESSAGE_START - Pattern: XX, Current: 0/3
[1785280181] [NOISE_PROTOCOL_DEBUG] READ_MESSAGE_HASH_BEFORE - Hash before read: [243, 209, 94, 97, 8, 237, 149, 86]
[1785280181] [NOISE_PROTOCOL_DEBUG] WRITE_MESSAGE_E_DONE - Ephemeral key generated, buffer size: 32
[1785280181] [NOISE_PROTOCOL_DEBUG] READ_MESSAGE_PATTERNS - Processing patterns: [E]
[1785280181] [NOISE_PROTOCOL_DEBUG] WRITE_MESSAGE_PATTERN - Processing pattern: EE
[1785280181] [NOISE_PROTOCOL_DEBUG] READ_MESSAGE_PATTERN - Processing pattern: E
[1785280181] [NOISE_PROTOCOL_DEBUG] HANDSHAKE_INIT - Protocol name: Noise_XX_25519_ChaChaPoly_SHA256
[1785280181] [NOISE_PROTOCOL_DEBUG] WRITE_MESSAGE_EE - Performing DH(ephemeral, ephemeral)
[1785280181] [NOISE_PROTOCOL_DEBUG] READ_MESSAGE_HASH_BEFORE_PATTERN - Hash before pattern: [243, 209, 94, 97, 8, 237, 149, 86]
[1785280181] [NOISE_PROTOCOL_DEBUG] HANDSHAKE_INIT - Initial hash: [78, 111, 105, 115, 101, 95, 88, 88]
[1785280181] [NOISE_PROTOCOL_DEBUG] READ_MESSAGE_E - Reading ephemeral key
[1785280181] [NOISE_PROTOCOL_DEBUG] HANDSHAKE_INIT - Initial chaining key: [78, 111, 105, 115, 101, 95, 88, 88]
[1785280181] [NOISE_PROTOCOL_DEBUG] READ_MESSAGE_E_BYTES - Ephemeral key bytes: [25, 32, 233, 205, 39, 232, 28, 210]
[1785280181] [NOISE_PROTOCOL_DEBUG] READ_MESSAGE_E_DONE - Ephemeral key read, offset: 32
[1785280181] [NOISE_PROTOCOL_DEBUG] READ_MESSAGE_HASH_AFTER_PATTERN - Hash after pattern E: [176, 96, 146, 74, 143, 102, 189, 174]
[1785280181] [NOISE_PROTOCOL_DEBUG] READ_MESSAGE_PAYLOAD - Decrypting payload, length: 0
[1785280181] [NOISE_PROTOCOL_DEBUG] DECRYPT_AND_HASH - No cipher key, treating as plaintext, length: 0
[1785280181] [NOISE_PROTOCOL_DEBUG] DECRYPT_AND_HASH_PLAINTEXT - Hash mixed with plaintext
[1785280181] [NOISE_PROTOCOL_DEBUG] READ_MESSAGE_PAYLOAD_SUCCESS - Payload decrypted successfully, length: 0
[1785280181] [NOISE_PROTOCOL_DEBUG] READ_MESSAGE_COMPLETE - Message read successfully, new pattern: 1/3
[1785280181] [NOISE_PROTOCOL_DEBUG] READ_MESSAGE_HASH_AFTER - Hash after read: [148, 36, 215, 16, 230, 242, 57, 52]
[1785280181] [NOISE_PROTOCOL_DEBUG] WRITE_MESSAGE_START - Pattern: XX, Current: 1/3
[1785280181] [NOISE_PROTOCOL_DEBUG] WRITE_MESSAGE_PATTERNS - Processing patterns: [E, EE, S, ES]
[1785280181] [NOISE_PROTOCOL_DEBUG] WRITE_MESSAGE_PATTERN - Processing pattern: E
[1785280181] [NOISE_PROTOCOL_DEBUG] WRITE_MESSAGE_E - Generating ephemeral key
[1785280181] [NOISE_PROTOCOL_DEBUG] WRITE_MESSAGE_EE_DONE - DH(ephemeral, ephemeral) completed
[1785280181] [NOISE_PROTOCOL_DEBUG] WRITE_MESSAGE_PATTERN - Processing pattern: S
[1785280181] [NOISE_PROTOCOL_DEBUG] WRITE_MESSAGE_S - Sending static key
[1785280181] [NOISE_PROTOCOL_DEBUG] CIPHER_ENCRYPT - Encrypting with key, plaintext length: 32
[1785280181] [NOISE_PROTOCOL_DEBUG] CIPHER_ENCRYPT_KEY - Key length: 32
[1785280181] [NOISE_PROTOCOL_DEBUG] READ_MESSAGE_START - Pattern: XX, Current: 0/3
[1785280181] [NOISE_PROTOCOL_DEBUG] CIPHER_ENCRYPT_NONCE - Current nonce: 0
[1785280181] [NOISE_PROTOCOL_DEBUG] READ_MESSAGE_HASH_BEFORE - Hash before read: [243, 209, 94, 97, 8, 237, 149, 86]
[1785280181] [NOISE_PROTOCOL_DEBUG] CIPHER_ENCRYPT_ASSOCIATED_DATA - Associated data length: 32
[1785280181] [NOISE_PROTOCOL_DEBUG] READ_MESSAGE_PATTERNS - Processing patterns: [E]
[1785280181] [NOISE_PROTOCOL_DEBUG] READ_MESSAGE_PATTERN - Processing pattern: E
[1785280181] [NOISE_PROTOCOL_DEBUG] READ_MESSAGE_HASH_BEFORE_PATTERN - Hash before pattern: [243, 209, 94, 97, 8, 237, 149, 86]
[1785280181] [NOISE_PROTOCOL_DEBUG] WRITE_MESSAGE_EE_DONE - DH(ephemeral, ephemeral) completed
[1785280181] [NOISE_PROTOCOL_DEBUG] READ_MESSAGE_E - Reading ephemeral key
[1785280181] [NOISE_PROTOCOL_DEBUG] WRITE_MESSAGE_PATTERN - Processing pattern: S
[1785280181] [NOISE_PROTOCOL_DEBUG] READ_MESSAGE_E_BYTES - Ephemeral key bytes: [33, 136, 110, 15, 14, 141, 246, 180]
[1785280181] [NOISE_PROTOCOL_DEBUG] WRITE_MESSAGE_S - Sending static key
[1785280181] [NOISE_PROTOCOL_DEBUG] CIPHER_ENCRYPT - Encrypting with key, plaintext length: 32
[1785280181] [NOISE_PROTOCOL_DEBUG] READ_MESSAGE_E_DONE - Ephemeral key read, offset: 32
[1785280181] [NOISE_PROTOCOL_DEBUG] CIPHER_ENCRYPT_KEY - Key length: 32
[1785280181] [NOISE_PROTOCOL_DEBUG] WRITE_MESSAGE_E_DONE - Ephemeral key generated, buffer size: 32
[1785280181] [NOISE_PROTOCOL_DEBUG] READ_MESSAGE_HASH_AFTER_PATTERN - Hash after pattern E: [165, 88, 47, 243, 20, 170, 240, 154]
[1785280181] [NOISE_PROTOCOL_DEBUG] CIPHER_ENCRYPT_NONCE - Current nonce: 0
[1785280181] [NOISE_PROTOCOL_DEBUG] WRITE_MESSAGE_PATTERN - Processing pattern: EE
[1785280181] [NOISE_PROTOCOL_DEBUG] READ_MESSAGE_PAYLOAD - Decrypting payload, length: 0
[1785280181] [NOISE_PROTOCOL_DEBUG] CIPHER_ENCRYPT_ASSOCIATED_DATA - Associated data length: 32
[1785280181] [NOISE_PROTOCOL_DEBUG] WRITE_MESSAGE_EE - Performing DH(ephemeral, ephemeral)
[1785280181] [NOISE_PROTOCOL_DEBUG] DECRYPT_AND_HASH - No cipher key, treating as plaintext, length: 0
[1785280181] [NOISE_PROTOCOL_DEBUG] CIPHER_ENCRYPT_SUCCESS - Encryption successful, ciphertext length: 48
[1785280181] [NOISE_PROTOCOL_DEBUG] DECRYPT_AND_HASH_PLAINTEXT - Hash mixed with plaintext
[1785280181] [NOISE_PROTOCOL_DEBUG] READ_MESSAGE_PAYLOAD_SUCCESS - Payload decrypted successfully, length: 0
[1785280181] [NOISE_PROTOCOL_DEBUG] WRITE_MESSAGE_S_DONE - Static key encrypted and sent, buffer size: 80
[1785280181] [NOISE_PROTOCOL_DEBUG] READ_MESSAGE_COMPLETE - Message read successfully, new pattern: 1/3
[1785280181] [NOISE_PROTOCOL_DEBUG] WRITE_MESSAGE_PATTERN - Processing pattern: ES
[1785280181] [NOISE_PROTOCOL_DEBUG] READ_MESSAGE_HASH_AFTER - Hash after read: [161, 2, 239, 197, 2, 251, 160, 113]
[1785280181] [NOISE_PROTOCOL_DEBUG] WRITE_MESSAGE_ES - Performing DH(ephemeral, static), role: Responder
[1785280181] [NOISE_PROTOCOL_DEBUG] WRITE_MESSAGE_EE_DONE - DH(ephemeral, ephemeral) completed
[1785280181] [NOISE_PROTOCOL_DEBUG] WRITE_MESSAGE_START - Pattern: XX, Current: 1/3
[1785280181] [NOISE_PROTOCOL_DEBUG] WRITE_MESSAGE_PATTERN - Processing pattern: S
[1785280181] [NOISE_PROTOCOL_DEBUG] WRITE_MESSAGE_PATTERNS - Processing patterns: [E, EE, S, ES]
[1785280181] [NOISE_PROTOCOL_DEBUG] WRITE_MESSAGE_S - Sending static key
[1785280181] [NOISE_PROTOCOL_DEBUG] WRITE_MESSAGE_PATTERN - Processing pattern: E
[1785280181] [NOISE_PROTOCOL_DEBUG] CIPHER_ENCRYPT - Encrypting with key, plaintext length: 32
[1785280181] [NOISE_PROTOCOL_DEBUG] WRITE_MESSAGE_E - Generating ephemeral key
[1785280181] [NOISE_PROTOCOL_DEBUG] CIPHER_ENCRYPT_KEY - Key length: 32
[1785280181] [NOISE_PROTOCOL_DEBUG] CIPHER_ENCRYPT_NONCE - Current nonce: 0
[1785280181] [NOISE_PROTOCOL_DEBUG] CIPHER_ENCRYPT_ASSOCIATED_DATA - Associated data length: 32
[1785280181] [NOISE_PROTOCOL_DEBUG] CIPHER_ENCRYPT_SUCCESS - Encryption successful, ciphertext length: 48
[1785280181] [NOISE_PROTOCOL_DEBUG] WRITE_MESSAGE_S_DONE - Static key encrypted and sent, buffer size: 80
[1785280181] [NOISE_PROTOCOL_DEBUG] WRITE_MESSAGE_PATTERN - Processing pattern: ES
[1785280181] [NOISE_PROTOCOL_DEBUG] WRITE_MESSAGE_ES - Performing DH(ephemeral, static), role: Responder
[1785280181] [NOISE_PROTOCOL_DEBUG] CIPHER_ENCRYPT_SUCCESS - Encryption successful, ciphertext length: 48
[1785280181] [NOISE_PROTOCOL_DEBUG] WRITE_MESSAGE_S_DONE - Static key encrypted and sent, buffer size: 80
[1785280181] [NOISE_PROTOCOL_DEBUG] WRITE_MESSAGE_PATTERN - Processing pattern: ES
[1785280181] [NOISE_PROTOCOL_DEBUG] WRITE_MESSAGE_E_DONE - Ephemeral key generated, buffer size: 32
[1785280181] [NOISE_PROTOCOL_DEBUG] WRITE_MESSAGE_ES - Performing DH(ephemeral, static), role: Responder
[1785280181] [NOISE_PROTOCOL_DEBUG] WRITE_MESSAGE_PATTERN - Processing pattern: EE
[1785280181] [NOISE_PROTOCOL_DEBUG] WRITE_MESSAGE_EE - Performing DH(ephemeral, ephemeral)
[1785280181] [NOISE_PROTOCOL_DEBUG] WRITE_MESSAGE_EE_DONE - DH(ephemeral, ephemeral) completed
[1785280181] [NOISE_PROTOCOL_DEBUG] WRITE_MESSAGE_PATTERN - Processing pattern: S
[1785280181] [NOISE_PROTOCOL_DEBUG] WRITE_MESSAGE_S - Sending static key
[1785280181] [NOISE_PROTOCOL_DEBUG] WRITE_MESSAGE_ES_DONE - DH(ephemeral, static) completed for responder
[1785280181] [NOISE_PROTOCOL_DEBUG] CIPHER_ENCRYPT - Encrypting with key, plaintext length: 32
[1785280181] [NOISE_PROTOCOL_DEBUG] WRITE_MESSAGE_ENCRYPT - Encrypting payload of 0 bytes
[1785280181] [NOISE_PROTOCOL_DEBUG] CIPHER_ENCRYPT_KEY - Key length: 32
[1785280181] [NOISE_PROTOCOL_DEBUG] CIPHER_ENCRYPT - Encrypting with key, plaintext length: 0
[1785280181] [NOISE_PROTOCOL_DEBUG] CIPHER_ENCRYPT_NONCE - Current nonce: 0
[1785280181] [NOISE_PROTOCOL_DEBUG] CIPHER_ENCRYPT_KEY - Key length: 32
[1785280181] [NOISE_PROTOCOL_DEBUG] CIPHER_ENCRYPT_ASSOCIATED_DATA - Associated data length: 32
[1785280181] [NOISE_PROTOCOL_DEBUG] CIPHER_ENCRYPT_NONCE - Current nonce: 0
[1785280181] [NOISE_PROTOCOL_DEBUG] CIPHER_ENCRYPT_ASSOCIATED_DATA - Associated data length: 32
[1785280181] [NOISE_PROTOCOL_DEBUG] CIPHER_ENCRYPT_SUCCESS - Encryption successful, ciphertext length: 16
[1785280181] [NOISE_PROTOCOL_DEBUG] WRITE_MESSAGE_ES_DONE - DH(ephemeral, static) completed for responder
[1785280181] [NOISE_PROTOCOL_DEBUG] WRITE_MESSAGE_ENCRYPT_DONE - Payload encrypted, total buffer size: 96
[1785280181] [NOISE_PROTOCOL_DEBUG] WRITE_MESSAGE_ENCRYPT - Encrypting payload of 0 bytes
[1785280181] [NOISE_PROTOCOL_DEBUG] WRITE_MESSAGE_COMPLETE - Message written, pattern 1 complete
[1785280181] [NOISE_PROTOCOL_DEBUG] CIPHER_ENCRYPT - Encrypting with key, plaintext length: 0
[1785280181] [NOISE_PROTOCOL_DEBUG] CIPHER_ENCRYPT_SUCCESS - Encryption successful, ciphertext length: 48
[1785280181] [NOISE_PROTOCOL_DEBUG] CIPHER_ENCRYPT_KEY - Key length: 32
[1785280181] [NOISE_PROTOCOL_DEBUG] CIPHER_ENCRYPT_NONCE - Current nonce: 0
[1785280181] [NOISE_PROTOCOL_DEBUG] WRITE_MESSAGE_S_DONE - Static key encrypted and sent, buffer size: 80
[1785280181] [NOISE_PROTOCOL_DEBUG] CIPHER_ENCRYPT_ASSOCIATED_DATA - Associated data length: 32
[1785280181] [NOISE_PROTOCOL_DEBUG] WRITE_MESSAGE_PATTERN - Processing pattern: ES
[1785280181] [NOISE_PROTOCOL_DEBUG] READ_MESSAGE_START - Pattern: XX, Current: 1/3
[1785280181] [NOISE_PROTOCOL_DEBUG] WRITE_MESSAGE_ES - Performing DH(ephemeral, static), role: Responder
[1785280181] [NOISE_PROTOCOL_DEBUG] WRITE_MESSAGE_ES_DONE - DH(ephemeral, static) completed for responder
[1785280181] [NOISE_PROTOCOL_DEBUG] READ_MESSAGE_HASH_BEFORE - Hash before read: [225, 219, 32, 233, 110, 252, 107, 22]
[1785280181] [NOISE_PROTOCOL_DEBUG] WRITE_MESSAGE_ENCRYPT - Encrypting payload of 0 bytes
[1785280181] [NOISE_PROTOCOL_DEBUG] READ_MESSAGE_PATTERNS - Processing patterns: [E, EE, S, ES]
[1785280181] [NOISE_PROTOCOL_DEBUG] WRITE_MESSAGE_EE_DONE - DH(ephemeral, ephemeral) completed
[1785280181] [NOISE_PROTOCOL_DEBUG] CIPHER_ENCRYPT - Encrypting with key, plaintext length: 0
[1785280181] [NOISE_PROTOCOL_DEBUG] READ_MESSAGE_PATTERN - Processing pattern: E
[1785280181] [NOISE_PROTOCOL_DEBUG] WRITE_MESSAGE_PATTERN - Processing pattern: S
[1785280181] [NOISE_PROTOCOL_DEBUG] CIPHER_ENCRYPT_KEY - Key length: 32
[1785280181] [NOISE_PROTOCOL_DEBUG] READ_MESSAGE_HASH_BEFORE_PATTERN - Hash before pattern: [225, 219, 32, 233, 110, 252, 107, 22]
[1785280181] [NOISE_PROTOCOL_DEBUG] WRITE_MESSAGE_S - Sending static key
[1785280181] [NOISE_PROTOCOL_DEBUG] CIPHER_ENCRYPT_SUCCESS - Encryption successful, ciphertext length: 16
[1785280181] [NOISE_PROTOCOL_DEBUG] CIPHER_ENCRYPT_NONCE - Current nonce: 0
[1785280181] [NOISE_PROTOCOL_DEBUG] READ_MESSAGE_E - Reading ephemeral key
[1785280181] [NOISE_PROTOCOL_DEBUG] CIPHER_ENCRYPT - Encrypting with key, plaintext length: 32
[1785280181] [NOISE_PROTOCOL_DEBUG] CIPHER_ENCRYPT_ASSOCIATED_DATA - Associated data length: 32
[1785280181] [NOISE_PROTOCOL_DEBUG] CIPHER_ENCRYPT_KEY - Key length: 32
[1785280181] [NOISE_PROTOCOL_DEBUG] READ_MESSAGE_E_BYTES - Ephemeral key bytes: [49, 110, 116, 172, 87, 70, 233, 14]
[1785280181] [NOISE_PROTOCOL_DEBUG] WRITE_MESSAGE_ENCRYPT_DONE - Payload encrypted, total buffer size: 96
[1785280181] [NOISE_PROTOCOL_DEBUG] CIPHER_ENCRYPT_NONCE - Current nonce: 0
[1785280181] [NOISE_PROTOCOL_DEBUG] WRITE_MESSAGE_COMPLETE - Message written, pattern 1 complete
[1785280181] [NOISE_PROTOCOL_DEBUG] CIPHER_ENCRYPT_ASSOCIATED_DATA - Associated data length: 32
[1785280181] [NOISE_PROTOCOL_DEBUG] READ_MESSAGE_E_DONE - Ephemeral key read, offset: 32
[1785280181] [NOISE_PROTOCOL_DEBUG] READ_MESSAGE_HASH_AFTER_PATTERN - Hash after pattern E: [187, 116, 190, 240, 111, 97, 171, 231]
[1785280181] [NOISE_PROTOCOL_DEBUG] READ_MESSAGE_PATTERN - Processing pattern: EE
[1785280181] [NOISE_PROTOCOL_DEBUG] READ_MESSAGE_HASH_BEFORE_PATTERN - Hash before pattern: [187, 116, 190, 240, 111, 97, 171, 231]
[1785280181] [NOISE_PROTOCOL_DEBUG] READ_MESSAGE_START - Pattern: XX, Current: 1/3
[1785280181] [NOISE_PROTOCOL_DEBUG] READ_MESSAGE_EE - Performing DH(ephemeral, ephemeral)
[1785280181] [NOISE_PROTOCOL_DEBUG] CIPHER_ENCRYPT_SUCCESS - Encryption successful, ciphertext length: 16
[1785280181] [NOISE_PROTOCOL_DEBUG] READ_MESSAGE_HASH_BEFORE - Hash before read: [95, 203, 122, 0, 200, 125, 143, 131]
[1785280181] [NOISE_PROTOCOL_DEBUG] READ_MESSAGE_PATTERNS - Processing patterns: [E, EE, S, ES]
[1785280181] [NOISE_PROTOCOL_DEBUG] WRITE_MESSAGE_ENCRYPT_DONE - Payload encrypted, total buffer size: 96
[1785280181] [NOISE_PROTOCOL_DEBUG] READ_MESSAGE_PATTERN - Processing pattern: E
[1785280181] [NOISE_PROTOCOL_DEBUG] WRITE_MESSAGE_COMPLETE - Message written, pattern 1 complete
[1785280181] [NOISE_PROTOCOL_DEBUG] READ_MESSAGE_HASH_BEFORE_PATTERN - Hash before pattern: [95, 203, 122, 0, 200, 125, 143, 131]
[1785280181] [NOISE_PROTOCOL_DEBUG] READ_MESSAGE_E - Reading ephemeral key
[1785280181] [NOISE_PROTOCOL_DEBUG] READ_MESSAGE_E_BYTES - Ephemeral key bytes: [201, 112, 85, 89, 205, 121, 84, 195]
[1785280181] [NOISE_PROTOCOL_DEBUG] CIPHER_ENCRYPT_SUCCESS - Encryption successful, ciphertext length: 48
[1785280181] [NOISE_PROTOCOL_DEBUG] READ_MESSAGE_START - Pattern: XX, Current: 1/3
[1785280181] [NOISE_PROTOCOL_DEBUG] READ_MESSAGE_E_DONE - Ephemeral key read, offset: 32
[1785280181] [NOISE_PROTOCOL_DEBUG] READ_MESSAGE_HASH_BEFORE - Hash before read: [68, 51, 213, 158, 155, 149, 16, 232]
[1785280181] [NOISE_PROTOCOL_DEBUG] WRITE_MESSAGE_S_DONE - Static key encrypted and sent, buffer size: 80
[1785280181] [NOISE_PROTOCOL_DEBUG] READ_MESSAGE_HASH_AFTER_PATTERN - Hash after pattern E: [154, 102, 113, 165, 225, 254, 100, 180]
[1785280181] [NOISE_PROTOCOL_DEBUG] WRITE_MESSAGE_PATTERN - Processing pattern: ES
[1785280181] [NOISE_PROTOCOL_DEBUG] READ_MESSAGE_PATTERNS - Processing patterns: [E, EE, S, ES]
[1785280181] [NOISE_PROTOCOL_DEBUG] READ_MESSAGE_PATTERN - Processing pattern: EE
[1785280181] [NOISE_PROTOCOL_DEBUG] WRITE_MESSAGE_ES - Performing DH(ephemeral, static), role: Responder
[1785280181] [NOISE_PROTOCOL_DEBUG] READ_MESSAGE_PATTERN - Processing pattern: E
[1785280181] [NOISE_PROTOCOL_DEBUG] READ_MESSAGE_HASH_BEFORE_PATTERN - Hash before pattern: [154, 102, 113, 165, 225, 254, 100, 180]
[1785280181] [NOISE_PROTOCOL_DEBUG] READ_MESSAGE_HASH_BEFORE_PATTERN - Hash before pattern: [68, 51, 213, 158, 155, 149, 16, 232]
[1785280181] [NOISE_PROTOCOL_DEBUG] READ_MESSAGE_EE - Performing DH(ephemeral, ephemeral)
[1785280181] [NOISE_PROTOCOL_DEBUG] READ_MESSAGE_E - Reading ephemeral key
[1785280181] [NOISE_PROTOCOL_DEBUG] READ_MESSAGE_E_BYTES - Ephemeral key bytes: [142, 82, 81, 214, 79, 85, 154, 161]
[1785280181] [NOISE_PROTOCOL_DEBUG] READ_MESSAGE_E_DONE - Ephemeral key read, offset: 32
[1785280181] [NOISE_PROTOCOL_DEBUG] READ_MESSAGE_HASH_AFTER_PATTERN - Hash after pattern E: [248, 190, 244, 94, 104, 52, 78, 21]
[1785280181] [NOISE_PROTOCOL_DEBUG] READ_MESSAGE_PATTERN - Processing pattern: EE
[1785280181] [NOISE_PROTOCOL_DEBUG] READ_MESSAGE_HASH_BEFORE_PATTERN - Hash before pattern: [248, 190, 244, 94, 104, 52, 78, 21]
[1785280181] [NOISE_PROTOCOL_DEBUG] READ_MESSAGE_EE - Performing DH(ephemeral, ephemeral)
[1785280181] [NOISE_PROTOCOL_DEBUG] WRITE_MESSAGE_ES_DONE - DH(ephemeral, static) completed for responder
[1785280181] [NOISE_PROTOCOL_DEBUG] WRITE_MESSAGE_ENCRYPT - Encrypting payload of 0 bytes
[1785280181] [NOISE_PROTOCOL_DEBUG] CIPHER_ENCRYPT - Encrypting with key, plaintext length: 0
[1785280181] [NOISE_PROTOCOL_DEBUG] CIPHER_ENCRYPT_KEY - Key length: 32
[1785280181] [NOISE_PROTOCOL_DEBUG] CIPHER_ENCRYPT_NONCE - Current nonce: 0
[1785280181] [NOISE_PROTOCOL_DEBUG] CIPHER_ENCRYPT_ASSOCIATED_DATA - Associated data length: 32
[1785280181] [NOISE_PROTOCOL_DEBUG] CIPHER_ENCRYPT_SUCCESS - Encryption successful, ciphertext length: 16
[1785280181] [NOISE_PROTOCOL_DEBUG] READ_MESSAGE_EE_DONE - DH(ephemeral, ephemeral) completed
[1785280181] [NOISE_PROTOCOL_DEBUG] WRITE_MESSAGE_ENCRYPT_DONE - Payload encrypted, total buffer size: 96
[1785280181] [NOISE_PROTOCOL_DEBUG] READ_MESSAGE_HASH_AFTER_PATTERN - Hash after pattern EE: [187, 116, 190, 240, 111, 97, 171, 231]
[1785280181] [NOISE_PROTOCOL_DEBUG] WRITE_MESSAGE_COMPLETE - Message written, pattern 1 complete
[1785280181] [NOISE_PROTOCOL_DEBUG] READ_MESSAGE_PATTERN - Processing pattern: S
[1785280181] [NOISE_PROTOCOL_DEBUG] READ_MESSAGE_HASH_BEFORE_PATTERN - Hash before pattern: [187, 116, 190, 240, 111, 97, 171, 231]
[1785280181] [NOISE_PROTOCOL_DEBUG] READ_MESSAGE_S - Reading static key
[1785280181] [NOISE_PROTOCOL_DEBUG] READ_MESSAGE_START - Pattern: XX, Current: 1/3
[1785280181] [NOISE_PROTOCOL_DEBUG] READ_MESSAGE_S_CHECK - Checking static key length: need 48 bytes, available 64 bytes, has_cipher_key: true
[1785280181] [NOISE_PROTOCOL_DEBUG] READ_MESSAGE_HASH_BEFORE - Hash before read: [148, 36, 215, 16, 230, 242, 57, 52]
[1785280181] [NOISE_PROTOCOL_DEBUG] READ_MESSAGE_S_DATA - Static key data length: 48, has_cipher_key: true
[1785280181] [NOISE_PROTOCOL_DEBUG] READ_MESSAGE_PATTERNS - Processing patterns: [E, EE, S, ES]
[1785280181] [NOISE_PROTOCOL_DEBUG] DECRYPT_AND_HASH - Decrypting with cipher key, ciphertext length: 48
[1785280181] [NOISE_PROTOCOL_DEBUG] READ_MESSAGE_PATTERN - Processing pattern: E
[1785280181] [NOISE_PROTOCOL_DEBUG] DECRYPT_AND_HASH_HASH - Current hash length: 32
[1785280181] [NOISE_PROTOCOL_DEBUG] READ_MESSAGE_HASH_BEFORE_PATTERN - Hash before pattern: [148, 36, 215, 16, 230, 242, 57, 52]
[1785280181] [NOISE_PROTOCOL_DEBUG] WRITE_MESSAGE_ES_DONE - DH(ephemeral, static) completed for responder
[1785280181] [NOISE_PROTOCOL_DEBUG] DECRYPT_AND_HASH_HASH_BYTES - Hash bytes: [187, 116, 190, 240, 111, 97, 171, 231]
[1785280181] [NOISE_PROTOCOL_DEBUG] READ_MESSAGE_E - Reading ephemeral key
[1785280181] [NOISE_PROTOCOL_DEBUG] CIPHER_DECRYPT - Decrypting with key, ciphertext length: 48
[1785280181] [NOISE_PROTOCOL_DEBUG] WRITE_MESSAGE_ENCRYPT - Encrypting payload of 0 bytes
[1785280181] [NOISE_PROTOCOL_DEBUG] READ_MESSAGE_E_BYTES - Ephemeral key bytes: [8, 208, 12, 89, 213, 27, 17, 160]
[1785280181] [NOISE_PROTOCOL_DEBUG] READ_MESSAGE_EE_DONE - DH(ephemeral, ephemeral) completed
[1785280181] [NOISE_PROTOCOL_DEBUG] CIPHER_ENCRYPT - Encrypting with key, plaintext length: 0
[1785280181] [NOISE_PROTOCOL_DEBUG] READ_MESSAGE_HASH_AFTER_PATTERN - Hash after pattern EE: [154, 102, 113, 165, 225, 254, 100, 180]
[1785280181] [NOISE_PROTOCOL_DEBUG] CIPHER_ENCRYPT_KEY - Key length: 32
[1785280181] [NOISE_PROTOCOL_DEBUG] READ_MESSAGE_E_DONE - Ephemeral key read, offset: 32
[1785280181] [NOISE_PROTOCOL_DEBUG] READ_MESSAGE_PATTERN - Processing pattern: S
[1785280181] [NOISE_PROTOCOL_DEBUG] CIPHER_ENCRYPT_NONCE - Current nonce: 0
[1785280181] [NOISE_PROTOCOL_DEBUG] READ_MESSAGE_HASH_BEFORE_PATTERN - Hash before pattern: [154, 102, 113, 165, 225, 254, 100, 180]
[1785280181] [NOISE_PROTOCOL_DEBUG] READ_MESSAGE_HASH_AFTER_PATTERN - Hash after pattern E: [204, 198, 81, 235, 238, 7, 41, 252]
[1785280181] [NOISE_PROTOCOL_DEBUG] CIPHER_ENCRYPT_ASSOCIATED_DATA - Associated data length: 32
[1785280181] [NOISE_PROTOCOL_DEBUG] READ_MESSAGE_S - Reading static key
[1785280181] [NOISE_PROTOCOL_DEBUG] READ_MESSAGE_PATTERN - Processing pattern: EE
[1785280181] [NOISE_PROTOCOL_DEBUG] READ_MESSAGE_S_CHECK - Checking static key length: need 48 bytes, available 64 bytes, has_cipher_key: true
[1785280181] [NOISE_PROTOCOL_DEBUG] READ_MESSAGE_HASH_BEFORE_PATTERN - Hash before pattern: [204, 198, 81, 235, 238, 7, 41, 252]
[1785280181] [NOISE_PROTOCOL_DEBUG] READ_MESSAGE_S_DATA - Static key data length: 48, has_cipher_key: true
[1785280181] [NOISE_PROTOCOL_DEBUG] READ_MESSAGE_EE - Performing DH(ephemeral, ephemeral)
[1785280181] [NOISE_PROTOCOL_DEBUG] READ_MESSAGE_EE_DONE - DH(ephemeral, ephemeral) completed
[1785280181] [NOISE_PROTOCOL_DEBUG] DECRYPT_AND_HASH - Decrypting with cipher key, ciphertext length: 48
[1785280181] [NOISE_PROTOCOL_DEBUG] READ_MESSAGE_HASH_AFTER_PATTERN - Hash after pattern EE: [248, 190, 244, 94, 104, 52, 78, 21]
[1785280181] [NOISE_PROTOCOL_DEBUG] DECRYPT_AND_HASH_HASH - Current hash length: 32
[1785280181] [NOISE_PROTOCOL_DEBUG] CIPHER_DECRYPT_SUCCESS - Decryption successful, plaintext length: 32
[1785280181] [NOISE_PROTOCOL_DEBUG] READ_MESSAGE_PATTERN - Processing pattern: S
[1785280181] [NOISE_PROTOCOL_DEBUG] CIPHER_ENCRYPT_SUCCESS - Encryption successful, ciphertext length: 16
[1785280181] [NOISE_PROTOCOL_DEBUG] DECRYPT_AND_HASH_SUCCESS - Decryption successful, plaintext length: 32
[1785280181] [NOISE_PROTOCOL_DEBUG] READ_MESSAGE_HASH_BEFORE_PATTERN - Hash before pattern: [248, 190, 244, 94, 104, 52, 78, 21]
[1785280181] [NOISE_PROTOCOL_DEBUG] READ_MESSAGE_S - Reading static key
[1785280181] [NOISE_PROTOCOL_DEBUG] WRITE_MESSAGE_ENCRYPT_DONE - Payload encrypted, total buffer size: 96
[1785280181] [NOISE_PROTOCOL_DEBUG] DECRYPT_AND_HASH_HASH_MIXED - Hash mixed with ciphertext
[1785280181] [NOISE_PROTOCOL_DEBUG] READ_MESSAGE_S_CHECK - Checking static key length: need 48 bytes, available 64 bytes, has_cipher_key: true
[1785280181] [NOISE_PROTOCOL_DEBUG] DECRYPT_AND_HASH_HASH_BYTES - Hash bytes: [154, 102, 113, 165, 225, 254, 100, 180]
[1785280181] [NOISE_PROTOCOL_DEBUG] READ_MESSAGE_S_DATA - Static key data length: 48, has_cipher_key: true
[1785280181] [NOISE_PROTOCOL_DEBUG] READ_MESSAGE_S_DONE - Static key read and validated successfully
[1785280181] [NOISE_PROTOCOL_DEBUG] WRITE_MESSAGE_COMPLETE - Message written, pattern 1 complete
[1785280181] [NOISE_PROTOCOL_DEBUG] DECRYPT_AND_HASH - Decrypting with cipher key, ciphertext length: 48
[1785280181] [NOISE_PROTOCOL_DEBUG] READ_MESSAGE_HASH_AFTER_PATTERN - Hash after pattern S: [215, 92, 246, 162, 114, 51, 94, 56]
[1785280181] [NOISE_PROTOCOL_DEBUG] CIPHER_DECRYPT - Decrypting with key, ciphertext length: 48
[1785280181] [NOISE_PROTOCOL_DEBUG] DECRYPT_AND_HASH_HASH - Current hash length: 32
[1785280181] [NOISE_PROTOCOL_DEBUG] READ_MESSAGE_PATTERN - Processing pattern: ES
[1785280181] [NOISE_PROTOCOL_DEBUG] DECRYPT_AND_HASH_HASH_BYTES - Hash bytes: [248, 190, 244, 94, 104, 52, 78, 21]
[1785280181] [NOISE_PROTOCOL_DEBUG] READ_MESSAGE_HASH_BEFORE_PATTERN - Hash before pattern: [215, 92, 246, 162, 114, 51, 94, 56]
[1785280181] [NOISE_PROTOCOL_DEBUG] CIPHER_DECRYPT - Decrypting with key, ciphertext length: 48
[1785280181] [NOISE_PROTOCOL_DEBUG] READ_MESSAGE_ES - Performing DH(ephemeral, static)
[1785280181] [NOISE_PROTOCOL_DEBUG] READ_MESSAGE_START - Pattern: XX, Current: 1/3
[1785280181] [NOISE_PROTOCOL_DEBUG] READ_MESSAGE_HASH_BEFORE - Hash before read: [161, 2, 239, 197, 2, 251, 160, 113]
[1785280181] [NOISE_PROTOCOL_DEBUG] READ_MESSAGE_PATTERNS - Processing patterns: [E, EE, S, ES]
[1785280181] [NOISE_PROTOCOL_DEBUG] READ_MESSAGE_PATTERN - Processing pattern: E
[1785280181] [NOISE_PROTOCOL_DEBUG] READ_MESSAGE_HASH_BEFORE_PATTERN - Hash before pattern: [161, 2, 239, 197, 2, 251, 160, 113]
[1785280181] [NOISE_PROTOCOL_DEBUG] READ_MESSAGE_E - Reading ephemeral key
[1785280181] [NOISE_PROTOCOL_DEBUG] READ_MESSAGE_E_BYTES - Ephemeral key bytes: [91, 30, 193, 186, 210, 62, 199, 5]
[1785280181] [NOISE_PROTOCOL_DEBUG] CIPHER_DECRYPT_SUCCESS - Decryption successful, plaintext length: 32
[1785280181] [NOISE_PROTOCOL_DEBUG] READ_MESSAGE_E_DONE - Ephemeral key read, offset: 32
[1785280181] [NOISE_PROTOCOL_DEBUG] DECRYPT_AND_HASH_SUCCESS - Decryption successful, plaintext length: 32
[1785280181] [NOISE_PROTOCOL_DEBUG] READ_MESSAGE_HASH_AFTER_PATTERN - Hash after pattern E: [211, 201, 244, 145, 27, 157, 176, 105]
[1785280181] [NOISE_PROTOCOL_DEBUG] CIPHER_DECRYPT_SUCCESS - Decryption successful, plaintext length: 32
[1785280181] [NOISE_PROTOCOL_DEBUG] READ_MESSAGE_PATTERN - Processing pattern: EE
[1785280181] [NOISE_PROTOCOL_DEBUG] DECRYPT_AND_HASH_SUCCESS - Decryption successful, plaintext length: 32
[1785280181] [NOISE_PROTOCOL_DEBUG] READ_MESSAGE_HASH_BEFORE_PATTERN - Hash before pattern: [211, 201, 244, 145, 27, 157, 176, 105]
[1785280181] [NOISE_PROTOCOL_DEBUG] DECRYPT_AND_HASH_HASH_MIXED - Hash mixed with ciphertext
[1785280181] [NOISE_PROTOCOL_DEBUG] READ_MESSAGE_EE - Performing DH(ephemeral, ephemeral)
[1785280181] [NOISE_PROTOCOL_DEBUG] READ_MESSAGE_S_DONE - Static key read and validated successfully
[1785280181] [NOISE_PROTOCOL_DEBUG] DECRYPT_AND_HASH_HASH_MIXED - Hash mixed with ciphertext
[1785280181] [NOISE_PROTOCOL_DEBUG] READ_MESSAGE_HASH_AFTER_PATTERN - Hash after pattern S: [137, 131, 161, 217, 3, 182, 228, 240]
[1785280181] [NOISE_PROTOCOL_DEBUG] READ_MESSAGE_PATTERN - Processing pattern: ES
[1785280181] [NOISE_PROTOCOL_DEBUG] READ_MESSAGE_S_DONE - Static key read and validated successfully
[1785280181] [NOISE_PROTOCOL_DEBUG] READ_MESSAGE_HASH_BEFORE_PATTERN - Hash before pattern: [137, 131, 161, 217, 3, 182, 228, 240]
[1785280181] [NOISE_PROTOCOL_DEBUG] READ_MESSAGE_HASH_AFTER_PATTERN - Hash after pattern S: [127, 221, 77, 33, 253, 137, 73, 26]
[1785280181] [NOISE_PROTOCOL_DEBUG] READ_MESSAGE_ES - Performing DH(ephemeral, static)
[1785280181] [NOISE_PROTOCOL_DEBUG] READ_MESSAGE_PATTERN - Processing pattern: ES
[1785280181] [NOISE_PROTOCOL_DEBUG] READ_MESSAGE_HASH_BEFORE_PATTERN - Hash before pattern: [127, 221, 77, 33, 253, 137, 73, 26]
[1785280181] [NOISE_PROTOCOL_DEBUG] READ_MESSAGE_ES - Performing DH(ephemeral, static)
[1785280181] [NOISE_PROTOCOL_DEBUG] READ_MESSAGE_EE_DONE - DH(ephemeral, ephemeral) completed
[1785280181] [NOISE_PROTOCOL_DEBUG] READ_MESSAGE_HASH_AFTER_PATTERN - Hash after pattern EE: [204, 198, 81, 235, 238, 7, 41, 252]
[1785280181] [NOISE_PROTOCOL_DEBUG] READ_MESSAGE_PATTERN - Processing pattern: S
[1785280181] [NOISE_PROTOCOL_DEBUG] READ_MESSAGE_HASH_BEFORE_PATTERN - Hash before pattern: [204, 198, 81, 235, 238, 7, 41, 252]
[1785280181] [NOISE_PROTOCOL_DEBUG] READ_MESSAGE_S - Reading static key
[1785280181] [NOISE_PROTOCOL_DEBUG] READ_MESSAGE_S_CHECK - Checking static key length: need 48 bytes, available 64 bytes, has_cipher_key: true
[1785280181] [NOISE_PROTOCOL_DEBUG] READ_MESSAGE_S_DATA - Static key data length: 48, has_cipher_key: true
[1785280181] [NOISE_PROTOCOL_DEBUG] DECRYPT_AND_HASH - Decrypting with cipher key, ciphertext length: 48
[1785280181] [NOISE_PROTOCOL_DEBUG] DECRYPT_AND_HASH_HASH - Current hash length: 32
[1785280181] [NOISE_PROTOCOL_DEBUG] DECRYPT_AND_HASH_HASH_BYTES - Hash bytes: [204, 198, 81, 235, 238, 7, 41, 252]
[1785280181] [NOISE_PROTOCOL_DEBUG] CIPHER_DECRYPT - Decrypting with key, ciphertext length: 48
[1785280181] [NOISE_PROTOCOL_DEBUG] READ_MESSAGE_ES_DONE - DH(ephemeral, static) completed
[1785280181] [NOISE_PROTOCOL_DEBUG] READ_MESSAGE_HASH_AFTER_PATTERN - Hash after pattern ES: [215, 92, 246, 162, 114, 51, 94, 56]
[1785280181] [NOISE_PROTOCOL_DEBUG] READ_MESSAGE_PAYLOAD - Decrypting payload, length: 16
[1785280181] [NOISE_PROTOCOL_DEBUG] DECRYPT_AND_HASH - Decrypting with cipher key, ciphertext length: 16
[1785280181] [NOISE_PROTOCOL_DEBUG] DECRYPT_AND_HASH_HASH - Current hash length: 32
[1785280181] [NOISE_PROTOCOL_DEBUG] DECRYPT_AND_HASH_HASH_BYTES - Hash bytes: [215, 92, 246, 162, 114, 51, 94, 56]
[1785280181] [NOISE_PROTOCOL_DEBUG] READ_MESSAGE_EE_DONE - DH(ephemeral, ephemeral) completed
[1785280181] [NOISE_PROTOCOL_DEBUG] CIPHER_DECRYPT - Decrypting with key, ciphertext length: 16
[1785280181] [NOISE_PROTOCOL_DEBUG] READ_MESSAGE_HASH_AFTER_PATTERN - Hash after pattern EE: [211, 201, 244, 145, 27, 157, 176, 105]
[1785280181] [NOISE_PROTOCOL_DEBUG] READ_MESSAGE_PATTERN - Processing pattern: S
[1785280181] [NOISE_PROTOCOL_DEBUG] READ_MESSAGE_HASH_BEFORE_PATTERN - Hash before pattern: [211, 201, 244, 145, 27, 157, 176, 105]
[1785280181] [NOISE_PROTOCOL_DEBUG] CIPHER_DECRYPT_SUCCESS - Decryption successful, plaintext length: 32
[1785280181] [NOISE_PROTOCOL_DEBUG] READ_MESSAGE_S - Reading static key
[1785280181] [NOISE_PROTOCOL_DEBUG] DECRYPT_AND_HASH_SUCCESS - Decryption successful, plaintext length: 32
[1785280181] [NOISE_PROTOCOL_DEBUG] READ_MESSAGE_S_CHECK - Checking static key length: need 48 bytes, available 64 bytes, has_cipher_key: true
[1785280181] [NOISE_PROTOCOL_DEBUG] READ_MESSAGE_S_DATA - Static key data length: 48, has_cipher_key: true
[1785280181] [NOISE_PROTOCOL_DEBUG] DECRYPT_AND_HASH - Decrypting with cipher key, ciphertext length: 48
[1785280181] [NOISE_PROTOCOL_DEBUG] DECRYPT_AND_HASH_HASH_MIXED - Hash mixed with ciphertext
[1785280181] [NOISE_PROTOCOL_DEBUG] CIPHER_DECRYPT_SUCCESS - Decryption successful, plaintext length: 0
[1785280181] [NOISE_PROTOCOL_DEBUG] DECRYPT_AND_HASH_HASH - Current hash length: 32
[1785280181] [NOISE_PROTOCOL_DEBUG] READ_MESSAGE_S_DONE - Static key read and validated successfully
[1785280181] [NOISE_PROTOCOL_DEBUG] DECRYPT_AND_HASH_HASH_BYTES - Hash bytes: [211, 201, 244, 145, 27, 157, 176, 105]
[1785280181] [NOISE_PROTOCOL_DEBUG] DECRYPT_AND_HASH_SUCCESS - Decryption successful, plaintext length: 0
[1785280181] [NOISE_PROTOCOL_DEBUG] READ_MESSAGE_HASH_AFTER_PATTERN - Hash after pattern S: [156, 153, 106, 5, 92, 132, 108, 248]
[1785280181] [NOISE_PROTOCOL_DEBUG] CIPHER_DECRYPT - Decrypting with key, ciphertext length: 48
[1785280181] [NOISE_PROTOCOL_DEBUG] DECRYPT_AND_HASH_HASH_MIXED - Hash mixed with ciphertext
[1785280181] [NOISE_PROTOCOL_DEBUG] READ_MESSAGE_PATTERN - Processing pattern: ES
[1785280181] [NOISE_PROTOCOL_DEBUG] READ_MESSAGE_PAYLOAD_SUCCESS - Payload decrypted successfully, length: 0
[1785280181] [NOISE_PROTOCOL_DEBUG] READ_MESSAGE_HASH_BEFORE_PATTERN - Hash before pattern: [156, 153, 106, 5, 92, 132, 108, 248]
[1785280181] [NOISE_PROTOCOL_DEBUG] READ_MESSAGE_COMPLETE - Message read successfully, new pattern: 2/3
[1785280181] [NOISE_PROTOCOL_DEBUG] READ_MESSAGE_ES - Performing DH(ephemeral, static)
[1785280181] [NOISE_PROTOCOL_DEBUG] READ_MESSAGE_HASH_AFTER - Hash after read: [127, 244, 119, 255, 10, 197, 70, 66]
[1785280181] [NOISE_PROTOCOL_DEBUG] WRITE_MESSAGE_START - Pattern: XX, Current: 2/3
[1785280181] [NOISE_PROTOCOL_DEBUG] WRITE_MESSAGE_PATTERNS - Processing patterns: [S, SE]
[1785280181] [NOISE_PROTOCOL_DEBUG] WRITE_MESSAGE_PATTERN - Processing pattern: S
[1785280181] [NOISE_PROTOCOL_DEBUG] WRITE_MESSAGE_S - Sending static key
[1785280181] [NOISE_PROTOCOL_DEBUG] CIPHER_DECRYPT_SUCCESS - Decryption successful, plaintext length: 32
[1785280181] [NOISE_PROTOCOL_DEBUG] READ_MESSAGE_ES_DONE - DH(ephemeral, static) completed
[1785280181] [NOISE_PROTOCOL_DEBUG] CIPHER_ENCRYPT - Encrypting with key, plaintext length: 32
[1785280181] [NOISE_PROTOCOL_DEBUG] DECRYPT_AND_HASH_SUCCESS - Decryption successful, plaintext length: 32
[1785280181] [NOISE_PROTOCOL_DEBUG] READ_MESSAGE_HASH_AFTER_PATTERN - Hash after pattern ES: [137, 131, 161, 217, 3, 182, 228, 240]
[1785280181] [NOISE_PROTOCOL_DEBUG] CIPHER_ENCRYPT_KEY - Key length: 32
[1785280181] [NOISE_PROTOCOL_DEBUG] READ_MESSAGE_PAYLOAD - Decrypting payload, length: 16
[1785280181] [NOISE_PROTOCOL_DEBUG] CIPHER_ENCRYPT_NONCE - Current nonce: 1
[1785280181] [NOISE_PROTOCOL_DEBUG] DECRYPT_AND_HASH_HASH_MIXED - Hash mixed with ciphertext
[1785280181] [NOISE_PROTOCOL_DEBUG] DECRYPT_AND_HASH - Decrypting with cipher key, ciphertext length: 16
[1785280181] [NOISE_PROTOCOL_DEBUG] CIPHER_ENCRYPT_ASSOCIATED_DATA - Associated data length: 32
[1785280181] [NOISE_PROTOCOL_DEBUG] READ_MESSAGE_S_DONE - Static key read and validated successfully
[1785280181] [NOISE_PROTOCOL_DEBUG] DECRYPT_AND_HASH_HASH - Current hash length: 32
[1785280181] [NOISE_PROTOCOL_DEBUG] READ_MESSAGE_HASH_AFTER_PATTERN - Hash after pattern S: [198, 183, 137, 254, 222, 0, 207, 155]
[1785280181] [NOISE_PROTOCOL_DEBUG] DECRYPT_AND_HASH_HASH_BYTES - Hash bytes: [137, 131, 161, 217, 3, 182, 228, 240]
[1785280181] [NOISE_PROTOCOL_DEBUG] READ_MESSAGE_PATTERN - Processing pattern: ES
[1785280181] [NOISE_PROTOCOL_DEBUG] CIPHER_DECRYPT - Decrypting with key, ciphertext length: 16
[1785280181] [NOISE_PROTOCOL_DEBUG] READ_MESSAGE_HASH_BEFORE_PATTERN - Hash before pattern: [198, 183, 137, 254, 222, 0, 207, 155]
[1785280181] [NOISE_PROTOCOL_DEBUG] READ_MESSAGE_ES - Performing DH(ephemeral, static)
[1785280181] [NOISE_PROTOCOL_DEBUG] READ_MESSAGE_ES_DONE - DH(ephemeral, static) completed
[1785280181] [NOISE_PROTOCOL_DEBUG] CIPHER_DECRYPT_SUCCESS - Decryption successful, plaintext length: 0
[1785280181] [NOISE_PROTOCOL_DEBUG] CIPHER_ENCRYPT_SUCCESS - Encryption successful, ciphertext length: 48
[1785280181] [NOISE_PROTOCOL_DEBUG] READ_MESSAGE_HASH_AFTER_PATTERN - Hash after pattern ES: [127, 221, 77, 33, 253, 137, 73, 26]
[1785280181] [NOISE_PROTOCOL_DEBUG] DECRYPT_AND_HASH_SUCCESS - Decryption successful, plaintext length: 0
[1785280181] [NOISE_PROTOCOL_DEBUG] READ_MESSAGE_PAYLOAD - Decrypting payload, length: 16
[1785280181] [NOISE_PROTOCOL_DEBUG] WRITE_MESSAGE_S_DONE - Static key encrypted and sent, buffer size: 48
[1785280181] [NOISE_PROTOCOL_DEBUG] DECRYPT_AND_HASH_HASH_MIXED - Hash mixed with ciphertext
[1785280181] [NOISE_PROTOCOL_DEBUG] DECRYPT_AND_HASH - Decrypting with cipher key, ciphertext length: 16
[1785280181] [NOISE_PROTOCOL_DEBUG] WRITE_MESSAGE_PATTERN - Processing pattern: SE
[1785280181] [NOISE_PROTOCOL_DEBUG] READ_MESSAGE_PAYLOAD_SUCCESS - Payload decrypted successfully, length: 0
[1785280181] [NOISE_PROTOCOL_DEBUG] DECRYPT_AND_HASH_HASH - Current hash length: 32
[1785280181] [NOISE_PROTOCOL_DEBUG] WRITE_MESSAGE_SE - Performing DH(static, ephemeral), role: Initiator
[1785280181] [NOISE_PROTOCOL_DEBUG] READ_MESSAGE_COMPLETE - Message read successfully, new pattern: 2/3
[1785280181] [NOISE_PROTOCOL_DEBUG] READ_MESSAGE_HASH_AFTER - Hash after read: [139, 36, 238, 160, 243, 102, 49, 198]
[1785280181] [NOISE_PROTOCOL_DEBUG] DECRYPT_AND_HASH_HASH_BYTES - Hash bytes: [127, 221, 77, 33, 253, 137, 73, 26]
[1785280181] [NOISE_PROTOCOL_DEBUG] WRITE_MESSAGE_START - Pattern: XX, Current: 2/3
[1785280181] [NOISE_PROTOCOL_DEBUG] CIPHER_DECRYPT - Decrypting with key, ciphertext length: 16
[1785280181] [NOISE_PROTOCOL_DEBUG] WRITE_MESSAGE_PATTERNS - Processing patterns: [S, SE]
[1785280181] [NOISE_PROTOCOL_DEBUG] WRITE_MESSAGE_PATTERN - Processing pattern: S
[1785280181] [NOISE_PROTOCOL_DEBUG] WRITE_MESSAGE_S - Sending static key
[1785280181] [NOISE_PROTOCOL_DEBUG] CIPHER_ENCRYPT - Encrypting with key, plaintext length: 32
[1785280181] [NOISE_PROTOCOL_DEBUG] CIPHER_ENCRYPT_KEY - Key length: 32
[1785280181] [NOISE_PROTOCOL_DEBUG] CIPHER_ENCRYPT_NONCE - Current nonce: 1
[1785280181] [NOISE_PROTOCOL_DEBUG] CIPHER_ENCRYPT_ASSOCIATED_DATA - Associated data length: 32
[1785280181] [NOISE_PROTOCOL_DEBUG] CIPHER_DECRYPT_SUCCESS - Decryption successful, plaintext length: 0
[1785280181] [NOISE_PROTOCOL_DEBUG] DECRYPT_AND_HASH_SUCCESS - Decryption successful, plaintext length: 0
[1785280181] [NOISE_PROTOCOL_DEBUG] DECRYPT_AND_HASH_HASH_MIXED - Hash mixed with ciphertext
[1785280181] [NOISE_PROTOCOL_DEBUG] READ_MESSAGE_PAYLOAD_SUCCESS - Payload decrypted successfully, length: 0
[1785280181] [NOISE_PROTOCOL_DEBUG] READ_MESSAGE_COMPLETE - Message read successfully, new pattern: 2/3
[1785280181] [NOISE_PROTOCOL_DEBUG] READ_MESSAGE_HASH_AFTER - Hash after read: [21, 179, 163, 98, 18, 105, 207, 142]
[1785280181] [NOISE_PROTOCOL_DEBUG] READ_MESSAGE_ES_DONE - DH(ephemeral, static) completed
[1785280181] [NOISE_PROTOCOL_DEBUG] WRITE_MESSAGE_START - Pattern: XX, Current: 2/3
[1785280181] [NOISE_PROTOCOL_DEBUG] READ_MESSAGE_HASH_AFTER_PATTERN - Hash after pattern ES: [156, 153, 106, 5, 92, 132, 108, 248]
[1785280181] [NOISE_PROTOCOL_DEBUG] WRITE_MESSAGE_PATTERNS - Processing patterns: [S, SE]
[1785280181] [NOISE_PROTOCOL_DEBUG] CIPHER_ENCRYPT_SUCCESS - Encryption successful, ciphertext length: 48
[1785280181] [NOISE_PROTOCOL_DEBUG] READ_MESSAGE_PAYLOAD - Decrypting payload, length: 16
[1785280181] [NOISE_PROTOCOL_DEBUG] WRITE_MESSAGE_PATTERN - Processing pattern: S
[1785280181] [NOISE_PROTOCOL_DEBUG] WRITE_MESSAGE_S - Sending static key
[1785280181] [NOISE_PROTOCOL_DEBUG] DECRYPT_AND_HASH - Decrypting with cipher key, ciphertext length: 16
[1785280181] [NOISE_PROTOCOL_DEBUG] READ_MESSAGE_ES_DONE - DH(ephemeral, static) completed
[1785280181] [NOISE_PROTOCOL_DEBUG] WRITE_MESSAGE_S_DONE - Static key encrypted and sent, buffer size: 48
[1785280181] [NOISE_PROTOCOL_DEBUG] CIPHER_ENCRYPT - Encrypting with key, plaintext length: 32
[1785280181] [NOISE_PROTOCOL_DEBUG] DECRYPT_AND_HASH_HASH - Current hash length: 32
[1785280181] [NOISE_PROTOCOL_DEBUG] READ_MESSAGE_HASH_AFTER_PATTERN - Hash after pattern ES: [198, 183, 137, 254, 222, 0, 207, 155]
[1785280181] [NOISE_PROTOCOL_DEBUG] WRITE_MESSAGE_PATTERN - Processing pattern: SE
[1785280181] [NOISE_PROTOCOL_DEBUG] CIPHER_ENCRYPT_KEY - Key length: 32
[1785280181] [NOISE_PROTOCOL_DEBUG] DECRYPT_AND_HASH_HASH_BYTES - Hash bytes: [156, 153, 106, 5, 92, 132, 108, 248]
[1785280181] [NOISE_PROTOCOL_DEBUG] READ_MESSAGE_PAYLOAD - Decrypting payload, length: 16
[1785280181] [NOISE_PROTOCOL_DEBUG] WRITE_MESSAGE_SE - Performing DH(static, ephemeral), role: Initiator
[1785280181] [NOISE_PROTOCOL_DEBUG] CIPHER_ENCRYPT_NONCE - Current nonce: 1
[1785280181] [NOISE_PROTOCOL_DEBUG] CIPHER_DECRYPT - Decrypting with key, ciphertext length: 16
[1785280181] [NOISE_PROTOCOL_DEBUG] DECRYPT_AND_HASH - Decrypting with cipher key, ciphertext length: 16
[1785280181] [NOISE_PROTOCOL_DEBUG] CIPHER_ENCRYPT_ASSOCIATED_DATA - Associated data length: 32
[1785280181] [NOISE_PROTOCOL_DEBUG] DECRYPT_AND_HASH_HASH - Current hash length: 32
[1785280181] [NOISE_PROTOCOL_DEBUG] DECRYPT_AND_HASH_HASH_BYTES - Hash bytes: [198, 183, 137, 254, 222, 0, 207, 155]
[1785280181] [NOISE_PROTOCOL_DEBUG] CIPHER_DECRYPT - Decrypting with key, ciphertext length: 16
[1785280181] [NOISE_PROTOCOL_DEBUG] CIPHER_DECRYPT_SUCCESS - Decryption successful, plaintext length: 0
[1785280181] [NOISE_PROTOCOL_DEBUG] DECRYPT_AND_HASH_SUCCESS - Decryption successful, plaintext length: 0
[1785280181] [NOISE_PROTOCOL_DEBUG] CIPHER_DECRYPT_SUCCESS - Decryption successful, plaintext length: 0
[1785280181] [NOISE_PROTOCOL_DEBUG] DECRYPT_AND_HASH_HASH_MIXED - Hash mixed with ciphertext
[1785280181] [NOISE_PROTOCOL_DEBUG] DECRYPT_AND_HASH_SUCCESS - Decryption successful, plaintext length: 0
[1785280181] [NOISE_PROTOCOL_DEBUG] CIPHER_ENCRYPT_SUCCESS - Encryption successful, ciphertext length: 48
[1785280181] [NOISE_PROTOCOL_DEBUG] READ_MESSAGE_PAYLOAD_SUCCESS - Payload decrypted successfully, length: 0
[1785280181] [NOISE_PROTOCOL_DEBUG] WRITE_MESSAGE_SE_DONE - DH(static, ephemeral) completed for initiator
[1785280181] [NOISE_PROTOCOL_DEBUG] DECRYPT_AND_HASH_HASH_MIXED - Hash mixed with ciphertext
[1785280181] [NOISE_PROTOCOL_DEBUG] READ_MESSAGE_COMPLETE - Message read successfully, new pattern: 2/3
[1785280181] [NOISE_PROTOCOL_DEBUG] WRITE_MESSAGE_S_DONE - Static key encrypted and sent, buffer size: 48
[1785280181] [NOISE_PROTOCOL_DEBUG] READ_MESSAGE_PAYLOAD_SUCCESS - Payload decrypted successfully, length: 0
[1785280181] [NOISE_PROTOCOL_DEBUG] WRITE_MESSAGE_ENCRYPT - Encrypting payload of 0 bytes
[1785280181] [NOISE_PROTOCOL_DEBUG] READ_MESSAGE_HASH_AFTER - Hash after read: [19, 225, 94, 8, 27, 178, 216, 60]
[1785280181] [NOISE_PROTOCOL_DEBUG] READ_MESSAGE_COMPLETE - Message read successfully, new pattern: 2/3
[1785280181] [NOISE_PROTOCOL_DEBUG] WRITE_MESSAGE_PATTERN - Processing pattern: SE
[1785280181] [NOISE_PROTOCOL_DEBUG] CIPHER_ENCRYPT - Encrypting with key, plaintext length: 0
[1785280181] [NOISE_PROTOCOL_DEBUG] READ_MESSAGE_HASH_AFTER - Hash after read: [59, 41, 79, 212, 175, 218, 93, 14]
[1785280181] [NOISE_PROTOCOL_DEBUG] WRITE_MESSAGE_START - Pattern: XX, Current: 2/3
[1785280181] [NOISE_PROTOCOL_DEBUG] WRITE_MESSAGE_SE - Performing DH(static, ephemeral), role: Initiator
[1785280181] [NOISE_PROTOCOL_DEBUG] CIPHER_ENCRYPT_KEY - Key length: 32
[1785280181] [NOISE_PROTOCOL_DEBUG] WRITE_MESSAGE_START - Pattern: XX, Current: 2/3
[1785280181] [NOISE_PROTOCOL_DEBUG] WRITE_MESSAGE_PATTERNS - Processing patterns: [S, SE]
[1785280181] [NOISE_PROTOCOL_DEBUG] WRITE_MESSAGE_PATTERNS - Processing patterns: [S, SE]
[1785280181] [NOISE_PROTOCOL_DEBUG] CIPHER_ENCRYPT_NONCE - Current nonce: 0
[1785280181] [NOISE_PROTOCOL_DEBUG] WRITE_MESSAGE_PATTERN - Processing pattern: S
[1785280181] [NOISE_PROTOCOL_DEBUG] WRITE_MESSAGE_PATTERN - Processing pattern: S
[1785280181] [NOISE_PROTOCOL_DEBUG] CIPHER_ENCRYPT_ASSOCIATED_DATA - Associated data length: 32
[1785280181] [NOISE_PROTOCOL_DEBUG] WRITE_MESSAGE_S - Sending static key
[1785280181] [NOISE_PROTOCOL_DEBUG] WRITE_MESSAGE_S - Sending static key
[1785280181] [NOISE_PROTOCOL_DEBUG] CIPHER_ENCRYPT - Encrypting with key, plaintext length: 32
[1785280181] [NOISE_PROTOCOL_DEBUG] CIPHER_ENCRYPT - Encrypting with key, plaintext length: 32
[1785280181] [NOISE_PROTOCOL_DEBUG] CIPHER_ENCRYPT_KEY - Key length: 32
[1785280181] [NOISE_PROTOCOL_DEBUG] CIPHER_ENCRYPT_KEY - Key length: 32
[1785280181] [NOISE_PROTOCOL_DEBUG] CIPHER_ENCRYPT_NONCE - Current nonce: 1
[1785280181] [NOISE_PROTOCOL_DEBUG] CIPHER_ENCRYPT_NONCE - Current nonce: 1
[1785280181] [NOISE_PROTOCOL_DEBUG] CIPHER_ENCRYPT_ASSOCIATED_DATA - Associated data length: 32
[1785280181] [NOISE_PROTOCOL_DEBUG] CIPHER_ENCRYPT_SUCCESS - Encryption successful, ciphertext length: 16
[1785280181] [NOISE_PROTOCOL_DEBUG] CIPHER_ENCRYPT_ASSOCIATED_DATA - Associated data length: 32
[1785280181] [NOISE_PROTOCOL_DEBUG] WRITE_MESSAGE_ENCRYPT_DONE - Payload encrypted, total buffer size: 64
[1785280181] [NOISE_PROTOCOL_DEBUG] WRITE_MESSAGE_COMPLETE - Message written, pattern 2 complete
[1785280181] [NOISE_PROTOCOL_DEBUG] CIPHER_ENCRYPT_SUCCESS - Encryption successful, ciphertext length: 48
[1785280181] [NOISE_PROTOCOL_DEBUG] WRITE_MESSAGE_SE_DONE - DH(static, ephemeral) completed for initiator
[1785280181] [NOISE_PROTOCOL_DEBUG] WRITE_MESSAGE_S_DONE - Static key encrypted and sent, buffer size: 48
[1785280181] [NOISE_PROTOCOL_DEBUG] WRITE_MESSAGE_ENCRYPT - Encrypting payload of 0 bytes
[1785280181] [NOISE_PROTOCOL_DEBUG] CIPHER_ENCRYPT_SUCCESS - Encryption successful, ciphertext length: 48
[1785280181] [NOISE_PROTOCOL_DEBUG] WRITE_MESSAGE_PATTERN - Processing pattern: SE
[1785280181] [NOISE_PROTOCOL_DEBUG] CIPHER_ENCRYPT - Encrypting with key, plaintext length: 0
[1785280181] [NOISE_PROTOCOL_DEBUG] WRITE_MESSAGE_SE - Performing DH(static, ephemeral), role: Initiator
[1785280181] [NOISE_PROTOCOL_DEBUG] CIPHER_ENCRYPT_KEY - Key length: 32
[1785280181] [NOISE_PROTOCOL_DEBUG] WRITE_MESSAGE_S_DONE - Static key encrypted and sent, buffer size: 48
[1785280181] [NOISE_PROTOCOL_DEBUG] CIPHER_ENCRYPT_NONCE - Current nonce: 0
[1785280181] [NOISE_PROTOCOL_DEBUG] WRITE_MESSAGE_PATTERN - Processing pattern: SE
[1785280181] [NOISE_PROTOCOL_DEBUG] CIPHER_ENCRYPT - Encrypting with key, plaintext length: 58
[1785280181] [NOISE_PROTOCOL_DEBUG] CIPHER_ENCRYPT_ASSOCIATED_DATA - Associated data length: 32
[1785280181] [NOISE_PROTOCOL_DEBUG] WRITE_MESSAGE_SE - Performing DH(static, ephemeral), role: Initiator
[1785280181] [NOISE_PROTOCOL_DEBUG] CIPHER_ENCRYPT_KEY - Key length: 32
[1785280181] [NOISE_PROTOCOL_DEBUG] CIPHER_ENCRYPT_NONCE - Current nonce: 0
[1785280181] [NOISE_PROTOCOL_DEBUG] CIPHER_ENCRYPT_ASSOCIATED_DATA - Associated data length: 0
[1785280181] [NOISE_PROTOCOL_DEBUG] CIPHER_ENCRYPT_SUCCESS - Encryption successful, ciphertext length: 16
[1785280181] [NOISE_PROTOCOL_DEBUG] WRITE_MESSAGE_ENCRYPT_DONE - Payload encrypted, total buffer size: 64
[1785280181] [NOISE_PROTOCOL_DEBUG] WRITE_MESSAGE_COMPLETE - Message written, pattern 2 complete
[1785280181] [NOISE_PROTOCOL_DEBUG] CIPHER_ENCRYPT_SUCCESS - Encryption successful, ciphertext length: 74
[1785280181] [NOISE_PROTOCOL_DEBUG] CIPHER_ENCRYPT_TRANSPORT - Transport message with nonce prefix, total length: 78
[1785280181] [NOISE_PROTOCOL_DEBUG] WRITE_MESSAGE_SE_DONE - DH(static, ephemeral) completed for initiator
[1785280181] [NOISE_PROTOCOL_DEBUG] WRITE_MESSAGE_ENCRYPT - Encrypting payload of 0 bytes
[1785280181] [NOISE_PROTOCOL_DEBUG] READ_MESSAGE_START - Pattern: XX, Current: 2/3
[1785280181] [NOISE_PROTOCOL_DEBUG] CIPHER_ENCRYPT - Encrypting with key, plaintext length: 0
[1785280181] [NOISE_PROTOCOL_DEBUG] READ_MESSAGE_HASH_BEFORE - Hash before read: [127, 244, 119, 255, 10, 197, 70, 66]
[1785280181] [NOISE_PROTOCOL_DEBUG] CIPHER_ENCRYPT_KEY - Key length: 32
[1785280181] [NOISE_PROTOCOL_DEBUG] READ_MESSAGE_PATTERNS - Processing patterns: [S, SE]
[1785280181] [NOISE_PROTOCOL_DEBUG] CIPHER_ENCRYPT_NONCE - Current nonce: 0
[1785280181] [NOISE_PROTOCOL_DEBUG] CIPHER_ENCRYPT - Encrypting with key, plaintext length: 43
[1785280181] [NOISE_PROTOCOL_DEBUG] READ_MESSAGE_PATTERN - Processing pattern: S
[1785280181] [NOISE_PROTOCOL_DEBUG] CIPHER_ENCRYPT_ASSOCIATED_DATA - Associated data length: 32
[1785280181] [NOISE_PROTOCOL_DEBUG] CIPHER_ENCRYPT_KEY - Key length: 32
[1785280181] [NOISE_PROTOCOL_DEBUG] READ_MESSAGE_HASH_BEFORE_PATTERN - Hash before pattern: [127, 244, 119, 255, 10, 197, 70, 66]
[1785280181] [NOISE_PROTOCOL_DEBUG] CIPHER_ENCRYPT_NONCE - Current nonce: 0
[1785280181] [NOISE_PROTOCOL_DEBUG] READ_MESSAGE_S - Reading static key
[1785280181] [NOISE_PROTOCOL_DEBUG] READ_MESSAGE_S_CHECK - Checking static key length: need 48 bytes, available 64 bytes, has_cipher_key: true
[1785280181] [NOISE_PROTOCOL_DEBUG] CIPHER_ENCRYPT_ASSOCIATED_DATA - Associated data length: 0
[1785280181] [NOISE_PROTOCOL_DEBUG] READ_MESSAGE_S_DATA - Static key data length: 48, has_cipher_key: true
[1785280181] [NOISE_PROTOCOL_DEBUG] DECRYPT_AND_HASH - Decrypting with cipher key, ciphertext length: 48
[1785280181] [NOISE_PROTOCOL_DEBUG] DECRYPT_AND_HASH_HASH - Current hash length: 32
[1785280181] [NOISE_PROTOCOL_DEBUG] DECRYPT_AND_HASH_HASH_BYTES - Hash bytes: [127, 244, 119, 255, 10, 197, 70, 66]
[1785280181] [NOISE_PROTOCOL_DEBUG] CIPHER_ENCRYPT_SUCCESS - Encryption successful, ciphertext length: 16
[1785280181] [NOISE_PROTOCOL_DEBUG] CIPHER_DECRYPT - Decrypting with key, ciphertext length: 48
[1785280181] [NOISE_PROTOCOL_DEBUG] WRITE_MESSAGE_ENCRYPT_DONE - Payload encrypted, total buffer size: 64
[1785280181] [NOISE_PROTOCOL_DEBUG] WRITE_MESSAGE_COMPLETE - Message written, pattern 2 complete
[1785280181] [NOISE_PROTOCOL_DEBUG] CIPHER_ENCRYPT_SUCCESS - Encryption successful, ciphertext length: 59
[1785280181] [NOISE_PROTOCOL_DEBUG] WRITE_MESSAGE_SE_DONE - DH(static, ephemeral) completed for initiator
[1785280181] [NOISE_PROTOCOL_DEBUG] CIPHER_ENCRYPT_TRANSPORT - Transport message with nonce prefix, total length: 63
[1785280181] [NOISE_PROTOCOL_DEBUG] WRITE_MESSAGE_ENCRYPT - Encrypting payload of 0 bytes
[1785280181] [NOISE_PROTOCOL_DEBUG] CIPHER_ENCRYPT - Encrypting with key, plaintext length: 0
[1785280181] [NOISE_PROTOCOL_DEBUG] CIPHER_ENCRYPT_KEY - Key length: 32
[1785280181] [NOISE_PROTOCOL_DEBUG] READ_MESSAGE_START - Pattern: XX, Current: 2/3
[1785280181] [NOISE_PROTOCOL_DEBUG] CIPHER_ENCRYPT_NONCE - Current nonce: 0
[1785280181] [NOISE_PROTOCOL_DEBUG] CIPHER_DECRYPT_SUCCESS - Decryption successful, plaintext length: 32
[1785280181] [NOISE_PROTOCOL_DEBUG] CIPHER_ENCRYPT_ASSOCIATED_DATA - Associated data length: 32
[1785280181] [NOISE_PROTOCOL_DEBUG] READ_MESSAGE_HASH_BEFORE - Hash before read: [139, 36, 238, 160, 243, 102, 49, 198]
[1785280181] [NOISE_PROTOCOL_DEBUG] DECRYPT_AND_HASH_SUCCESS - Decryption successful, plaintext length: 32
[1785280181] [NOISE_PROTOCOL_DEBUG] READ_MESSAGE_PATTERNS - Processing patterns: [S, SE]
[1785280181] [NOISE_PROTOCOL_DEBUG] READ_MESSAGE_PATTERN - Processing pattern: S
[1785280181] [NOISE_PROTOCOL_DEBUG] DECRYPT_AND_HASH_HASH_MIXED - Hash mixed with ciphertext
[1785280181] [NOISE_PROTOCOL_DEBUG] WRITE_MESSAGE_SE_DONE - DH(static, ephemeral) completed for initiator
[1785280181] [NOISE_PROTOCOL_DEBUG] READ_MESSAGE_HASH_BEFORE_PATTERN - Hash before pattern: [139, 36, 238, 160, 243, 102, 49, 198]
[1785280181] [NOISE_PROTOCOL_DEBUG] READ_MESSAGE_S_DONE - Static key read and validated successfully
[1785280181] [NOISE_PROTOCOL_DEBUG] CIPHER_ENCRYPT - Encrypting with key, plaintext length: 42
[1785280181] [NOISE_PROTOCOL_DEBUG] WRITE_MESSAGE_ENCRYPT - Encrypting payload of 0 bytes
[1785280181] [NOISE_PROTOCOL_DEBUG] READ_MESSAGE_S - Reading static key
[1785280181] [NOISE_PROTOCOL_DEBUG] READ_MESSAGE_HASH_AFTER_PATTERN - Hash after pattern S: [236, 84, 4, 181, 12, 45, 63, 161]
[1785280181] [NOISE_PROTOCOL_DEBUG] CIPHER_ENCRYPT_KEY - Key length: 32
[1785280181] [NOISE_PROTOCOL_DEBUG] CIPHER_ENCRYPT - Encrypting with key, plaintext length: 0
[1785280181] [NOISE_PROTOCOL_DEBUG] CIPHER_ENCRYPT_SUCCESS - Encryption successful, ciphertext length: 16
[1785280181] [NOISE_PROTOCOL_DEBUG] READ_MESSAGE_S_CHECK - Checking static key length: need 48 bytes, available 64 bytes, has_cipher_key: true
[1785280181] [NOISE_PROTOCOL_DEBUG] READ_MESSAGE_PATTERN - Processing pattern: SE
[1785280181] [NOISE_PROTOCOL_DEBUG] CIPHER_ENCRYPT_NONCE - Current nonce: 0
[1785280181] [NOISE_PROTOCOL_DEBUG] CIPHER_ENCRYPT_KEY - Key length: 32
[1785280181] [NOISE_PROTOCOL_DEBUG] READ_MESSAGE_S_DATA - Static key data length: 48, has_cipher_key: true
[1785280181] [NOISE_PROTOCOL_DEBUG] WRITE_MESSAGE_ENCRYPT_DONE - Payload encrypted, total buffer size: 64
[1785280181] [NOISE_PROTOCOL_DEBUG] READ_MESSAGE_HASH_BEFORE_PATTERN - Hash before pattern: [236, 84, 4, 181, 12, 45, 63, 161]
[1785280181] [NOISE_PROTOCOL_DEBUG] CIPHER_ENCRYPT_ASSOCIATED_DATA - Associated data length: 0
[1785280181] [NOISE_PROTOCOL_DEBUG] CIPHER_ENCRYPT_NONCE - Current nonce: 0
[1785280181] [NOISE_PROTOCOL_DEBUG] WRITE_MESSAGE_COMPLETE - Message written, pattern 2 complete
[1785280181] [NOISE_PROTOCOL_DEBUG] DECRYPT_AND_HASH - Decrypting with cipher key, ciphertext length: 48
[1785280181] [NOISE_PROTOCOL_DEBUG] READ_MESSAGE_SE - Performing DH(static, ephemeral)
[1785280181] [NOISE_PROTOCOL_DEBUG] CIPHER_ENCRYPT_ASSOCIATED_DATA - Associated data length: 32
[1785280181] [NOISE_PROTOCOL_DEBUG] DECRYPT_AND_HASH_HASH - Current hash length: 32
[1785280181] [NOISE_PROTOCOL_DEBUG] DECRYPT_AND_HASH_HASH_BYTES - Hash bytes: [139, 36, 238, 160, 243, 102, 49, 198]
[1785280181] [NOISE_PROTOCOL_DEBUG] CIPHER_DECRYPT - Decrypting with key, ciphertext length: 48
[1785280181] [NOISE_PROTOCOL_DEBUG] CIPHER_ENCRYPT_SUCCESS - Encryption successful, ciphertext length: 16
[1785280181] [NOISE_PROTOCOL_DEBUG] CIPHER_ENCRYPT_SUCCESS - Encryption successful, ciphertext length: 58
[1785280181] [NOISE_PROTOCOL_DEBUG] WRITE_MESSAGE_ENCRYPT_DONE - Payload encrypted, total buffer size: 64
[1785280181] [NOISE_PROTOCOL_DEBUG] CIPHER_ENCRYPT - Encrypting with key, plaintext length: 45
[1785280181] [NOISE_PROTOCOL_DEBUG] CIPHER_ENCRYPT_TRANSPORT - Transport message with nonce prefix, total length: 62
[1785280181] [NOISE_PROTOCOL_DEBUG] WRITE_MESSAGE_COMPLETE - Message written, pattern 2 complete
[1785280181] [NOISE_PROTOCOL_DEBUG] CIPHER_ENCRYPT_KEY - Key length: 32
[1785280181] [NOISE_PROTOCOL_DEBUG] CIPHER_ENCRYPT_NONCE - Current nonce: 0
[1785280181] [NOISE_PROTOCOL_DEBUG] CIPHER_DECRYPT_SUCCESS - Decryption successful, plaintext length: 32
[1785280181] [NOISE_PROTOCOL_DEBUG] CIPHER_ENCRYPT_ASSOCIATED_DATA - Associated data length: 0
[1785280181] [NOISE_PROTOCOL_DEBUG] DECRYPT_AND_HASH_SUCCESS - Decryption successful, plaintext length: 32
[1785280181] [NOISE_PROTOCOL_DEBUG] READ_MESSAGE_START - Pattern: XX, Current: 2/3
[1785280181] [NOISE_PROTOCOL_DEBUG] READ_MESSAGE_HASH_BEFORE - Hash before read: [21, 179, 163, 98, 18, 105, 207, 142]
[1785280181] [NOISE_PROTOCOL_DEBUG] DECRYPT_AND_HASH_HASH_MIXED - Hash mixed with ciphertext
[1785280181] [NOISE_PROTOCOL_DEBUG] READ_MESSAGE_PATTERNS - Processing patterns: [S, SE]
[1785280181] [NOISE_PROTOCOL_DEBUG] READ_MESSAGE_S_DONE - Static key read and validated successfully
[1785280181] [NOISE_PROTOCOL_DEBUG] READ_MESSAGE_PATTERN - Processing pattern: S
[1785280181] [NOISE_PROTOCOL_DEBUG] READ_MESSAGE_HASH_AFTER_PATTERN - Hash after pattern S: [219, 254, 27, 125, 191, 136, 50, 66]
[1785280181] [NOISE_PROTOCOL_DEBUG] READ_MESSAGE_HASH_BEFORE_PATTERN - Hash before pattern: [21, 179, 163, 98, 18, 105, 207, 142]
[1785280181] [NOISE_PROTOCOL_DEBUG] READ_MESSAGE_PATTERN - Processing pattern: SE
[1785280181] [NOISE_PROTOCOL_DEBUG] READ_MESSAGE_S - Reading static key
[1785280181] [NOISE_PROTOCOL_DEBUG] READ_MESSAGE_HASH_BEFORE_PATTERN - Hash before pattern: [219, 254, 27, 125, 191, 136, 50, 66]
[1785280181] [NOISE_PROTOCOL_DEBUG] CIPHER_ENCRYPT_SUCCESS - Encryption successful, ciphertext length: 61
[1785280181] [NOISE_PROTOCOL_DEBUG] READ_MESSAGE_S_CHECK - Checking static key length: need 48 bytes, available 64 bytes, has_cipher_key: true
[1785280181] [NOISE_PROTOCOL_DEBUG] CIPHER_ENCRYPT_TRANSPORT - Transport message with nonce prefix, total length: 65
[1785280181] [NOISE_PROTOCOL_DEBUG] CIPHER_ENCRYPT - Encrypting with key, plaintext length: 54
[1785280181] [NOISE_PROTOCOL_DEBUG] READ_MESSAGE_S_DATA - Static key data length: 48, has_cipher_key: true
[1785280181] [NOISE_PROTOCOL_DEBUG] READ_MESSAGE_SE - Performing DH(static, ephemeral)
[1785280181] [NOISE_PROTOCOL_DEBUG] CIPHER_ENCRYPT_KEY - Key length: 32
[1785280181] [NOISE_PROTOCOL_DEBUG] DECRYPT_AND_HASH - Decrypting with cipher key, ciphertext length: 48
[1785280181] [NOISE_PROTOCOL_DEBUG] READ_MESSAGE_START - Pattern: XX, Current: 2/3
[1785280181] [NOISE_PROTOCOL_DEBUG] CIPHER_ENCRYPT_NONCE - Current nonce: 0
[1785280181] [NOISE_PROTOCOL_DEBUG] DECRYPT_AND_HASH_HASH - Current hash length: 32
[1785280181] [NOISE_PROTOCOL_DEBUG] CIPHER_ENCRYPT_ASSOCIATED_DATA - Associated data length: 0
[1785280181] [NOISE_PROTOCOL_DEBUG] DECRYPT_AND_HASH_HASH_BYTES - Hash bytes: [21, 179, 163, 98, 18, 105, 207, 142]
[1785280181] [NOISE_PROTOCOL_DEBUG] READ_MESSAGE_HASH_BEFORE - Hash before read: [59, 41, 79, 212, 175, 218, 93, 14]
[1785280181] [NOISE_PROTOCOL_DEBUG] CIPHER_DECRYPT - Decrypting with key, ciphertext length: 48
[1785280181] [NOISE_PROTOCOL_DEBUG] READ_MESSAGE_PATTERNS - Processing patterns: [S, SE]
[1785280181] [NOISE_PROTOCOL_DEBUG] READ_MESSAGE_PATTERN - Processing pattern: S
[1785280181] [NOISE_PROTOCOL_DEBUG] READ_MESSAGE_HASH_BEFORE_PATTERN - Hash before pattern: [59, 41, 79, 212, 175, 218, 93, 14]
[1785280181] [NOISE_PROTOCOL_DEBUG] READ_MESSAGE_S - Reading static key
[1785280181] [NOISE_PROTOCOL_DEBUG] READ_MESSAGE_S_CHECK - Checking static key length: need 48 bytes, available 64 bytes, has_cipher_key: true
[1785280181] [NOISE_PROTOCOL_DEBUG] READ_MESSAGE_S_DATA - Static key data length: 48, has_cipher_key: true
[1785280181] [NOISE_PROTOCOL_DEBUG] DECRYPT_AND_HASH - Decrypting with cipher key, ciphertext length: 48
[1785280181] [NOISE_PROTOCOL_DEBUG] DECRYPT_AND_HASH_HASH - Current hash length: 32
[1785280181] [NOISE_PROTOCOL_DEBUG] DECRYPT_AND_HASH_HASH_BYTES - Hash bytes: [59, 41, 79, 212, 175, 218, 93, 14]
[1785280181] [NOISE_PROTOCOL_DEBUG] CIPHER_DECRYPT - Decrypting with key, ciphertext length: 48
[1785280181] [NOISE_PROTOCOL_DEBUG] CIPHER_ENCRYPT_SUCCESS - Encryption successful, ciphertext length: 70
[1785280181] [NOISE_PROTOCOL_DEBUG] CIPHER_ENCRYPT_TRANSPORT - Transport message with nonce prefix, total length: 74
[1785280181] [NOISE_PROTOCOL_DEBUG] CIPHER_DECRYPT_SUCCESS - Decryption successful, plaintext length: 32
[1785280181] [NOISE_PROTOCOL_DEBUG] DECRYPT_AND_HASH_SUCCESS - Decryption successful, plaintext length: 32
[1785280181] [NOISE_PROTOCOL_DEBUG] DECRYPT_AND_HASH_HASH_MIXED - Hash mixed with ciphertext
[1785280181] [NOISE_PROTOCOL_DEBUG] READ_MESSAGE_SE_DONE - DH(static, ephemeral) completed
[1785280181] [NOISE_PROTOCOL_DEBUG] READ_MESSAGE_START - Pattern: XX, Current: 2/3
[1785280181] [NOISE_PROTOCOL_DEBUG] READ_MESSAGE_S_DONE - Static key read and validated successfully
[1785280181] [NOISE_PROTOCOL_DEBUG] READ_MESSAGE_HASH_AFTER_PATTERN - Hash after pattern SE: [236, 84, 4, 181, 12, 45, 63, 161]
[1785280181] [NOISE_PROTOCOL_DEBUG] READ_MESSAGE_HASH_BEFORE - Hash before read: [19, 225, 94, 8, 27, 178, 216, 60]
[1785280181] [NOISE_PROTOCOL_DEBUG] READ_MESSAGE_HASH_AFTER_PATTERN - Hash after pattern S: [170, 211, 20, 4, 161, 36, 33, 130]
[1785280181] [NOISE_PROTOCOL_DEBUG] CIPHER_DECRYPT_SUCCESS - Decryption successful, plaintext length: 32
[1785280181] [NOISE_PROTOCOL_DEBUG] READ_MESSAGE_PAYLOAD - Decrypting payload, length: 16
[1785280181] [NOISE_PROTOCOL_DEBUG] DECRYPT_AND_HASH_SUCCESS - Decryption successful, plaintext length: 32
[1785280181] [NOISE_PROTOCOL_DEBUG] READ_MESSAGE_PATTERNS - Processing patterns: [S, SE]
[1785280181] [NOISE_PROTOCOL_DEBUG] READ_MESSAGE_PATTERN - Processing pattern: SE
[1785280181] [NOISE_PROTOCOL_DEBUG] DECRYPT_AND_HASH - Decrypting with cipher key, ciphertext length: 16
[1785280181] [NOISE_PROTOCOL_DEBUG] READ_MESSAGE_PATTERN - Processing pattern: S
[1785280181] [NOISE_PROTOCOL_DEBUG] DECRYPT_AND_HASH_HASH_MIXED - Hash mixed with ciphertext
[1785280181] [NOISE_PROTOCOL_DEBUG] DECRYPT_AND_HASH_HASH - Current hash length: 32
[1785280181] [NOISE_PROTOCOL_DEBUG] READ_MESSAGE_HASH_BEFORE_PATTERN - Hash before pattern: [170, 211, 20, 4, 161, 36, 33, 130]
[1785280181] [NOISE_PROTOCOL_DEBUG] READ_MESSAGE_HASH_BEFORE_PATTERN - Hash before pattern: [19, 225, 94, 8, 27, 178, 216, 60]
[1785280181] [NOISE_PROTOCOL_DEBUG] READ_MESSAGE_S_DONE - Static key read and validated successfully
[1785280181] [NOISE_PROTOCOL_DEBUG] DECRYPT_AND_HASH_HASH_BYTES - Hash bytes: [236, 84, 4, 181, 12, 45, 63, 161]
[1785280181] [NOISE_PROTOCOL_DEBUG] READ_MESSAGE_SE - Performing DH(static, ephemeral)
[1785280181] [NOISE_PROTOCOL_DEBUG] READ_MESSAGE_S - Reading static key
[1785280181] [NOISE_PROTOCOL_DEBUG] READ_MESSAGE_HASH_AFTER_PATTERN - Hash after pattern S: [47, 190, 215, 31, 150, 53, 146, 15]
[1785280181] [NOISE_PROTOCOL_DEBUG] CIPHER_DECRYPT - Decrypting with key, ciphertext length: 16
[1785280181] [NOISE_PROTOCOL_DEBUG] READ_MESSAGE_S_CHECK - Checking static key length: need 48 bytes, available 64 bytes, has_cipher_key: true
[1785280181] [NOISE_PROTOCOL_DEBUG] READ_MESSAGE_PATTERN - Processing pattern: SE
[1785280181] [NOISE_PROTOCOL_DEBUG] READ_MESSAGE_S_DATA - Static key data length: 48, has_cipher_key: true
[1785280181] [NOISE_PROTOCOL_DEBUG] READ_MESSAGE_HASH_BEFORE_PATTERN - Hash before pattern: [47, 190, 215, 31, 150, 53, 146, 15]
[1785280181] [NOISE_PROTOCOL_DEBUG] DECRYPT_AND_HASH - Decrypting with cipher key, ciphertext length: 48
[1785280181] [NOISE_PROTOCOL_DEBUG] READ_MESSAGE_SE - Performing DH(static, ephemeral)
[1785280181] [NOISE_PROTOCOL_DEBUG] DECRYPT_AND_HASH_HASH - Current hash length: 32
[1785280181] [NOISE_PROTOCOL_DEBUG] DECRYPT_AND_HASH_HASH_BYTES - Hash bytes: [19, 225, 94, 8, 27, 178, 216, 60]
[1785280181] [NOISE_PROTOCOL_DEBUG] CIPHER_DECRYPT - Decrypting with key, ciphertext length: 48
[1785280181] [NOISE_PROTOCOL_DEBUG] CIPHER_DECRYPT_SUCCESS - Decryption successful, plaintext length: 0
[1785280181] [NOISE_PROTOCOL_DEBUG] DECRYPT_AND_HASH_SUCCESS - Decryption successful, plaintext length: 0
[1785280181] [NOISE_PROTOCOL_DEBUG] DECRYPT_AND_HASH_HASH_MIXED - Hash mixed with ciphertext
[1785280181] [NOISE_PROTOCOL_DEBUG] READ_MESSAGE_PAYLOAD_SUCCESS - Payload decrypted successfully, length: 0
[1785280181] [NOISE_PROTOCOL_DEBUG] READ_MESSAGE_SE_DONE - DH(static, ephemeral) completed
[1785280181] [NOISE_PROTOCOL_DEBUG] READ_MESSAGE_COMPLETE - Message read successfully, new pattern: 3/3
[1785280181] [NOISE_PROTOCOL_DEBUG] READ_MESSAGE_HASH_AFTER_PATTERN - Hash after pattern SE: [219, 254, 27, 125, 191, 136, 50, 66]
[1785280181] [NOISE_PROTOCOL_DEBUG] READ_MESSAGE_HASH_AFTER - Hash after read: [180, 74, 101, 157, 71, 94, 7, 128]
[1785280181] [NOISE_PROTOCOL_DEBUG] READ_MESSAGE_PAYLOAD - Decrypting payload, length: 16
[1785280181] [NOISE_PROTOCOL_DEBUG] DECRYPT_AND_HASH - Decrypting with cipher key, ciphertext length: 16
[1785280181] [NOISE_PROTOCOL_DEBUG] DECRYPT_AND_HASH_HASH - Current hash length: 32
[1785280181] [NOISE_PROTOCOL_DEBUG] CIPHER_DECRYPT_SUCCESS - Decryption successful, plaintext length: 32
[1785280181] [NOISE_PROTOCOL_DEBUG] DECRYPT_AND_HASH_HASH_BYTES - Hash bytes: [219, 254, 27, 125, 191, 136, 50, 66]
[1785280181] [NOISE_PROTOCOL_DEBUG] DECRYPT_AND_HASH_SUCCESS - Decryption successful, plaintext length: 32
[1785280181] [NOISE_PROTOCOL_DEBUG] CIPHER_DECRYPT - Decrypting with key, ciphertext length: 16
[1785280181] [NOISE_PROTOCOL_DEBUG] DECRYPT_AND_HASH_HASH_MIXED - Hash mixed with ciphertext
[1785280181] [NOISE_PROTOCOL_DEBUG] READ_MESSAGE_S_DONE - Static key read and validated successfully
[1785280181] [NOISE_PROTOCOL_DEBUG] READ_MESSAGE_HASH_AFTER_PATTERN - Hash after pattern S: [240, 233, 155, 60, 194, 232, 126, 48]
[1785280181] [NOISE_PROTOCOL_DEBUG] READ_MESSAGE_PATTERN - Processing pattern: SE
[1785280181] [NOISE_PROTOCOL_DEBUG] CIPHER_DECRYPT - Decrypting with key, ciphertext length: 78
[1785280181] [NOISE_PROTOCOL_DEBUG] READ_MESSAGE_HASH_BEFORE_PATTERN - Hash before pattern: [240, 233, 155, 60, 194, 232, 126, 48]
[1785280181] [NOISE_PROTOCOL_DEBUG] CIPHER_DECRYPT_SUCCESS - Decryption successful, plaintext length: 0
[1785280181] [NOISE_PROTOCOL_DEBUG] READ_MESSAGE_SE - Performing DH(static, ephemeral)
[1785280181] [NOISE_PROTOCOL_DEBUG] DECRYPT_AND_HASH_SUCCESS - Decryption successful, plaintext length: 0
[1785280181] [NOISE_PROTOCOL_DEBUG] DECRYPT_AND_HASH_HASH_MIXED - Hash mixed with ciphertext
[1785280181] [NOISE_PROTOCOL_DEBUG] READ_MESSAGE_PAYLOAD_SUCCESS - Payload decrypted successfully, length: 0
[1785280181] [NOISE_PROTOCOL_DEBUG] READ_MESSAGE_COMPLETE - Message read successfully, new pattern: 3/3
[1785280181] [NOISE_PROTOCOL_DEBUG] READ_MESSAGE_HASH_AFTER - Hash after read: [202, 13, 8, 177, 141, 237, 90, 113]
[1785280181] [NOISE_PROTOCOL_DEBUG] CIPHER_DECRYPT_SUCCESS - Decryption successful, plaintext length: 58
[1785280181] [NOISE_PROTOCOL_DEBUG] READ_MESSAGE_SE_DONE - DH(static, ephemeral) completed
[1785280181] [NOISE_PROTOCOL_DEBUG] READ_MESSAGE_HASH_AFTER_PATTERN - Hash after pattern SE: [47, 190, 215, 31, 150, 53, 146, 15]
[1785280181] [NOISE_PROTOCOL_DEBUG] READ_MESSAGE_PAYLOAD - Decrypting payload, length: 16
[1785280181] [NOISE_PROTOCOL_DEBUG] DECRYPT_AND_HASH - Decrypting with cipher key, ciphertext length: 16
[1785280181] [NOISE_PROTOCOL_DEBUG] DECRYPT_AND_HASH_HASH - Current hash length: 32
[1785280181] [NOISE_PROTOCOL_DEBUG] DECRYPT_AND_HASH_HASH_BYTES - Hash bytes: [47, 190, 215, 31, 150, 53, 146, 15]
[1785280181] [NOISE_PROTOCOL_DEBUG] CIPHER_DECRYPT - Decrypting with key, ciphertext length: 16
[1785280181] [NOISE_PROTOCOL_DEBUG] CIPHER_DECRYPT - Decrypting with key, ciphertext length: 63
[1785280181] [NOISE_PROTOCOL_DEBUG] READ_MESSAGE_SE_DONE - DH(static, ephemeral) completed
[1785280181] [NOISE_PROTOCOL_DEBUG] CIPHER_DECRYPT_SUCCESS - Decryption successful, plaintext length: 0
[1785280181] [NOISE_PROTOCOL_DEBUG] READ_MESSAGE_HASH_AFTER_PATTERN - Hash after pattern SE: [170, 211, 20, 4, 161, 36, 33, 130]
[1785280181] [NOISE_PROTOCOL_DEBUG] DECRYPT_AND_HASH_SUCCESS - Decryption successful, plaintext length: 0
[1785280181] [NOISE_PROTOCOL_DEBUG] READ_MESSAGE_PAYLOAD - Decrypting payload, length: 16
[1785280181] [NOISE_PROTOCOL_DEBUG] DECRYPT_AND_HASH_HASH_MIXED - Hash mixed with ciphertext
[1785280181] [NOISE_PROTOCOL_DEBUG] DECRYPT_AND_HASH - Decrypting with cipher key, ciphertext length: 16
[1785280181] [NOISE_PROTOCOL_DEBUG] CIPHER_DECRYPT_SUCCESS - Decryption successful, plaintext length: 43
[1785280181] [NOISE_PROTOCOL_DEBUG] READ_MESSAGE_PAYLOAD_SUCCESS - Payload decrypted successfully, length: 0
[1785280181] [NOISE_PROTOCOL_DEBUG] DECRYPT_AND_HASH_HASH - Current hash length: 32
[1785280181] [NOISE_PROTOCOL_DEBUG] READ_MESSAGE_COMPLETE - Message read successfully, new pattern: 3/3
[1785280181] [NOISE_PROTOCOL_DEBUG] DECRYPT_AND_HASH_HASH_BYTES - Hash bytes: [170, 211, 20, 4, 161, 36, 33, 130]
[1785280181] [NOISE_PROTOCOL_DEBUG] READ_MESSAGE_HASH_AFTER - Hash after read: [160, 236, 89, 158, 95, 166, 133, 219]
[1785280181] [NOISE_PROTOCOL_DEBUG] CIPHER_DECRYPT - Decrypting with key, ciphertext length: 16
[1785280181] [NOISE_PROTOCOL_DEBUG] CIPHER_DECRYPT_SUCCESS - Decryption successful, plaintext length: 0
[1785280181] [NOISE_PROTOCOL_DEBUG] CIPHER_DECRYPT - Decrypting with key, ciphertext length: 65
[1785280181] [NOISE_PROTOCOL_DEBUG] DECRYPT_AND_HASH_SUCCESS - Decryption successful, plaintext length: 0
[1785280181] [NOISE_PROTOCOL_DEBUG] DECRYPT_AND_HASH_HASH_MIXED - Hash mixed with ciphertext
[1785280181] [NOISE_PROTOCOL_DEBUG] READ_MESSAGE_PAYLOAD_SUCCESS - Payload decrypted successfully, length: 0
[1785280181] [NOISE_PROTOCOL_DEBUG] READ_MESSAGE_COMPLETE - Message read successfully, new pattern: 3/3
[1785280181] [NOISE_PROTOCOL_DEBUG] READ_MESSAGE_HASH_AFTER - Hash after read: [195, 54, 30, 90, 197, 31, 64, 244]
[1785280181] [NOISE_PROTOCOL_DEBUG] READ_MESSAGE_SE_DONE - DH(static, ephemeral) completed
[1785280181] [NOISE_PROTOCOL_DEBUG] READ_MESSAGE_HASH_AFTER_PATTERN - Hash after pattern SE: [240, 233, 155, 60, 194, 232, 126, 48]
[1785280181] [NOISE_PROTOCOL_DEBUG] READ_MESSAGE_PAYLOAD - Decrypting payload, length: 16
[1785280181] [NOISE_PROTOCOL_DEBUG] DECRYPT_AND_HASH - Decrypting with cipher key, ciphertext length: 16
[1785280181] [NOISE_PROTOCOL_DEBUG] CIPHER_DECRYPT_SUCCESS - Decryption successful, plaintext length: 45
[1785280181] [NOISE_PROTOCOL_DEBUG] DECRYPT_AND_HASH_HASH - Current hash length: 32
[1785280181] [NOISE_PROTOCOL_DEBUG] DECRYPT_AND_HASH_HASH_BYTES - Hash bytes: [240, 233, 155, 60, 194, 232, 126, 48]
[1785280181] [NOISE_PROTOCOL_DEBUG] CIPHER_ENCRYPT - Encrypting with key, plaintext length: 45
[1785280181] [NOISE_PROTOCOL_DEBUG] CIPHER_DECRYPT - Decrypting with key, ciphertext length: 16
[1785280181] [NOISE_PROTOCOL_DEBUG] CIPHER_ENCRYPT_KEY - Key length: 32
[1785280181] [NOISE_PROTOCOL_DEBUG] CIPHER_ENCRYPT_NONCE - Current nonce: 0
[1785280181] [NOISE_PROTOCOL_DEBUG] CIPHER_ENCRYPT_ASSOCIATED_DATA - Associated data length: 0
[1785280181] [NOISE_PROTOCOL_DEBUG] CIPHER_DECRYPT - Decrypting with key, ciphertext length: 62
[1785280181] [NOISE_PROTOCOL_DEBUG] CIPHER_DECRYPT_SUCCESS - Decryption successful, plaintext length: 0
[1785280181] [NOISE_PROTOCOL_DEBUG] DECRYPT_AND_HASH_SUCCESS - Decryption successful, plaintext length: 0
[1785280181] [NOISE_PROTOCOL_DEBUG] DECRYPT_AND_HASH_HASH_MIXED - Hash mixed with ciphertext
[1785280181] [NOISE_PROTOCOL_DEBUG] CIPHER_ENCRYPT_SUCCESS - Encryption successful, ciphertext length: 61
[1785280181] [NOISE_PROTOCOL_DEBUG] CIPHER_ENCRYPT_TRANSPORT - Transport message with nonce prefix, total length: 65
[1785280181] [NOISE_PROTOCOL_DEBUG] CIPHER_DECRYPT_SUCCESS - Decryption successful, plaintext length: 42
[1785280181] [NOISE_PROTOCOL_DEBUG] CIPHER_DECRYPT - Decrypting with key, ciphertext length: 65
[1785280181] [NOISE_PROTOCOL_DEBUG] READ_MESSAGE_PAYLOAD_SUCCESS - Payload decrypted successfully, length: 0
[1785280181] [NOISE_PROTOCOL_DEBUG] READ_MESSAGE_COMPLETE - Message read successfully, new pattern: 3/3
[1785280181] [NOISE_PROTOCOL_DEBUG] READ_MESSAGE_HASH_AFTER - Hash after read: [163, 80, 68, 21, 49, 106, 119, 121]
[1785280181] [NOISE_PROTOCOL_DEBUG] CIPHER_ENCRYPT - Encrypting with key, plaintext length: 295
[1785280181] [NOISE_PROTOCOL_DEBUG] CIPHER_DECRYPT_SUCCESS - Decryption successful, plaintext length: 45
[1785280181] [NOISE_PROTOCOL_DEBUG] CIPHER_ENCRYPT_KEY - Key length: 32
[1785280181] [NOISE_PROTOCOL_DEBUG] CIPHER_ENCRYPT_NONCE - Current nonce: 1
[1785280181] [NOISE_PROTOCOL_DEBUG] CIPHER_ENCRYPT_ASSOCIATED_DATA - Associated data length: 0
[1785280181] [NOISE_PROTOCOL_DEBUG] CIPHER_DECRYPT - Decrypting with key, ciphertext length: 74
[1785280181] [NOISE_PROTOCOL_DEBUG] CIPHER_ENCRYPT_SUCCESS - Encryption successful, ciphertext length: 311
[1785280181] [NOISE_PROTOCOL_DEBUG] CIPHER_DECRYPT_SUCCESS - Decryption successful, plaintext length: 54
[1785280181] [NOISE_PROTOCOL_DEBUG] CIPHER_ENCRYPT_TRANSPORT - Transport message with nonce prefix, total length: 315
[1785280181] [NOISE_PROTOCOL_DEBUG] CIPHER_ENCRYPT - Encrypting with key, plaintext length: 295
[1785280181] [NOISE_PROTOCOL_DEBUG] CIPHER_ENCRYPT_KEY - Key length: 32
[1785280181] [NOISE_PROTOCOL_DEBUG] CIPHER_ENCRYPT_NONCE - Current nonce: 2
[1785280181] [NOISE_PROTOCOL_DEBUG] CIPHER_ENCRYPT_ASSOCIATED_DATA - Associated data length: 0
[1785280181] [NOISE_PROTOCOL_DEBUG] CIPHER_ENCRYPT_SUCCESS - Encryption successful, ciphertext length: 311
[1785280181] [NOISE_PROTOCOL_DEBUG] CIPHER_ENCRYPT_TRANSPORT - Transport message with nonce prefix, total length: 315
[1785280181] [NOISE_PROTOCOL_DEBUG] CIPHER_ENCRYPT - Encrypting with key, plaintext length: 295
[1785280181] [NOISE_PROTOCOL_DEBUG] CIPHER_ENCRYPT_KEY - Key length: 32
[1785280181] [NOISE_PROTOCOL_DEBUG] CIPHER_ENCRYPT_NONCE - Current nonce: 3
[1785280181] [NOISE_PROTOCOL_DEBUG] CIPHER_ENCRYPT_ASSOCIATED_DATA - Associated data length: 0
[1785280181] [NOISE_PROTOCOL_DEBUG] CIPHER_ENCRYPT_SUCCESS - Encryption successful, ciphertext length: 311
[1785280181] [NOISE_PROTOCOL_DEBUG] CIPHER_ENCRYPT_TRANSPORT - Transport message with nonce prefix, total length: 315
[1785280181] [NOISE_PROTOCOL_DEBUG] CIPHER_ENCRYPT - Encrypting with key, plaintext length: 275
[1785280181] [NOISE_PROTOCOL_DEBUG] CIPHER_ENCRYPT_KEY - Key length: 32
[1785280181] [NOISE_PROTOCOL_DEBUG] CIPHER_ENCRYPT_NONCE - Current nonce: 4
[1785280181] [NOISE_PROTOCOL_DEBUG] CIPHER_ENCRYPT_ASSOCIATED_DATA - Associated data length: 0
[1785280181] [NOISE_PROTOCOL_DEBUG] CIPHER_ENCRYPT_SUCCESS - Encryption successful, ciphertext length: 291
[1785280181] [NOISE_PROTOCOL_DEBUG] CIPHER_ENCRYPT_TRANSPORT - Transport message with nonce prefix, total length: 295
[1785280181] [NOISE_PROTOCOL_DEBUG] CIPHER_DECRYPT - Decrypting with key, ciphertext length: 315
[1785280181] [NOISE_PROTOCOL_DEBUG] CIPHER_DECRYPT_SUCCESS - Decryption successful, plaintext length: 295
[1785280181] [NOISE_PROTOCOL_DEBUG] CIPHER_DECRYPT - Decrypting with key, ciphertext length: 315
[1785280181] [NOISE_PROTOCOL_DEBUG] CIPHER_DECRYPT_SUCCESS - Decryption successful, plaintext length: 295
[1785280181] [NOISE_PROTOCOL_DEBUG] CIPHER_DECRYPT - Decrypting with key, ciphertext length: 315
[1785280181] [NOISE_PROTOCOL_DEBUG] CIPHER_DECRYPT_SUCCESS - Decryption successful, plaintext length: 295
[1785280181] [NOISE_PROTOCOL_DEBUG] CIPHER_DECRYPT - Decrypting with key, ciphertext length: 295
[1785280181] [NOISE_PROTOCOL_DEBUG] CIPHER_DECRYPT_SUCCESS - Decryption successful, plaintext length: 275
[1785280291] [NOISE_PROTOCOL_DEBUG] HANDSHAKE_INIT - Protocol name: Noise_XX_25519_ChaChaPoly_SHA256
[1785280291] [NOISE_PROTOCOL_DEBUG] HANDSHAKE_INIT - Initial hash: [78, 111, 105, 115, 101, 95, 88, 88]
[1785280291] [NOISE_PROTOCOL_DEBUG] HANDSHAKE_INIT - Initial chaining key: [78, 111, 105, 115, 101, 95, 88, 88]
[1785280291] [NOISE_PROTOCOL_DEBUG] HANDSHAKE_INIT - Protocol name: Noise_XX_25519_ChaChaPoly_SHA256
[1785280291] [NOISE_PROTOCOL_DEBUG] HANDSHAKE_INIT - Initial hash: [78, 111, 105, 115, 101, 95, 88, 88]
[1785280291] [NOISE_PROTOCOL_DEBUG] HANDSHAKE_INIT - Initial chaining key: [78, 111, 105, 115, 101, 95, 88, 88]
[1785280291] [NOISE_PROTOCOL_DEBUG] HANDSHAKE_INIT - Protocol name: Noise_XX_25519_ChaChaPoly_SHA256
[1785280291] [NOISE_PROTOCOL_DEBUG] HANDSHAKE_INIT - Initial hash: [78, 111, 105, 115, 101, 95, 88, 88]
[1785280291] [NOISE_PROTOCOL_DEBUG] HANDSHAKE_INIT - Initial chaining key: [78, 111, 105, 115, 101, 95, 88, 88]
[1785280291] [NOISE_PROTOCOL_DEBUG] WRITE_MESSAGE_START - Pattern: XX, Current: 0/3
[1785280291] [NOISE_PROTOCOL_DEBUG] WRITE_MESSAGE_PATTERNS - Processing patterns: [E]
[1785280291] [NOISE_PROTOCOL_DEBUG] WRITE_MESSAGE_PATTERN - Processing pattern: E
[1785280291] [NOISE_PROTOCOL_DEBUG] WRITE_MESSAGE_E - Generating ephemeral key
[1785280291] [NOISE_PROTOCOL_DEBUG] WRITE_MESSAGE_START - Pattern: XX, Current: 0/3
[1785280291] [NOISE_PROTOCOL_DEBUG] WRITE_MESSAGE_PATTERNS - Processing patterns: [E]
[1785280291] [NOISE_PROTOCOL_DEBUG] WRITE_MESSAGE_PATTERN - Processing pattern: E
[1785280291] [NOISE_PROTOCOL_DEBUG] WRITE_MESSAGE_E - Generating ephemeral key
[1785280291] [NOISE_PROTOCOL_DEBUG] HANDSHAKE_INIT - Protocol name: Noise_XX_25519_ChaChaPoly_SHA256
[1785280291] [NOISE_PROTOCOL_DEBUG] HANDSHAKE_INIT - Initial hash: [78, 111, 105, 115, 101, 95, 88, 88]
[1785280291] [NOISE_PROTOCOL_DEBUG] HANDSHAKE_INIT - Initial chaining key: [78, 111, 105, 115, 101, 95, 88, 88]
[1785280291] [NOISE_PROTOCOL_DEBUG] WRITE_MESSAGE_START - Pattern: XX, Current: 0/3
[1785280291] [NOISE_PROTOCOL_DEBUG] WRITE_MESSAGE_PATTERNS - Processing patterns: [E]
[1785280291] [NOISE_PROTOCOL_DEBUG] WRITE_MESSAGE_E_DONE - Ephemeral key generated, buffer size: 32
[1785280291] [NOISE_PROTOCOL_DEBUG] WRITE_MESSAGE_PATTERN - Processing pattern: E
[1785280291] [NOISE_PROTOCOL_DEBUG] WRITE_MESSAGE_ENCRYPT - Encrypting payload of 0 bytes
[1785280291] [NOISE_PROTOCOL_DEBUG] WRITE_MESSAGE_E - Generating ephemeral key
[1785280291] [NOISE_PROTOCOL_DEBUG] WRITE_MESSAGE_ENCRYPT_DONE - Payload encrypted, total buffer size: 32
[1785280291] [NOISE_PROTOCOL_DEBUG] WRITE_MESSAGE_COMPLETE - Message written, pattern 0 complete
[1785280291] [NOISE_PROTOCOL_DEBUG] WRITE_MESSAGE_START - Pattern: XX, Current: 0/3
[1785280291] [NOISE_PROTOCOL_DEBUG] WRITE_MESSAGE_PATTERNS - Processing patterns: [E]
[1785280291] [NOISE_PROTOCOL_DEBUG] WRITE_MESSAGE_E_DONE - Ephemeral key generated, buffer size: 32
[1785280291] [NOISE_PROTOCOL_DEBUG] WRITE_MESSAGE_PATTERN - Processing pattern: E
[1785280291] [NOISE_PROTOCOL_DEBUG] WRITE_MESSAGE_ENCRYPT - Encrypting payload of 0 bytes
[1785280291] [NOISE_PROTOCOL_DEBUG] HANDSHAKE_INIT - Protocol name: Noise_XX_25519_ChaChaPoly_SHA256
[1785280291] [NOISE_PROTOCOL_DEBUG] WRITE_MESSAGE_E - Generating ephemeral key
[1785280291] [NOISE_PROTOCOL_DEBUG] HANDSHAKE_INIT - Initial hash: [78, 111, 105, 115, 101, 95, 88, 88]
[1785280291] [NOISE_PROTOCOL_DEBUG] WRITE_MESSAGE_ENCRYPT_DONE - Payload encrypted, total buffer size: 32
[1785280291] [NOISE_PROTOCOL_DEBUG] HANDSHAKE_INIT - Initial chaining key: [78, 111, 105, 115, 101, 95, 88, 88]
[1785280291] [NOISE_PROTOCOL_DEBUG] WRITE_MESSAGE_COMPLETE - Message written, pattern 0 complete
[1785280291] [NOISE_PROTOCOL_DEBUG] HANDSHAKE_INIT - Protocol name: Noise_XX_25519_ChaChaPoly_SHA256
[1785280291] [NOISE_PROTOCOL_DEBUG] HANDSHAKE_INIT - Initial hash: [78, 111, 105, 115, 101, 95, 88, 88]
[1785280291] [NOISE_PROTOCOL_DEBUG] HANDSHAKE_INIT - Initial chaining key: [78, 111, 105, 115, 101, 95, 88, 88]
[1785280291] [NOISE_PROTOCOL_DEBUG] HANDSHAKE_INIT - Protocol name: Noise_XX_25519_ChaChaPoly_SHA256
[1785280291] [NOISE_PROTOCOL_DEBUG] HANDSHAKE_INIT - Initial hash: [78, 111, 105, 115, 101, 95, 88, 88]
[1785280291] [NOISE_PROTOCOL_DEBUG] HANDSHAKE_INIT - Initial chaining key: [78, 111, 105, 115, 101, 95, 88, 88]
[1785280291] [NOISE_PROTOCOL_DEBUG] WRITE_MESSAGE_E_DONE - Ephemeral key generated, buffer size: 32
[1785280291] [NOISE_PROTOCOL_DEBUG] WRITE_MESSAGE_E_DONE - Ephemeral key generated, buffer size: 32
[1785280291] [NOISE_PROTOCOL_DEBUG] WRITE_MESSAGE_ENCRYPT - Encrypting payload of 0 bytes
[1785280291] [NOISE_PROTOCOL_DEBUG] WRITE_MESSAGE_ENCRYPT - Encrypting payload of 0 bytes
[1785280291] [NOISE_PROTOCOL_DEBUG] WRITE_MESSAGE_ENCRYPT_DONE - Payload encrypted, total buffer size: 32
[1785280291] [NOISE_PROTOCOL_DEBUG] READ_MESSAGE_START - Pattern: XX, Current: 0/3
[1785280291] [NOISE_PROTOCOL_DEBUG] WRITE_MESSAGE_ENCRYPT_DONE - Payload encrypted, total buffer size: 32
[1785280291] [NOISE_PROTOCOL_DEBUG] WRITE_MESSAGE_COMPLETE - Message written, pattern 0 complete
[1785280291] [NOISE_PROTOCOL_DEBUG] READ_MESSAGE_HASH_BEFORE - Hash before read: [243, 209, 94, 97, 8, 237, 149, 86]
[1785280291] [NOISE_PROTOCOL_DEBUG] WRITE_MESSAGE_COMPLETE - Message written, pattern 0 complete
[1785280291] [NOISE_PROTOCOL_DEBUG] READ_MESSAGE_PATTERNS - Processing patterns: [E]
[1785280291] [NOISE_PROTOCOL_DEBUG] READ_MESSAGE_PATTERN - Processing pattern: E
[1785280291] [NOISE_PROTOCOL_DEBUG] READ_MESSAGE_HASH_BEFORE_PATTERN - Hash before pattern: [243, 209, 94, 97, 8, 237, 149, 86]
[1785280291] [NOISE_PROTOCOL_DEBUG] READ_MESSAGE_START - Pattern: XX, Current: 0/3
[1785280291] [NOISE_PROTOCOL_DEBUG] READ_MESSAGE_E - Reading ephemeral key
[1785280291] [NOISE_PROTOCOL_DEBUG] HANDSHAKE_INIT - Protocol name: Noise_XX_25519_ChaChaPoly_SHA256
[1785280291] [NOISE_PROTOCOL_DEBUG] READ_MESSAGE_HASH_BEFORE - Hash before read: [243, 209, 94, 97, 8, 237, 149, 86]
[1785280291] [NOISE_PROTOCOL_DEBUG] HANDSHAKE_INIT - Protocol name: Noise_XX_25519_ChaChaPoly_SHA256
[1785280291] [NOISE_PROTOCOL_DEBUG] READ_MESSAGE_E_BYTES - Ephemeral key bytes: [233, 251, 221, 71, 58, 10, 73, 241]
[1785280291] [NOISE_PROTOCOL_DEBUG] HANDSHAKE_INIT - Initial hash: [78, 111, 105, 115, 101, 95, 88, 88]
[1785280291] [NOISE_PROTOCOL_DEBUG] READ_MESSAGE_PATTERNS - Processing patterns: [E]
[1785280291] [NOISE_PROTOCOL_DEBUG] HANDSHAKE_INIT - Initial hash: [78, 111, 105, 115, 101, 95, 88, 88]
[1785280291] [NOISE_PROTOCOL_DEBUG] HANDSHAKE_INIT - Initial chaining key: [78, 111, 105, 115, 101, 95, 88, 88]
[1785280291] [NOISE_PROTOCOL_DEBUG] READ_MESSAGE_E_DONE - Ephemeral key read, offset: 32
[1785280291] [NOISE_PROTOCOL_DEBUG] READ_MESSAGE_PATTERN - Processing pattern: E
[1785280291] [NOISE_PROTOCOL_DEBUG] HANDSHAKE_INIT - Initial chaining key: [78, 111, 105, 115, 101, 95, 88, 88]
[1785280291] [NOISE_PROTOCOL_DEBUG] READ_MESSAGE_HASH_AFTER_PATTERN - Hash after pattern E: [102, 92, 43, 13, 175, 12, 82, 230]
[1785280291] [NOISE_PROTOCOL_DEBUG] READ_MESSAGE_HASH_BEFORE_PATTERN - Hash before pattern: [243, 209, 94, 97, 8, 237, 149, 86]
[1785280291] [NOISE_PROTOCOL_DEBUG] READ_MESSAGE_PAYLOAD - Decrypting payload, length: 0
[1785280291] [NOISE_PROTOCOL_DEBUG] READ_MESSAGE_E - Reading ephemeral key
[1785280291] [NOISE_PROTOCOL_DEBUG] DECRYPT_AND_HASH - No cipher key, treating as plaintext, length: 0
[1785280291] [NOISE_PROTOCOL_DEBUG] READ_MESSAGE_E_BYTES - Ephemeral key bytes: [58, 147, 25, 107, 208, 9, 249, 26]
[1785280291] [NOISE_PROTOCOL_DEBUG] WRITE_MESSAGE_START - Pattern: XX, Current: 0/3
[1785280291] [NOISE_PROTOCOL_DEBUG] DECRYPT_AND_HASH_PLAINTEXT - Hash mixed with plaintext
[1785280291] [NOISE_PROTOCOL_DEBUG] READ_MESSAGE_E_DONE - Ephemeral key read, offset: 32
[1785280291] [NOISE_PROTOCOL_DEBUG] WRITE_MESSAGE_PATTERNS - Processing patterns: [E]
[1785280291] [NOISE_PROTOCOL_DEBUG] READ_MESSAGE_PAYLOAD_SUCCESS - Payload decrypted successfully, length: 0
[1785280291] [NOISE_PROTOCOL_DEBUG] READ_MESSAGE_HASH_AFTER_PATTERN - Hash after pattern E: [122, 249, 227, 104, 25, 30, 100, 3]
[1785280291] [NOISE_PROTOCOL_DEBUG] WRITE_MESSAGE_PATTERN - Processing pattern: E
[1785280291] [NOISE_PROTOCOL_DEBUG] READ_MESSAGE_COMPLETE - Message read successfully, new pattern: 1/3
[1785280291] [NOISE_PROTOCOL_DEBUG] READ_MESSAGE_PAYLOAD - Decrypting payload, length: 0
[1785280291] [NOISE_PROTOCOL_DEBUG] WRITE_MESSAGE_E - Generating ephemeral key
[1785280291] [NOISE_PROTOCOL_DEBUG] READ_MESSAGE_HASH_AFTER - Hash after read: [13, 219, 53, 213, 75, 245, 244, 147]
[1785280291] [NOISE_PROTOCOL_DEBUG] DECRYPT_AND_HASH - No cipher key, treating as plaintext, length: 0
[1785280291] [NOISE_PROTOCOL_DEBUG] WRITE_MESSAGE_START - Pattern: XX, Current: 1/3
[1785280291] [NOISE_PROTOCOL_DEBUG] DECRYPT_AND_HASH_PLAINTEXT - Hash mixed with plaintext
[1785280291] [NOISE_PROTOCOL_DEBUG] WRITE_MESSAGE_PATTERNS - Processing patterns: [E, EE, S, ES]
[1785280291] [NOISE_PROTOCOL_DEBUG] READ_MESSAGE_PAYLOAD_SUCCESS - Payload decrypted successfully, length: 0
[1785280291] [NOISE_PROTOCOL_DEBUG] WRITE_MESSAGE_PATTERN - Processing pattern: E
[1785280291] [NOISE_PROTOCOL_DEBUG] READ_MESSAGE_COMPLETE - Message read successfully, new pattern: 1/3
[1785280291] [NOISE_PROTOCOL_DEBUG] WRITE_MESSAGE_E - Generating ephemeral key
[1785280291] [NOISE_PROTOCOL_DEBUG] READ_MESSAGE_HASH_AFTER - Hash after read: [197, 172, 78, 243, 61, 77, 250, 231]
[1785280291] [NOISE_PROTOCOL_DEBUG] WRITE_MESSAGE_START - Pattern: XX, Current: 1/3
[1785280291] [NOISE_PROTOCOL_DEBUG] READ_MESSAGE_START - Pattern: XX, Current: 0/3
[1785280291] [NOISE_PROTOCOL_DEBUG] WRITE_MESSAGE_PATTERNS - Processing patterns: [E, EE, S, ES]
[1785280291] [NOISE_PROTOCOL_DEBUG] READ_MESSAGE_HASH_BEFORE - Hash before read: [243, 209, 94, 97, 8, 237, 149, 86]
[1785280291] [NOISE_PROTOCOL_DEBUG] WRITE_MESSAGE_PATTERN - Processing pattern: E
[1785280291] [NOISE_PROTOCOL_DEBUG] READ_MESSAGE_START - Pattern: XX, Current: 0/3
[1785280291] [NOISE_PROTOCOL_DEBUG] READ_MESSAGE_PATTERNS - Processing patterns: [E]
[1785280291] [NOISE_PROTOCOL_DEBUG] WRITE_MESSAGE_E - Generating ephemeral key
[1785280291] [NOISE_PROTOCOL_DEBUG] READ_MESSAGE_HASH_BEFORE - Hash before read: [243, 209, 94, 97, 8, 237, 149, 86]
[1785280291] [NOISE_PROTOCOL_DEBUG] READ_MESSAGE_PATTERN - Processing pattern: E
[1785280291] [NOISE_PROTOCOL_DEBUG] READ_MESSAGE_PATTERNS - Processing patterns: [E]
[1785280291] [NOISE_PROTOCOL_DEBUG] READ_MESSAGE_HASH_BEFORE_PATTERN - Hash before pattern: [243, 209, 94, 97, 8, 237, 149, 86]
[1785280291] [NOISE_PROTOCOL_DEBUG] READ_MESSAGE_PATTERN - Processing pattern: E
[1785280291] [NOISE_PROTOCOL_DEBUG] READ_MESSAGE_E - Reading ephemeral key
[1785280291] [NOISE_PROTOCOL_DEBUG] READ_MESSAGE_HASH_BEFORE_PATTERN - Hash before pattern: [243, 209, 94, 97, 8, 237, 149, 86]
[1785280291] [NOISE_PROTOCOL_DEBUG] READ_MESSAGE_E_BYTES - Ephemeral key bytes: [90, 167, 55, 184, 202, 76, 12, 250]
[1785280291] [NOISE_PROTOCOL_DEBUG] READ_MESSAGE_E - Reading ephemeral key
[1785280291] [NOISE_PROTOCOL_DEBUG] READ_MESSAGE_E_DONE - Ephemeral key read, offset: 32
[1785280291] [NOISE_PROTOCOL_DEBUG] READ_MESSAGE_E_BYTES - Ephemeral key bytes: [127, 245, 165, 205, 145, 124, 181, 67]
[1785280291] [NOISE_PROTOCOL_DEBUG] READ_MESSAGE_HASH_AFTER_PATTERN - Hash after pattern E: [229, 12, 32, 184, 30, 63, 188, 16]
[1785280291] [NOISE_PROTOCOL_DEBUG] READ_MESSAGE_PAYLOAD - Decrypting payload, length: 0
[1785280291] [NOISE_PROTOCOL_DEBUG] READ_MESSAGE_E_DONE - Ephemeral key read, offset: 32
[1785280291] [NOISE_PROTOCOL_DEBUG] DECRYPT_AND_HASH - No cipher key, treating as plaintext, length: 0
[1785280291] [NOISE_PROTOCOL_DEBUG] WRITE_MESSAGE_E_DONE - Ephemeral key generated, buffer size: 32
[1785280291] [NOISE_PROTOCOL_DEBUG] READ_MESSAGE_HASH_AFTER_PATTERN - Hash after pattern E: [104, 239, 143, 103, 21, 215, 167, 161]
[1785280291] [NOISE_PROTOCOL_DEBUG] DECRYPT_AND_HASH_PLAINTEXT - Hash mixed with plaintext
[1785280291] [NOISE_PROTOCOL_DEBUG] WRITE_MESSAGE_E_DONE - Ephemeral key generated, buffer size: 32
[1785280291] [NOISE_PROTOCOL_DEBUG] WRITE_MESSAGE_ENCRYPT - Encrypting payload of 0 bytes
[1785280291] [NOISE_PROTOCOL_DEBUG] READ_MESSAGE_PAYLOAD - Decrypting payload, length: 0
[1785280291] [NOISE_PROTOCOL_DEBUG] READ_MESSAGE_PAYLOAD_SUCCESS - Payload decrypted successfully, length: 0
[1785280291] [NOISE_PROTOCOL_DEBUG] WRITE_MESSAGE_PATTERN - Processing pattern: EE
[1785280291] [NOISE_PROTOCOL_DEBUG] DECRYPT_AND_HASH - No cipher key, treating as plaintext, length: 0
[1785280291] [NOISE_PROTOCOL_DEBUG] WRITE_MESSAGE_ENCRYPT_DONE - Payload encrypted, total buffer size: 32
[1785280291] [NOISE_PROTOCOL_DEBUG] READ_MESSAGE_COMPLETE - Message read successfully, new pattern: 1/3
[1785280291] [NOISE_PROTOCOL_DEBUG] WRITE_MESSAGE_EE - Performing DH(ephemeral, ephemeral)
[1785280291] [NOISE_PROTOCOL_DEBUG] WRITE_MESSAGE_COMPLETE - Message written, pattern 0 complete
[1785280291] [NOISE_PROTOCOL_DEBUG] READ_MESSAGE_HASH_AFTER - Hash after read: [191, 68, 132, 42, 125, 92, 72, 60]
[1785280291] [NOISE_PROTOCOL_DEBUG] DECRYPT_AND_HASH_PLAINTEXT - Hash mixed with plaintext
[1785280291] [NOISE_PROTOCOL_DEBUG] WRITE_MESSAGE_E_DONE - Ephemeral key generated, buffer size: 32
[1785280291] [NOISE_PROTOCOL_DEBUG] WRITE_MESSAGE_START - Pattern: XX, Current: 1/3
[1785280291] [NOISE_PROTOCOL_DEBUG] READ_MESSAGE_PAYLOAD_SUCCESS - Payload decrypted successfully, length: 0
[1785280291] [NOISE_PROTOCOL_DEBUG] WRITE_MESSAGE_PATTERN - Processing pattern: EE
[1785280291] [NOISE_PROTOCOL_DEBUG] WRITE_MESSAGE_PATTERNS - Processing patterns: [E, EE, S, ES]
[1785280291] [NOISE_PROTOCOL_DEBUG] READ_MESSAGE_COMPLETE - Message read successfully, new pattern: 1/3
[1785280291] [NOISE_PROTOCOL_DEBUG] HANDSHAKE_INIT - Protocol name: Noise_XX_25519_ChaChaPoly_SHA256
[1785280291] [NOISE_PROTOCOL_DEBUG] WRITE_MESSAGE_EE - Performing DH(ephemeral, ephemeral)
[1785280291] [NOISE_PROTOCOL_DEBUG] WRITE_MESSAGE_PATTERN - Processing pattern: E
[1785280291] [NOISE_PROTOCOL_DEBUG] READ_MESSAGE_HASH_AFTER - Hash after read: [211, 190, 202, 192, 94, 38, 168, 7]
[1785280291] [NOISE_PROTOCOL_DEBUG] HANDSHAKE_INIT - Initial hash: [78, 111, 105, 115, 101, 95, 88, 88]
[1785280291] [NOISE_PROTOCOL_DEBUG] WRITE_MESSAGE_E - Generating ephemeral key
[1785280291] [NOISE_PROTOCOL_DEBUG] WRITE_MESSAGE_START - Pattern: XX, Current: 1/3
[1785280291] [NOISE_PROTOCOL_DEBUG] HANDSHAKE_INIT - Initial chaining key: [78, 111, 105, 115, 101, 95, 88, 88]
[1785280291] [NOISE_PROTOCOL_DEBUG] WRITE_MESSAGE_PATTERNS - Processing patterns: [E, EE, S, ES]
[1785280291] [NOISE_PROTOCOL_DEBUG] WRITE_MESSAGE_PATTERN - Processing pattern: E
[1785280291] [NOISE_PROTOCOL_DEBUG] WRITE_MESSAGE_E - Generating ephemeral key
[1785280291] [NOISE_PROTOCOL_DEBUG] READ_MESSAGE_START - Pattern: XX, Current: 0/3
[1785280291] [NOISE_PROTOCOL_DEBUG] READ_MESSAGE_HASH_BEFORE - Hash before read: [243, 209, 94, 97, 8, 237, 149, 86]
[1785280291] [NOISE_PROTOCOL_DEBUG] READ_MESSAGE_PATTERNS - Processing patterns: [E]
[1785280291] [NOISE_PROTOCOL_DEBUG] WRITE_MESSAGE_E_DONE - Ephemeral key generated, buffer size: 32
[1785280291] [NOISE_PROTOCOL_DEBUG] READ_MESSAGE_PATTERN - Processing pattern: E
[1785280291] [NOISE_PROTOCOL_DEBUG] WRITE_MESSAGE_PATTERN - Processing pattern: EE
[1785280291] [NOISE_PROTOCOL_DEBUG] READ_MESSAGE_HASH_BEFORE_PATTERN - Hash before pattern: [243, 209, 94, 97, 8, 237, 149, 86]
[1785280291] [NOISE_PROTOCOL_DEBUG] WRITE_MESSAGE_EE - Performing DH(ephemeral, ephemeral)
[1785280291] [NOISE_PROTOCOL_DEBUG] READ_MESSAGE_E - Reading ephemeral key
[1785280291] [NOISE_PROTOCOL_DEBUG] READ_MESSAGE_E_BYTES - Ephemeral key bytes: [191, 88, 185, 165, 149, 201, 231, 41]
[1785280291] [NOISE_PROTOCOL_DEBUG] READ_MESSAGE_E_DONE - Ephemeral key read, offset: 32
[1785280291] [NOISE_PROTOCOL_DEBUG] READ_MESSAGE_HASH_AFTER_PATTERN - Hash after pattern E: [154, 241, 52, 187, 131, 5, 165, 72]
[1785280291] [NOISE_PROTOCOL_DEBUG] READ_MESSAGE_PAYLOAD - Decrypting payload, length: 0
[1785280291] [NOISE_PROTOCOL_DEBUG] DECRYPT_AND_HASH - No cipher key, treating as plaintext, length: 0
[1785280291] [NOISE_PROTOCOL_DEBUG] DECRYPT_AND_HASH_PLAINTEXT - Hash mixed with plaintext
[1785280291] [NOISE_PROTOCOL_DEBUG] WRITE_MESSAGE_E_DONE - Ephemeral key generated, buffer size: 32
[1785280291] [NOISE_PROTOCOL_DEBUG] READ_MESSAGE_PAYLOAD_SUCCESS - Payload decrypted successfully, length: 0
[1785280291] [NOISE_PROTOCOL_DEBUG] WRITE_MESSAGE_PATTERN - Processing pattern: EE
[1785280291] [NOISE_PROTOCOL_DEBUG] READ_MESSAGE_COMPLETE - Message read successfully, new pattern: 1/3
[1785280291] [NOISE_PROTOCOL_DEBUG] WRITE_MESSAGE_EE - Performing DH(ephemeral, ephemeral)
[1785280291] [NOISE_PROTOCOL_DEBUG] READ_MESSAGE_HASH_AFTER - Hash after read: [240, 199, 23, 48, 65, 145, 237, 42]
[1785280291] [NOISE_PROTOCOL_DEBUG] WRITE_MESSAGE_START - Pattern: XX, Current: 1/3
[1785280291] [NOISE_PROTOCOL_DEBUG] WRITE_MESSAGE_PATTERNS - Processing patterns: [E, EE, S, ES]
[1785280291] [NOISE_PROTOCOL_DEBUG] WRITE_MESSAGE_PATTERN - Processing pattern: E
[1785280291] [NOISE_PROTOCOL_DEBUG] WRITE_MESSAGE_E - Generating ephemeral key
[1785280291] [NOISE_PROTOCOL_DEBUG] WRITE_MESSAGE_EE_DONE - DH(ephemeral, ephemeral) completed
[1785280291] [NOISE_PROTOCOL_DEBUG] WRITE_MESSAGE_EE_DONE - DH(ephemeral, ephemeral) completed
[1785280291] [NOISE_PROTOCOL_DEBUG] WRITE_MESSAGE_PATTERN - Processing pattern: S
[1785280291] [NOISE_PROTOCOL_DEBUG] WRITE_MESSAGE_E_DONE - Ephemeral key generated, buffer size: 32
[1785280291] [NOISE_PROTOCOL_DEBUG] WRITE_MESSAGE_PATTERN - Processing pattern: S
[1785280291] [NOISE_PROTOCOL_DEBUG] WRITE_MESSAGE_S - Sending static key
[1785280291] [NOISE_PROTOCOL_DEBUG] WRITE_MESSAGE_PATTERN - Processing pattern: EE
[1785280291] [NOISE_PROTOCOL_DEBUG] WRITE_MESSAGE_S - Sending static key
[1785280291] [NOISE_PROTOCOL_DEBUG] CIPHER_ENCRYPT - Encrypting with key, plaintext length: 32
[1785280291] [NOISE_PROTOCOL_DEBUG] WRITE_MESSAGE_EE - Performing DH(ephemeral, ephemeral)
[1785280291] [NOISE_PROTOCOL_DEBUG] CIPHER_ENCRYPT - Encrypting with key, plaintext length: 32
[1785280291] [NOISE_PROTOCOL_DEBUG] CIPHER_ENCRYPT_KEY - Key length: 32
[1785280291] [NOISE_PROTOCOL_DEBUG] CIPHER_ENCRYPT_KEY - Key length: 32
[1785280291] [NOISE_PROTOCOL_DEBUG] CIPHER_ENCRYPT_NONCE - Current nonce: 0
[1785280291] [NOISE_PROTOCOL_DEBUG] CIPHER_ENCRYPT_NONCE - Current nonce: 0
[1785280291] [NOISE_PROTOCOL_DEBUG] CIPHER_ENCRYPT_ASSOCIATED_DATA - Associated data length: 32
[1785280291] [NOISE_PROTOCOL_DEBUG] CIPHER_ENCRYPT_ASSOCIATED_DATA - Associated data length: 32
[1785280291] [NOISE_PROTOCOL_DEBUG] WRITE_MESSAGE_EE_DONE - DH(ephemeral, ephemeral) completed
[1785280291] [NOISE_PROTOCOL_DEBUG] CIPHER_ENCRYPT_SUCCESS - Encryption successful, ciphertext length: 48
[1785280291] [NOISE_PROTOCOL_DEBUG] CIPHER_ENCRYPT_SUCCESS - Encryption successful, ciphertext length: 48
[1785280291] [NOISE_PROTOCOL_DEBUG] WRITE_MESSAGE_PATTERN - Processing pattern: S
[1785280291] [NOISE_PROTOCOL_DEBUG] WRITE_MESSAGE_S - Sending static key
[1785280291] [NOISE_PROTOCOL_DEBUG] WRITE_MESSAGE_S_DONE - Static key encrypted and sent, buffer size: 80
[1785280291] [NOISE_PROTOCOL_DEBUG] CIPHER_ENCRYPT - Encrypting with key, plaintext length: 32
[1785280291] [NOISE_PROTOCOL_DEBUG] WRITE_MESSAGE_S_DONE - Static key encrypted and sent, buffer size: 80
[1785280291] [NOISE_PROTOCOL_DEBUG] WRITE_MESSAGE_PATTERN - Processing pattern: ES
[1785280291] [NOISE_PROTOCOL_DEBUG] WRITE_MESSAGE_PATTERN - Processing pattern: ES
[1785280291] [NOISE_PROTOCOL_DEBUG] CIPHER_ENCRYPT_KEY - Key length: 32
[1785280291] [NOISE_PROTOCOL_DEBUG] WRITE_MESSAGE_ES - Performing DH(ephemeral, static), role: Responder
[1785280291] [NOISE_PROTOCOL_DEBUG] WRITE_MESSAGE_ES - Performing DH(ephemeral, static), role: Responder
[1785280291] [NOISE_PROTOCOL_DEBUG] CIPHER_ENCRYPT_NONCE - Current nonce: 0
[1785280291] [NOISE_PROTOCOL_DEBUG] CIPHER_ENCRYPT_ASSOCIATED_DATA - Associated data length: 32
[1785280291] [NOISE_PROTOCOL_DEBUG] CIPHER_ENCRYPT_SUCCESS - Encryption successful, ciphertext length: 48
[1785280291] [NOISE_PROTOCOL_DEBUG] WRITE_MESSAGE_EE_DONE - DH(ephemeral, ephemeral) completed
[1785280291] [NOISE_PROTOCOL_DEBUG] WRITE_MESSAGE_S_DONE - Static key encrypted and sent, buffer size: 80
[1785280291] [NOISE_PROTOCOL_DEBUG] WRITE_MESSAGE_PATTERN - Processing pattern: S
[1785280291] [NOISE_PROTOCOL_DEBUG] WRITE_MESSAGE_PATTERN - Processing pattern: ES
[1785280291] [NOISE_PROTOCOL_DEBUG] WRITE_MESSAGE_S - Sending static key
[1785280291] [NOISE_PROTOCOL_DEBUG] WRITE_MESSAGE_ES - Performing DH(ephemeral, static), role: Responder
[1785280291] [NOISE_PROTOCOL_DEBUG] CIPHER_ENCRYPT - Encrypting with key, plaintext length: 32
[1785280291] [NOISE_PROTOCOL_DEBUG] CIPHER_ENCRYPT_KEY - Key length: 32
[1785280291] [NOISE_PROTOCOL_DEBUG] CIPHER_ENCRYPT_NONCE - Current nonce: 0
[1785280291] [NOISE_PROTOCOL_DEBUG] CIPHER_ENCRYPT_ASSOCIATED_DATA - Associated data length: 32
[1785280291] [NOISE_PROTOCOL_DEBUG] WRITE_MESSAGE_EE_DONE - DH(ephemeral, ephemeral) completed
[1785280291] [NOISE_PROTOCOL_DEBUG] WRITE_MESSAGE_PATTERN - Processing pattern: S
[1785280291] [NOISE_PROTOCOL_DEBUG] WRITE_MESSAGE_S - Sending static key
[1785280291] [NOISE_PROTOCOL_DEBUG] CIPHER_ENCRYPT - Encrypting with key, plaintext length: 32
[1785280291] [NOISE_PROTOCOL_DEBUG] CIPHER_ENCRYPT_KEY - Key length: 32
[1785280291] [NOISE_PROTOCOL_DEBUG] CIPHER_ENCRYPT_NONCE - Current nonce: 0
[1785280291] [NOISE_PROTOCOL_DEBUG] CIPHER_ENCRYPT_ASSOCIATED_DATA - Associated data length: 32
[1785280291] [NOISE_PROTOCOL_DEBUG] CIPHER_ENCRYPT_SUCCESS - Encryption successful, ciphertext length: 48
[1785280291] [NOISE_PROTOCOL_DEBUG] WRITE_MESSAGE_S_DONE - Static key encrypted and sent, buffer size: 80
[1785280291] [NOISE_PROTOCOL_DEBUG] WRITE_MESSAGE_PATTERN - Processing pattern: ES
[1785280291] [NOISE_PROTOCOL_DEBUG] WRITE_MESSAGE_ES - Performing DH(ephemeral, static), role: Responder
[1785280291] [NOISE_PROTOCOL_DEBUG] WRITE_MESSAGE_ES_DONE - DH(ephemeral, static) completed for responder
[1785280291] [NOISE_PROTOCOL_DEBUG] WRITE_MESSAGE_ENCRYPT - Encrypting payload of 0 bytes
[1785280291] [NOISE_PROTOCOL_DEBUG] CIPHER_ENCRYPT_SUCCESS - Encryption successful, ciphertext length: 48
[1785280291] [NOISE_PROTOCOL_DEBUG] CIPHER_ENCRYPT - Encrypting with key, plaintext length: 0
[1785280291] [NOISE_PROTOCOL_DEBUG] WRITE_MESSAGE_ES_DONE - DH(ephemeral, static) completed for responder
[1785280291] [NOISE_PROTOCOL_DEBUG] CIPHER_ENCRYPT_KEY - Key length: 32
[1785280291] [NOISE_PROTOCOL_DEBUG] WRITE_MESSAGE_S_DONE - Static key encrypted and sent, buffer size: 80
[1785280291] [NOISE_PROTOCOL_DEBUG] CIPHER_ENCRYPT_NONCE - Current nonce: 0
[1785280291] [NOISE_PROTOCOL_DEBUG] WRITE_MESSAGE_ENCRYPT - Encrypting payload of 0 bytes
[1785280291] [NOISE_PROTOCOL_DEBUG] WRITE_MESSAGE_PATTERN - Processing pattern: ES
[1785280291] [NOISE_PROTOCOL_DEBUG] CIPHER_ENCRYPT_ASSOCIATED_DATA - Associated data length: 32
[1785280291] [NOISE_PROTOCOL_DEBUG] CIPHER_ENCRYPT - Encrypting with key, plaintext length: 0
[1785280291] [NOISE_PROTOCOL_DEBUG] WRITE_MESSAGE_ES - Performing DH(ephemeral, static), role: Responder
[1785280291] [NOISE_PROTOCOL_DEBUG] CIPHER_ENCRYPT_KEY - Key length: 32
[1785280291] [NOISE_PROTOCOL_DEBUG] CIPHER_ENCRYPT_NONCE - Current nonce: 0
[1785280291] [NOISE_PROTOCOL_DEBUG] CIPHER_ENCRYPT_ASSOCIATED_DATA - Associated data length: 32
[1785280291] [NOISE_PROTOCOL_DEBUG] CIPHER_ENCRYPT_SUCCESS - Encryption successful, ciphertext length: 16
[1785280291] [NOISE_PROTOCOL_DEBUG] WRITE_MESSAGE_ENCRYPT_DONE - Payload encrypted, total buffer size: 96
[1785280291] [NOISE_PROTOCOL_DEBUG] WRITE_MESSAGE_COMPLETE - Message written, pattern 1 complete
[1785280291] [NOISE_PROTOCOL_DEBUG] CIPHER_ENCRYPT_SUCCESS - Encryption successful, ciphertext length: 16
[1785280291] [NOISE_PROTOCOL_DEBUG] WRITE_MESSAGE_ENCRYPT_DONE - Payload encrypted, total buffer size: 96
[1785280291] [NOISE_PROTOCOL_DEBUG] WRITE_MESSAGE_ES_DONE - DH(ephemeral, static) completed for responder
[1785280291] [NOISE_PROTOCOL_DEBUG] WRITE_MESSAGE_COMPLETE - Message written, pattern 1 complete
[1785280291] [NOISE_PROTOCOL_DEBUG] WRITE_MESSAGE_ENCRYPT - Encrypting payload of 0 bytes
[1785280291] [NOISE_PROTOCOL_DEBUG] CIPHER_ENCRYPT - Encrypting with key, plaintext length: 0
[1785280291] [NOISE_PROTOCOL_DEBUG] READ_MESSAGE_START - Pattern: XX, Current: 1/3
[1785280291] [NOISE_PROTOCOL_DEBUG] CIPHER_ENCRYPT_KEY - Key length: 32
[1785280291] [NOISE_PROTOCOL_DEBUG] READ_MESSAGE_HASH_BEFORE - Hash before read: [197, 172, 78, 243, 61, 77, 250, 231]
[1785280291] [NOISE_PROTOCOL_DEBUG] CIPHER_ENCRYPT_NONCE - Current nonce: 0
[1785280291] [NOISE_PROTOCOL_DEBUG] READ_MESSAGE_PATTERNS - Processing patterns: [E, EE, S, ES]
[1785280291] [NOISE_PROTOCOL_DEBUG] CIPHER_ENCRYPT_ASSOCIATED_DATA - Associated data length: 32
[1785280291] [NOISE_PROTOCOL_DEBUG] READ_MESSAGE_START - Pattern: XX, Current: 1/3
[1785280291] [NOISE_PROTOCOL_DEBUG] READ_MESSAGE_PATTERN - Processing pattern: E
[1785280291] [NOISE_PROTOCOL_DEBUG] READ_MESSAGE_HASH_BEFORE - Hash before read: [13, 219, 53, 213, 75, 245, 244, 147]
[1785280291] [NOISE_PROTOCOL_DEBUG] READ_MESSAGE_HASH_BEFORE_PATTERN - Hash before pattern: [197, 172, 78, 243, 61, 77, 250, 231]
[1785280291] [NOISE_PROTOCOL_DEBUG] READ_MESSAGE_PATTERNS - Processing patterns: [E, EE, S, ES]
[1785280291] [NOISE_PROTOCOL_DEBUG] READ_MESSAGE_E - Reading ephemeral key
[1785280291] [NOISE_PROTOCOL_DEBUG] READ_MESSAGE_PATTERN - Processing pattern: E
[1785280291] [NOISE_PROTOCOL_DEBUG] READ_MESSAGE_E_BYTES - Ephemeral key bytes: [93, 248, 227, 142, 147, 220, 192, 190]
[1785280291] [NOISE_PROTOCOL_DEBUG] READ_MESSAGE_HASH_BEFORE_PATTERN - Hash before pattern: [13, 219, 53, 213, 75, 245, 244, 147]
[1785280291] [NOISE_PROTOCOL_DEBUG] READ_MESSAGE_E - Reading ephemeral key
[1785280291] [NOISE_PROTOCOL_DEBUG] READ_MESSAGE_E_DONE - Ephemeral key read, offset: 32
[1785280291] [NOISE_PROTOCOL_DEBUG] CIPHER_ENCRYPT_SUCCESS - Encryption successful, ciphertext length: 16
[1785280291] [NOISE_PROTOCOL_DEBUG] READ_MESSAGE_E_BYTES - Ephemeral key bytes: [221, 82, 177, 92, 173, 222, 234, 130]
[1785280291] [NOISE_PROTOCOL_DEBUG] READ_MESSAGE_HASH_AFTER_PATTERN - Hash after pattern E: [186, 206, 129, 111, 242, 11, 60, 218]
[1785280291] [NOISE_PROTOCOL_DEBUG] READ_MESSAGE_PATTERN - Processing pattern: EE
[1785280291] [NOISE_PROTOCOL_DEBUG] WRITE_MESSAGE_ENCRYPT_DONE - Payload encrypted, total buffer size: 96
[1785280291] [NOISE_PROTOCOL_DEBUG] READ_MESSAGE_E_DONE - Ephemeral key read, offset: 32
[1785280291] [NOISE_PROTOCOL_DEBUG] READ_MESSAGE_HASH_BEFORE_PATTERN - Hash before pattern: [186, 206, 129, 111, 242, 11, 60, 218]
[1785280291] [NOISE_PROTOCOL_DEBUG] WRITE_MESSAGE_COMPLETE - Message written, pattern 1 complete
[1785280291] [NOISE_PROTOCOL_DEBUG] READ_MESSAGE_HASH_AFTER_PATTERN - Hash after pattern E: [192, 147, 62, 74, 231, 248, 73, 147]
[1785280291] [NOISE_PROTOCOL_DEBUG] READ_MESSAGE_EE - Performing DH(ephemeral, ephemeral)
[1785280291] [NOISE_PROTOCOL_DEBUG] READ_MESSAGE_PATTERN - Processing pattern: EE
[1785280291] [NOISE_PROTOCOL_DEBUG] READ_MESSAGE_HASH_BEFORE_PATTERN - Hash before pattern: [192, 147, 62, 74, 231, 248, 73, 147]
[1785280291] [NOISE_PROTOCOL_DEBUG] READ_MESSAGE_EE - Performing DH(ephemeral, ephemeral)
[1785280291] [NOISE_PROTOCOL_DEBUG] READ_MESSAGE_START - Pattern: XX, Current: 1/3
[1785280291] [NOISE_PROTOCOL_DEBUG] READ_MESSAGE_HASH_BEFORE - Hash before read: [191, 68, 132, 42, 125, 92, 72, 60]
[1785280291] [NOISE_PROTOCOL_DEBUG] READ_MESSAGE_PATTERNS - Processing patterns: [E, EE, S, ES]
[1785280291] [NOISE_PROTOCOL_DEBUG] READ_MESSAGE_PATTERN - Processing pattern: E
[1785280291] [NOISE_PROTOCOL_DEBUG] READ_MESSAGE_HASH_BEFORE_PATTERN - Hash before pattern: [191, 68, 132, 42, 125, 92, 72, 60]
[1785280291] [NOISE_PROTOCOL_DEBUG] READ_MESSAGE_E - Reading ephemeral key
[1785280291] [NOISE_PROTOCOL_DEBUG] READ_MESSAGE_E_BYTES - Ephemeral key bytes: [1, 135, 52, 117, 7, 107, 182, 205]
[1785280291] [NOISE_PROTOCOL_DEBUG] READ_MESSAGE_E_DONE - Ephemeral key read, offset: 32
[1785280291] [NOISE_PROTOCOL_DEBUG] READ_MESSAGE_HASH_AFTER_PATTERN - Hash after pattern E: [203, 139, 245, 9, 161, 82, 167, 68]
[1785280291] [NOISE_PROTOCOL_DEBUG] WRITE_MESSAGE_ES_DONE - DH(ephemeral, static) completed for responder
[1785280291] [NOISE_PROTOCOL_DEBUG] READ_MESSAGE_PATTERN - Processing pattern: EE
[1785280291] [NOISE_PROTOCOL_DEBUG] WRITE_MESSAGE_ENCRYPT - Encrypting payload of 0 bytes
[1785280291] [NOISE_PROTOCOL_DEBUG] READ_MESSAGE_HASH_BEFORE_PATTERN - Hash before pattern: [203, 139, 245, 9, 161, 82, 167, 68]
[1785280291] [NOISE_PROTOCOL_DEBUG] CIPHER_ENCRYPT - Encrypting with key, plaintext length: 0
[1785280291] [NOISE_PROTOCOL_DEBUG] READ_MESSAGE_EE - Performing DH(ephemeral, ephemeral)
[1785280291] [NOISE_PROTOCOL_DEBUG] CIPHER_ENCRYPT_KEY - Key length: 32
[1785280291] [NOISE_PROTOCOL_DEBUG] CIPHER_ENCRYPT_NONCE - Current nonce: 0
[1785280291] [NOISE_PROTOCOL_DEBUG] CIPHER_ENCRYPT_ASSOCIATED_DATA - Associated data length: 32
[1785280291] [NOISE_PROTOCOL_DEBUG] WRITE_MESSAGE_ES_DONE - DH(ephemeral, static) completed for responder
[1785280291] [NOISE_PROTOCOL_DEBUG] WRITE_MESSAGE_ENCRYPT - Encrypting payload of 0 bytes
[1785280291] [NOISE_PROTOCOL_DEBUG] CIPHER_ENCRYPT - Encrypting with key, plaintext length: 0
[1785280291] [NOISE_PROTOCOL_DEBUG] CIPHER_ENCRYPT_KEY - Key length: 32
[1785280291] [NOISE_PROTOCOL_DEBUG] CIPHER_ENCRYPT_SUCCESS - Encryption successful, ciphertext length: 16
[1785280291] [NOISE_PROTOCOL_DEBUG] CIPHER_ENCRYPT_NONCE - Current nonce: 0
[1785280291] [NOISE_PROTOCOL_DEBUG] CIPHER_ENCRYPT_ASSOCIATED_DATA - Associated data length: 32
[1785280291] [NOISE_PROTOCOL_DEBUG] WRITE_MESSAGE_ENCRYPT_DONE - Payload encrypted, total buffer size: 96
[1785280291] [NOISE_PROTOCOL_DEBUG] WRITE_MESSAGE_COMPLETE - Message written, pattern 1 complete
[1785280291] [NOISE_PROTOCOL_DEBUG] READ_MESSAGE_START - Pattern: XX, Current: 1/3
[1785280291] [NOISE_PROTOCOL_DEBUG] READ_MESSAGE_HASH_BEFORE - Hash before read: [240, 199, 23, 48, 65, 145, 237, 42]
[1785280291] [NOISE_PROTOCOL_DEBUG] READ_MESSAGE_PATTERNS - Processing patterns: [E, EE, S, ES]
[1785280291] [NOISE_PROTOCOL_DEBUG] CIPHER_ENCRYPT_SUCCESS - Encryption successful, ciphertext length: 16
[1785280291] [NOISE_PROTOCOL_DEBUG] READ_MESSAGE_PATTERN - Processing pattern: E
[1785280291] [NOISE_PROTOCOL_DEBUG] READ_MESSAGE_HASH_BEFORE_PATTERN - Hash before pattern: [240, 199, 23, 48, 65, 145, 237, 42]
[1785280291] [NOISE_PROTOCOL_DEBUG] WRITE_MESSAGE_ENCRYPT_DONE - Payload encrypted, total buffer size: 96
[1785280291] [NOISE_PROTOCOL_DEBUG] READ_MESSAGE_E - Reading ephemeral key
[1785280291] [NOISE_PROTOCOL_DEBUG] WRITE_MESSAGE_COMPLETE - Message written, pattern 1 complete
[1785280291] [NOISE_PROTOCOL_DEBUG] READ_MESSAGE_E_BYTES - Ephemeral key bytes: [26, 184, 222, 162, 91, 44, 28, 238]
[1785280291] [NOISE_PROTOCOL_DEBUG] READ_MESSAGE_E_DONE - Ephemeral key read, offset: 32
[1785280291] [NOISE_PROTOCOL_DEBUG] READ_MESSAGE_HASH_AFTER_PATTERN - Hash after pattern E: [45, 184, 217, 124, 167, 12, 2, 94]
[1785280291] [NOISE_PROTOCOL_DEBUG] READ_MESSAGE_PATTERN - Processing pattern: EE
[1785280291] [NOISE_PROTOCOL_DEBUG] READ_MESSAGE_START - Pattern: XX, Current: 1/3
[1785280291] [NOISE_PROTOCOL_DEBUG] READ_MESSAGE_HASH_BEFORE_PATTERN - Hash before pattern: [45, 184, 217, 124, 167, 12, 2, 94]
[1785280291] [NOISE_PROTOCOL_DEBUG] READ_MESSAGE_EE - Performing DH(ephemeral, ephemeral)
[1785280291] [NOISE_PROTOCOL_DEBUG] READ_MESSAGE_HASH_BEFORE - Hash before read: [211, 190, 202, 192, 94, 38, 168, 7]
[1785280291] [NOISE_PROTOCOL_DEBUG] READ_MESSAGE_EE_DONE - DH(ephemeral, ephemeral) completed
[1785280291] [NOISE_PROTOCOL_DEBUG] READ_MESSAGE_PATTERNS - Processing patterns: [E, EE, S, ES]
[1785280291] [NOISE_PROTOCOL_DEBUG] READ_MESSAGE_HASH_AFTER_PATTERN - Hash after pattern EE: [186, 206, 129, 111, 242, 11, 60, 218]
[1785280291] [NOISE_PROTOCOL_DEBUG] READ_MESSAGE_PATTERN - Processing pattern: E
[1785280291] [NOISE_PROTOCOL_DEBUG] READ_MESSAGE_PATTERN - Processing pattern: S
[1785280291] [NOISE_PROTOCOL_DEBUG] READ_MESSAGE_HASH_BEFORE_PATTERN - Hash before pattern: [211, 190, 202, 192, 94, 38, 168, 7]
[1785280291] [NOISE_PROTOCOL_DEBUG] READ_MESSAGE_EE_DONE - DH(ephemeral, ephemeral) completed
[1785280291] [NOISE_PROTOCOL_DEBUG] READ_MESSAGE_HASH_BEFORE_PATTERN - Hash before pattern: [186, 206, 129, 111, 242, 11, 60, 218]
[1785280291] [NOISE_PROTOCOL_DEBUG] READ_MESSAGE_E - Reading ephemeral key
[1785280291] [NOISE_PROTOCOL_DEBUG] READ_MESSAGE_HASH_AFTER_PATTERN - Hash after pattern EE: [192, 147, 62, 74, 231, 248, 73, 147]
[1785280291] [NOISE_PROTOCOL_DEBUG] READ_MESSAGE_S - Reading static key
[1785280291] [NOISE_PROTOCOL_DEBUG] READ_MESSAGE_E_BYTES - Ephemeral key bytes: [204, 34, 143, 107, 254, 33, 164, 165]
[1785280291] [NOISE_PROTOCOL_DEBUG] READ_MESSAGE_PATTERN - Processing pattern: S
[1785280291] [NOISE_PROTOCOL_DEBUG] READ_MESSAGE_S_CHECK - Checking static key length: need 48 bytes, available 64 bytes, has_cipher_key: true
[1785280291] [NOISE_PROTOCOL_DEBUG] READ_MESSAGE_HASH_BEFORE_PATTERN - Hash before pattern: [192, 147, 62, 74, 231, 248, 73, 147]
[1785280291] [NOISE_PROTOCOL_DEBUG] READ_MESSAGE_S_DATA - Static key data length: 48, has_cipher_key: true
[1785280291] [NOISE_PROTOCOL_DEBUG] READ_MESSAGE_E_DONE - Ephemeral key read, offset: 32
[1785280291] [NOISE_PROTOCOL_DEBUG] READ_MESSAGE_S - Reading static key
[1785280291] [NOISE_PROTOCOL_DEBUG] DECRYPT_AND_HASH - Decrypting with cipher key, ciphertext length: 48
[1785280291] [NOISE_PROTOCOL_DEBUG] READ_MESSAGE_HASH_AFTER_PATTERN - Hash after pattern E: [42, 152, 144, 95, 26, 221, 7, 149]
[1785280291] [NOISE_PROTOCOL_DEBUG] READ_MESSAGE_S_CHECK - Checking static key length: need 48 bytes, available 64 bytes, has_cipher_key: true
[1785280291] [NOISE_PROTOCOL_DEBUG] DECRYPT_AND_HASH_HASH - Current hash length: 32
[1785280291] [NOISE_PROTOCOL_DEBUG] READ_MESSAGE_PATTERN - Processing pattern: EE
[1785280291] [NOISE_PROTOCOL_DEBUG] READ_MESSAGE_S_DATA - Static key data length: 48, has_cipher_key: true
[1785280291] [NOISE_PROTOCOL_DEBUG] DECRYPT_AND_HASH_HASH_BYTES - Hash bytes: [186, 206, 129, 111, 242, 11, 60, 218]
[1785280291] [NOISE_PROTOCOL_DEBUG] READ_MESSAGE_HASH_BEFORE_PATTERN - Hash before pattern: [42, 152, 144, 95, 26, 221, 7, 149]
[1785280291] [NOISE_PROTOCOL_DEBUG] DECRYPT_AND_HASH - Decrypting with cipher key, ciphertext length: 48
[1785280291] [NOISE_PROTOCOL_DEBUG] CIPHER_DECRYPT - Decrypting with key, ciphertext length: 48
[1785280291] [NOISE_PROTOCOL_DEBUG] READ_MESSAGE_EE_DONE - DH(ephemeral, ephemeral) completed
[1785280291] [NOISE_PROTOCOL_DEBUG] READ_MESSAGE_EE - Performing DH(ephemeral, ephemeral)
[1785280291] [NOISE_PROTOCOL_DEBUG] DECRYPT_AND_HASH_HASH - Current hash length: 32
[1785280291] [NOISE_PROTOCOL_DEBUG] READ_MESSAGE_HASH_AFTER_PATTERN - Hash after pattern EE: [203, 139, 245, 9, 161, 82, 167, 68]
[1785280291] [NOISE_PROTOCOL_DEBUG] DECRYPT_AND_HASH_HASH_BYTES - Hash bytes: [192, 147, 62, 74, 231, 248, 73, 147]
[1785280291] [NOISE_PROTOCOL_DEBUG] READ_MESSAGE_PATTERN - Processing pattern: S
[1785280291] [NOISE_PROTOCOL_DEBUG] CIPHER_DECRYPT - Decrypting with key, ciphertext length: 48
[1785280291] [NOISE_PROTOCOL_DEBUG] READ_MESSAGE_HASH_BEFORE_PATTERN - Hash before pattern: [203, 139, 245, 9, 161, 82, 167, 68]
[1785280291] [NOISE_PROTOCOL_DEBUG] READ_MESSAGE_S - Reading static key
[1785280291] [NOISE_PROTOCOL_DEBUG] READ_MESSAGE_S_CHECK - Checking static key length: need 48 bytes, available 64 bytes, has_cipher_key: true
[1785280291] [NOISE_PROTOCOL_DEBUG] READ_MESSAGE_S_DATA - Static key data length: 48, has_cipher_key: true
[1785280291] [NOISE_PROTOCOL_DEBUG] DECRYPT_AND_HASH - Decrypting with cipher key, ciphertext length: 48
[1785280291] [NOISE_PROTOCOL_DEBUG] DECRYPT_AND_HASH_HASH - Current hash length: 32
[1785280291] [NOISE_PROTOCOL_DEBUG] DECRYPT_AND_HASH_HASH_BYTES - Hash bytes: [203, 139, 245, 9, 161, 82, 167, 68]
[1785280291] [NOISE_PROTOCOL_DEBUG] CIPHER_DECRYPT - Decrypting with key, ciphertext length: 48
[1785280291] [NOISE_PROTOCOL_DEBUG] CIPHER_DECRYPT_SUCCESS - Decryption successful, plaintext length: 32
[1785280291] [NOISE_PROTOCOL_DEBUG] DECRYPT_AND_HASH_SUCCESS - Decryption successful, plaintext length: 32
[1785280291] [NOISE_PROTOCOL_DEBUG] CIPHER_DECRYPT_SUCCESS - Decryption successful, plaintext length: 32
[1785280291] [NOISE_PROTOCOL_DEBUG] DECRYPT_AND_HASH_HASH_MIXED - Hash mixed with ciphertext
[1785280291] [NOISE_PROTOCOL_DEBUG] DECRYPT_AND_HASH_SUCCESS - Decryption successful, plaintext length: 32
[1785280291] [NOISE_PROTOCOL_DEBUG] READ_MESSAGE_S_DONE - Static key read and validated successfully
[1785280291] [NOISE_PROTOCOL_DEBUG] READ_MESSAGE_EE_DONE - DH(ephemeral, ephemeral) completed
[1785280291] [NOISE_PROTOCOL_DEBUG] READ_MESSAGE_HASH_AFTER_PATTERN - Hash after pattern S: [64, 75, 198, 88, 185, 171, 42, 76]
[1785280291] [NOISE_PROTOCOL_DEBUG] DECRYPT_AND_HASH_HASH_MIXED - Hash mixed with ciphertext
[1785280291] [NOISE_PROTOCOL_DEBUG] READ_MESSAGE_HASH_AFTER_PATTERN - Hash after pattern EE: [45, 184, 217, 124, 167, 12, 2, 94]
[1785280291] [NOISE_PROTOCOL_DEBUG] READ_MESSAGE_PATTERN - Processing pattern: ES
[1785280291] [NOISE_PROTOCOL_DEBUG] READ_MESSAGE_PATTERN - Processing pattern: S
[1785280291] [NOISE_PROTOCOL_DEBUG] READ_MESSAGE_S_DONE - Static key read and validated successfully
[1785280291] [NOISE_PROTOCOL_DEBUG] READ_MESSAGE_HASH_BEFORE_PATTERN - Hash before pattern: [64, 75, 198, 88, 185, 171, 42, 76]
[1785280291] [NOISE_PROTOCOL_DEBUG] READ_MESSAGE_HASH_BEFORE_PATTERN - Hash before pattern: [45, 184, 217, 124, 167, 12, 2, 94]
[1785280291] [NOISE_PROTOCOL_DEBUG] READ_MESSAGE_HASH_AFTER_PATTERN - Hash after pattern S: [56, 127, 106, 123, 241, 79, 154, 177]
[1785280291] [NOISE_PROTOCOL_DEBUG] READ_MESSAGE_ES - Performing DH(ephemeral, static)
[1785280291] [NOISE_PROTOCOL_DEBUG] READ_MESSAGE_S - Reading static key
[1785280291] [NOISE_PROTOCOL_DEBUG] READ_MESSAGE_PATTERN - Processing pattern: ES
[1785280291] [NOISE_PROTOCOL_DEBUG] CIPHER_DECRYPT_SUCCESS - Decryption successful, plaintext length: 32
[1785280291] [NOISE_PROTOCOL_DEBUG] READ_MESSAGE_S_CHECK - Checking static key length: need 48 bytes, available 64 bytes, has_cipher_key: true
[1785280291] [NOISE_PROTOCOL_DEBUG] READ_MESSAGE_HASH_BEFORE_PATTERN - Hash before pattern: [56, 127, 106, 123, 241, 79, 154, 177]
[1785280291] [NOISE_PROTOCOL_DEBUG] READ_MESSAGE_S_DATA - Static key data length: 48, has_cipher_key: true
[1785280291] [NOISE_PROTOCOL_DEBUG] DECRYPT_AND_HASH_SUCCESS - Decryption successful, plaintext length: 32
[1785280291] [NOISE_PROTOCOL_DEBUG] DECRYPT_AND_HASH - Decrypting with cipher key, ciphertext length: 48
[1785280291] [NOISE_PROTOCOL_DEBUG] READ_MESSAGE_ES - Performing DH(ephemeral, static)
[1785280291] [NOISE_PROTOCOL_DEBUG] DECRYPT_AND_HASH_HASH - Current hash length: 32
[1785280291] [NOISE_PROTOCOL_DEBUG] DECRYPT_AND_HASH_HASH_MIXED - Hash mixed with ciphertext
[1785280291] [NOISE_PROTOCOL_DEBUG] DECRYPT_AND_HASH_HASH_BYTES - Hash bytes: [45, 184, 217, 124, 167, 12, 2, 94]
[1785280291] [NOISE_PROTOCOL_DEBUG] READ_MESSAGE_S_DONE - Static key read and validated successfully
[1785280291] [NOISE_PROTOCOL_DEBUG] CIPHER_DECRYPT - Decrypting with key, ciphertext length: 48
[1785280291] [NOISE_PROTOCOL_DEBUG] READ_MESSAGE_HASH_AFTER_PATTERN - Hash after pattern S: [127, 133, 143, 186, 194, 36, 251, 0]
[1785280291] [NOISE_PROTOCOL_DEBUG] READ_MESSAGE_PATTERN - Processing pattern: ES
[1785280291] [NOISE_PROTOCOL_DEBUG] READ_MESSAGE_HASH_BEFORE_PATTERN - Hash before pattern: [127, 133, 143, 186, 194, 36, 251, 0]
[1785280291] [NOISE_PROTOCOL_DEBUG] READ_MESSAGE_ES - Performing DH(ephemeral, static)
[1785280291] [NOISE_PROTOCOL_DEBUG] CIPHER_DECRYPT_SUCCESS - Decryption successful, plaintext length: 32
[1785280291] [NOISE_PROTOCOL_DEBUG] DECRYPT_AND_HASH_SUCCESS - Decryption successful, plaintext length: 32
[1785280291] [NOISE_PROTOCOL_DEBUG] DECRYPT_AND_HASH_HASH_MIXED - Hash mixed with ciphertext
[1785280291] [NOISE_PROTOCOL_DEBUG] READ_MESSAGE_S_DONE - Static key read and validated successfully
[1785280291] [NOISE_PROTOCOL_DEBUG] READ_MESSAGE_HASH_AFTER_PATTERN - Hash after pattern S: [134, 189, 219, 25, 5, 117, 42, 209]
[1785280291] [NOISE_PROTOCOL_DEBUG] READ_MESSAGE_PATTERN - Processing pattern: ES
[1785280291] [NOISE_PROTOCOL_DEBUG] READ_MESSAGE_HASH_BEFORE_PATTERN - Hash before pattern: [134, 189, 219, 25, 5, 117, 42, 209]
[1785280291] [NOISE_PROTOCOL_DEBUG] READ_MESSAGE_ES - Performing DH(ephemeral, static)
[1785280291] [NOISE_PROTOCOL_DEBUG] READ_MESSAGE_EE_DONE - DH(ephemeral, ephemeral) completed
[1785280291] [NOISE_PROTOCOL_DEBUG] READ_MESSAGE_HASH_AFTER_PATTERN - Hash after pattern EE: [42, 152, 144, 95, 26, 221, 7, 149]
[1785280291] [NOISE_PROTOCOL_DEBUG] READ_MESSAGE_PATTERN - Processing pattern: S
[1785280291] [NOISE_PROTOCOL_DEBUG] READ_MESSAGE_HASH_BEFORE_PATTERN - Hash before pattern: [42, 152, 144, 95, 26, 221, 7, 149]
[1785280291] [NOISE_PROTOCOL_DEBUG] READ_MESSAGE_S - Reading static key
[1785280291] [NOISE_PROTOCOL_DEBUG] READ_MESSAGE_S_CHECK - Checking static key length: need 48 bytes, available 64 bytes, has_cipher_key: true
[1785280291] [NOISE_PROTOCOL_DEBUG] READ_MESSAGE_S_DATA - Static key data length: 48, has_cipher_key: true
[1785280291] [NOISE_PROTOCOL_DEBUG] DECRYPT_AND_HASH - Decrypting with cipher key, ciphertext length: 48
[1785280291] [NOISE_PROTOCOL_DEBUG] DECRYPT_AND_HASH_HASH - Current hash length: 32
[1785280291] [NOISE_PROTOCOL_DEBUG] DECRYPT_AND_HASH_HASH_BYTES - Hash bytes: [42, 152, 144, 95, 26, 221, 7, 149]
[1785280291] [NOISE_PROTOCOL_DEBUG] READ_MESSAGE_ES_DONE - DH(ephemeral, static) completed
[1785280291] [NOISE_PROTOCOL_DEBUG] CIPHER_DECRYPT - Decrypting with key, ciphertext length: 48
[1785280291] [NOISE_PROTOCOL_DEBUG] READ_MESSAGE_HASH_AFTER_PATTERN - Hash after pattern ES: [64, 75, 198, 88, 185, 171, 42, 76]
[1785280291] [NOISE_PROTOCOL_DEBUG] READ_MESSAGE_PAYLOAD - Decrypting payload, length: 16
[1785280291] [NOISE_PROTOCOL_DEBUG] DECRYPT_AND_HASH - Decrypting with cipher key, ciphertext length: 16
[1785280291] [NOISE_PROTOCOL_DEBUG] DECRYPT_AND_HASH_HASH - Current hash length: 32
[1785280291] [NOISE_PROTOCOL_DEBUG] READ_MESSAGE_ES_DONE - DH(ephemeral, static) completed
[1785280291] [NOISE_PROTOCOL_DEBUG] DECRYPT_AND_HASH_HASH_BYTES - Hash bytes: [64, 75, 198, 88, 185, 171, 42, 76]
[1785280291] [NOISE_PROTOCOL_DEBUG] READ_MESSAGE_HASH_AFTER_PATTERN - Hash after pattern ES: [56, 127, 106, 123, 241, 79, 154, 177]
[1785280291] [NOISE_PROTOCOL_DEBUG] CIPHER_DECRYPT - Decrypting with key, ciphertext length: 16
[1785280291] [NOISE_PROTOCOL_DEBUG] READ_MESSAGE_PAYLOAD - Decrypting payload, length: 16
[1785280291] [NOISE_PROTOCOL_DEBUG] READ_MESSAGE_ES_DONE - DH(ephemeral, static) completed
[1785280291] [NOISE_PROTOCOL_DEBUG] DECRYPT_AND_HASH - Decrypting with cipher key, ciphertext length: 16
[1785280291] [NOISE_PROTOCOL_DEBUG] READ_MESSAGE_HASH_AFTER_PATTERN - Hash after pattern ES: [127, 133, 143, 186, 194, 36, 251, 0]
[1785280291] [NOISE_PROTOCOL_DEBUG] DECRYPT_AND_HASH_HASH - Current hash length: 32
[1785280291] [NOISE_PROTOCOL_DEBUG] READ_MESSAGE_PAYLOAD - Decrypting payload, length: 16
[1785280291] [NOISE_PROTOCOL_DEBUG] DECRYPT_AND_HASH_HASH_BYTES - Hash bytes: [56, 127, 106, 123, 241, 79, 154, 177]
[1785280291] [NOISE_PROTOCOL_DEBUG] DECRYPT_AND_HASH - Decrypting with cipher key, ciphertext length: 16
[1785280291] [NOISE_PROTOCOL_DEBUG] CIPHER_DECRYPT_SUCCESS - Decryption successful, plaintext length: 32
[1785280291] [NOISE_PROTOCOL_DEBUG] DECRYPT_AND_HASH_HASH - Current hash length: 32
[1785280291] [NOISE_PROTOCOL_DEBUG] CIPHER_DECRYPT - Decrypting with key, ciphertext length: 16
[1785280291] [NOISE_PROTOCOL_DEBUG] READ_MESSAGE_ES_DONE - DH(ephemeral, static) completed
[1785280291] [NOISE_PROTOCOL_DEBUG] DECRYPT_AND_HASH_SUCCESS - Decryption successful, plaintext length: 32
[1785280291] [NOISE_PROTOCOL_DEBUG] DECRYPT_AND_HASH_HASH_BYTES - Hash bytes: [127, 133, 143, 186, 194, 36, 251, 0]
[1785280291] [NOISE_PROTOCOL_DEBUG] READ_MESSAGE_HASH_AFTER_PATTERN - Hash after pattern ES: [134, 189, 219, 25, 5, 117, 42, 209]
[1785280291] [NOISE_PROTOCOL_DEBUG] CIPHER_DECRYPT_SUCCESS - Decryption successful, plaintext length: 0
[1785280291] [NOISE_PROTOCOL_DEBUG] READ_MESSAGE_PAYLOAD - Decrypting payload, length: 16
[1785280291] [NOISE_PROTOCOL_DEBUG] CIPHER_DECRYPT - Decrypting with key, ciphertext length: 16
[1785280291] [NOISE_PROTOCOL_DEBUG] DECRYPT_AND_HASH_SUCCESS - Decryption successful, plaintext length: 0
[1785280291] [NOISE_PROTOCOL_DEBUG] DECRYPT_AND_HASH_HASH_MIXED - Hash mixed with ciphertext
[1785280291] [NOISE_PROTOCOL_DEBUG] DECRYPT_AND_HASH - Decrypting with cipher key, ciphertext length: 16
[1785280291] [NOISE_PROTOCOL_DEBUG] DECRYPT_AND_HASH_HASH_MIXED - Hash mixed with ciphertext
[1785280291] [NOISE_PROTOCOL_DEBUG] READ_MESSAGE_S_DONE - Static key read and validated successfully
[1785280291] [NOISE_PROTOCOL_DEBUG] DECRYPT_AND_HASH_HASH - Current hash length: 32
[1785280291] [NOISE_PROTOCOL_DEBUG] READ_MESSAGE_PAYLOAD_SUCCESS - Payload decrypted successfully, length: 0
[1785280291] [NOISE_PROTOCOL_DEBUG] READ_MESSAGE_HASH_AFTER_PATTERN - Hash after pattern S: [39, 236, 99, 38, 162, 205, 22, 131]
[1785280291] [NOISE_PROTOCOL_DEBUG] DECRYPT_AND_HASH_HASH_BYTES - Hash bytes: [134, 189, 219, 25, 5, 117, 42, 209]
[1785280291] [NOISE_PROTOCOL_DEBUG] CIPHER_DECRYPT_SUCCESS - Decryption successful, plaintext length: 0
[1785280291] [NOISE_PROTOCOL_DEBUG] READ_MESSAGE_COMPLETE - Message read successfully, new pattern: 2/3
[1785280291] [NOISE_PROTOCOL_DEBUG] READ_MESSAGE_PATTERN - Processing pattern: ES
[1785280291] [NOISE_PROTOCOL_DEBUG] CIPHER_DECRYPT - Decrypting with key, ciphertext length: 16
[1785280291] [NOISE_PROTOCOL_DEBUG] DECRYPT_AND_HASH_SUCCESS - Decryption successful, plaintext length: 0
[1785280291] [NOISE_PROTOCOL_DEBUG] READ_MESSAGE_HASH_AFTER - Hash after read: [85, 129, 189, 60, 0, 64, 179, 129]
[1785280291] [NOISE_PROTOCOL_DEBUG] CIPHER_DECRYPT_SUCCESS - Decryption successful, plaintext length: 0
[1785280291] [NOISE_PROTOCOL_DEBUG] READ_MESSAGE_HASH_BEFORE_PATTERN - Hash before pattern: [39, 236, 99, 38, 162, 205, 22, 131]
[1785280291] [NOISE_PROTOCOL_DEBUG] WRITE_MESSAGE_START - Pattern: XX, Current: 2/3
[1785280291] [NOISE_PROTOCOL_DEBUG] DECRYPT_AND_HASH_HASH_MIXED - Hash mixed with ciphertext
[1785280291] [NOISE_PROTOCOL_DEBUG] DECRYPT_AND_HASH_SUCCESS - Decryption successful, plaintext length: 0
[1785280291] [NOISE_PROTOCOL_DEBUG] READ_MESSAGE_ES - Performing DH(ephemeral, static)
[1785280291] [NOISE_PROTOCOL_DEBUG] WRITE_MESSAGE_PATTERNS - Processing patterns: [S, SE]
[1785280291] [NOISE_PROTOCOL_DEBUG] READ_MESSAGE_PAYLOAD_SUCCESS - Payload decrypted successfully, length: 0
[1785280291] [NOISE_PROTOCOL_DEBUG] DECRYPT_AND_HASH_HASH_MIXED - Hash mixed with ciphertext
[1785280291] [NOISE_PROTOCOL_DEBUG] WRITE_MESSAGE_PATTERN - Processing pattern: S
[1785280291] [NOISE_PROTOCOL_DEBUG] READ_MESSAGE_COMPLETE - Message read successfully, new pattern: 2/3
[1785280291] [NOISE_PROTOCOL_DEBUG] READ_MESSAGE_PAYLOAD_SUCCESS - Payload decrypted successfully, length: 0
[1785280291] [NOISE_PROTOCOL_DEBUG] WRITE_MESSAGE_S - Sending static key
[1785280291] [NOISE_PROTOCOL_DEBUG] READ_MESSAGE_HASH_AFTER - Hash after read: [127, 251, 238, 27, 200, 84, 24, 27]
[1785280291] [NOISE_PROTOCOL_DEBUG] READ_MESSAGE_COMPLETE - Message read successfully, new pattern: 2/3
[1785280291] [NOISE_PROTOCOL_DEBUG] CIPHER_ENCRYPT - Encrypting with key, plaintext length: 32
[1785280291] [NOISE_PROTOCOL_DEBUG] WRITE_MESSAGE_START - Pattern: XX, Current: 2/3
[1785280291] [NOISE_PROTOCOL_DEBUG] READ_MESSAGE_HASH_AFTER - Hash after read: [199, 90, 151, 168, 53, 186, 157, 107]
[1785280291] [NOISE_PROTOCOL_DEBUG] CIPHER_DECRYPT_SUCCESS - Decryption successful, plaintext length: 0
[1785280291] [NOISE_PROTOCOL_DEBUG] CIPHER_ENCRYPT_KEY - Key length: 32
[1785280291] [NOISE_PROTOCOL_DEBUG] WRITE_MESSAGE_PATTERNS - Processing patterns: [S, SE]
[1785280291] [NOISE_PROTOCOL_DEBUG] WRITE_MESSAGE_START - Pattern: XX, Current: 2/3
[1785280291] [NOISE_PROTOCOL_DEBUG] DECRYPT_AND_HASH_SUCCESS - Decryption successful, plaintext length: 0
[1785280291] [NOISE_PROTOCOL_DEBUG] CIPHER_ENCRYPT_NONCE - Current nonce: 1
[1785280291] [NOISE_PROTOCOL_DEBUG] WRITE_MESSAGE_PATTERN - Processing pattern: S
[1785280291] [NOISE_PROTOCOL_DEBUG] WRITE_MESSAGE_PATTERNS - Processing patterns: [S, SE]
[1785280291] [NOISE_PROTOCOL_DEBUG] CIPHER_ENCRYPT_ASSOCIATED_DATA - Associated data length: 32
[1785280291] [NOISE_PROTOCOL_DEBUG] WRITE_MESSAGE_S - Sending static key
[1785280291] [NOISE_PROTOCOL_DEBUG] DECRYPT_AND_HASH_HASH_MIXED - Hash mixed with ciphertext
[1785280291] [NOISE_PROTOCOL_DEBUG] WRITE_MESSAGE_PATTERN - Processing pattern: S
[1785280291] [NOISE_PROTOCOL_DEBUG] CIPHER_ENCRYPT - Encrypting with key, plaintext length: 32
[1785280291] [NOISE_PROTOCOL_DEBUG] READ_MESSAGE_PAYLOAD_SUCCESS - Payload decrypted successfully, length: 0
[1785280291] [NOISE_PROTOCOL_DEBUG] WRITE_MESSAGE_S - Sending static key
[1785280291] [NOISE_PROTOCOL_DEBUG] CIPHER_ENCRYPT_KEY - Key length: 32
[1785280291] [NOISE_PROTOCOL_DEBUG] READ_MESSAGE_COMPLETE - Message read successfully, new pattern: 2/3
[1785280291] [NOISE_PROTOCOL_DEBUG] CIPHER_ENCRYPT - Encrypting with key, plaintext length: 32
[1785280291] [NOISE_PROTOCOL_DEBUG] CIPHER_ENCRYPT_NONCE - Current nonce: 1
[1785280291] [NOISE_PROTOCOL_DEBUG] READ_MESSAGE_HASH_AFTER - Hash after read: [14, 247, 26, 41, 93, 27, 127, 86]
[1785280291] [NOISE_PROTOCOL_DEBUG] CIPHER_ENCRYPT_KEY - Key length: 32
[1785280291] [NOISE_PROTOCOL_DEBUG] CIPHER_ENCRYPT_ASSOCIATED_DATA - Associated data length: 32
[1785280291] [NOISE_PROTOCOL_DEBUG] WRITE_MESSAGE_START - Pattern: XX, Current: 2/3
[1785280291] [NOISE_PROTOCOL_DEBUG] CIPHER_ENCRYPT_NONCE - Current nonce: 1
[1785280291] [NOISE_PROTOCOL_DEBUG] WRITE_MESSAGE_PATTERNS - Processing patterns: [S, SE]
[1785280291] [NOISE_PROTOCOL_DEBUG] CIPHER_ENCRYPT_ASSOCIATED_DATA - Associated data length: 32
[1785280291] [NOISE_PROTOCOL_DEBUG] WRITE_MESSAGE_PATTERN - Processing pattern: S
[1785280291] [NOISE_PROTOCOL_DEBUG] WRITE_MESSAGE_S - Sending static key
[1785280291] [NOISE_PROTOCOL_DEBUG] CIPHER_ENCRYPT - Encrypting with key, plaintext length: 32
[1785280291] [NOISE_PROTOCOL_DEBUG] CIPHER_ENCRYPT_SUCCESS - Encryption successful, ciphertext length: 48
[1785280291] [NOISE_PROTOCOL_DEBUG] CIPHER_ENCRYPT_KEY - Key length: 32
[1785280291] [NOISE_PROTOCOL_DEBUG] CIPHER_ENCRYPT_NONCE - Current nonce: 1
[1785280291] [NOISE_PROTOCOL_DEBUG] CIPHER_ENCRYPT_ASSOCIATED_DATA - Associated data length: 32
[1785280291] [NOISE_PROTOCOL_DEBUG] WRITE_MESSAGE_S_DONE - Static key encrypted and sent, buffer size: 48
[1785280291] [NOISE_PROTOCOL_DEBUG] WRITE_MESSAGE_PATTERN - Processing pattern: SE
[1785280291] [NOISE_PROTOCOL_DEBUG] CIPHER_ENCRYPT_SUCCESS - Encryption successful, ciphertext length: 48
[1785280291] [NOISE_PROTOCOL_DEBUG] WRITE_MESSAGE_SE - Performing DH(static, ephemeral), role: Initiator
[1785280291] [NOISE_PROTOCOL_DEBUG] WRITE_MESSAGE_S_DONE - Static key encrypted and sent, buffer size: 48
[1785280291] [NOISE_PROTOCOL_DEBUG] CIPHER_ENCRYPT_SUCCESS - Encryption successful, ciphertext length: 48
[1785280291] [NOISE_PROTOCOL_DEBUG] WRITE_MESSAGE_PATTERN - Processing pattern: SE
[1785280291] [NOISE_PROTOCOL_DEBUG] WRITE_MESSAGE_SE - Performing DH(static, ephemeral), role: Initiator
[1785280291] [NOISE_PROTOCOL_DEBUG] WRITE_MESSAGE_S_DONE - Static key encrypted and sent, buffer size: 48
[1785280291] [NOISE_PROTOCOL_DEBUG] WRITE_MESSAGE_PATTERN - Processing pattern: SE
[1785280291] [NOISE_PROTOCOL_DEBUG] WRITE_MESSAGE_SE - Performing DH(static, ephemeral), role: Initiator
[1785280291] [NOISE_PROTOCOL_DEBUG] CIPHER_ENCRYPT_SUCCESS - Encryption successful, ciphertext length: 48
[1785280291] [NOISE_PROTOCOL_DEBUG] WRITE_MESSAGE_S_DONE - Static key encrypted and sent, buffer size: 48
[1785280291] [NOISE_PROTOCOL_DEBUG] WRITE_MESSAGE_PATTERN - Processing pattern: SE
[1785280291] [NOISE_PROTOCOL_DEBUG] WRITE_MESSAGE_SE - Performing DH(static, ephemeral), role: Initiator
[1785280291] [NOISE_PROTOCOL_DEBUG] READ_MESSAGE_ES_DONE - DH(ephemeral, static) completed
[1785280291] [NOISE_PROTOCOL_DEBUG] READ_MESSAGE_HASH_AFTER_PATTERN - Hash after pattern ES: [39, 236, 99, 38, 162, 205, 22, 131]
[1785280291] [NOISE_PROTOCOL_DEBUG] READ_MESSAGE_PAYLOAD - Decrypting payload, length: 16
[1785280291] [NOISE_PROTOCOL_DEBUG] DECRYPT_AND_HASH - Decrypting with cipher key, ciphertext length: 16
[1785280291] [NOISE_PROTOCOL_DEBUG] DECRYPT_AND_HASH_HASH - Current hash length: 32
[1785280291] [NOISE_PROTOCOL_DEBUG] DECRYPT_AND_HASH_HASH_BYTES - Hash bytes: [39, 236, 99, 38, 162, 205, 22, 131]
[1785280291] [NOISE_PROTOCOL_DEBUG] WRITE_MESSAGE_SE_DONE - DH(static, ephemeral) completed for initiator
[1785280291] [NOISE_PROTOCOL_DEBUG] CIPHER_DECRYPT - Decrypting with key, ciphertext length: 16
[1785280291] [NOISE_PROTOCOL_DEBUG] WRITE_MESSAGE_SE_DONE - DH(static, ephemeral) completed for initiator
[1785280291] [NOISE_PROTOCOL_DEBUG] WRITE_MESSAGE_ENCRYPT - Encrypting payload of 0 bytes
[1785280291] [NOISE_PROTOCOL_DEBUG] CIPHER_ENCRYPT - Encrypting with key, plaintext length: 0
[1785280291] [NOISE_PROTOCOL_DEBUG] WRITE_MESSAGE_ENCRYPT - Encrypting payload of 0 bytes
[1785280291] [NOISE_PROTOCOL_DEBUG] CIPHER_ENCRYPT_KEY - Key length: 32
[1785280291] [NOISE_PROTOCOL_DEBUG] CIPHER_ENCRYPT - Encrypting with key, plaintext length: 0
[1785280291] [NOISE_PROTOCOL_DEBUG] CIPHER_ENCRYPT_NONCE - Current nonce: 0
[1785280291] [NOISE_PROTOCOL_DEBUG] CIPHER_ENCRYPT_KEY - Key length: 32
[1785280291] [NOISE_PROTOCOL_DEBUG] WRITE_MESSAGE_SE_DONE - DH(static, ephemeral) completed for initiator
[1785280291] [NOISE_PROTOCOL_DEBUG] CIPHER_ENCRYPT_ASSOCIATED_DATA - Associated data length: 32
[1785280291] [NOISE_PROTOCOL_DEBUG] CIPHER_ENCRYPT_NONCE - Current nonce: 0
[1785280291] [NOISE_PROTOCOL_DEBUG] WRITE_MESSAGE_ENCRYPT - Encrypting payload of 0 bytes
[1785280291] [NOISE_PROTOCOL_DEBUG] CIPHER_ENCRYPT_ASSOCIATED_DATA - Associated data length: 32
[1785280291] [NOISE_PROTOCOL_DEBUG] CIPHER_DECRYPT_SUCCESS - Decryption successful, plaintext length: 0
[1785280291] [NOISE_PROTOCOL_DEBUG] CIPHER_ENCRYPT - Encrypting with key, plaintext length: 0
[1785280291] [NOISE_PROTOCOL_DEBUG] WRITE_MESSAGE_SE_DONE - DH(static, ephemeral) completed for initiator
[1785280291] [NOISE_PROTOCOL_DEBUG] DECRYPT_AND_HASH_SUCCESS - Decryption successful, plaintext length: 0
[1785280291] [NOISE_PROTOCOL_DEBUG] CIPHER_ENCRYPT_KEY - Key length: 32
[1785280291] [NOISE_PROTOCOL_DEBUG] WRITE_MESSAGE_ENCRYPT - Encrypting payload of 0 bytes
[1785280291] [NOISE_PROTOCOL_DEBUG] CIPHER_ENCRYPT_NONCE - Current nonce: 0
[1785280291] [NOISE_PROTOCOL_DEBUG] CIPHER_ENCRYPT - Encrypting with key, plaintext length: 0
[1785280291] [NOISE_PROTOCOL_DEBUG] DECRYPT_AND_HASH_HASH_MIXED - Hash mixed with ciphertext
[1785280291] [NOISE_PROTOCOL_DEBUG] CIPHER_ENCRYPT_ASSOCIATED_DATA - Associated data length: 32
[1785280291] [NOISE_PROTOCOL_DEBUG] CIPHER_ENCRYPT_KEY - Key length: 32
[1785280291] [NOISE_PROTOCOL_DEBUG] CIPHER_ENCRYPT_SUCCESS - Encryption successful, ciphertext length: 16
[1785280291] [NOISE_PROTOCOL_DEBUG] READ_MESSAGE_PAYLOAD_SUCCESS - Payload decrypted successfully, length: 0
[1785280291] [NOISE_PROTOCOL_DEBUG] CIPHER_ENCRYPT_NONCE - Current nonce: 0
[1785280291] [NOISE_PROTOCOL_DEBUG] READ_MESSAGE_COMPLETE - Message read successfully, new pattern: 2/3
[1785280291] [NOISE_PROTOCOL_DEBUG] CIPHER_ENCRYPT_SUCCESS - Encryption successful, ciphertext length: 16
[1785280291] [NOISE_PROTOCOL_DEBUG] WRITE_MESSAGE_ENCRYPT_DONE - Payload encrypted, total buffer size: 64
[1785280291] [NOISE_PROTOCOL_DEBUG] CIPHER_ENCRYPT_ASSOCIATED_DATA - Associated data length: 32
[1785280291] [NOISE_PROTOCOL_DEBUG] READ_MESSAGE_HASH_AFTER - Hash after read: [87, 44, 121, 40, 215, 177, 73, 181]
[1785280291] [NOISE_PROTOCOL_DEBUG] WRITE_MESSAGE_COMPLETE - Message written, pattern 2 complete
[1785280291] [NOISE_PROTOCOL_DEBUG] WRITE_MESSAGE_ENCRYPT_DONE - Payload encrypted, total buffer size: 64
[1785280291] [NOISE_PROTOCOL_DEBUG] WRITE_MESSAGE_START - Pattern: XX, Current: 2/3
[1785280291] [NOISE_PROTOCOL_DEBUG] WRITE_MESSAGE_COMPLETE - Message written, pattern 2 complete
[1785280291] [NOISE_PROTOCOL_DEBUG] WRITE_MESSAGE_PATTERNS - Processing patterns: [S, SE]
[1785280291] [NOISE_PROTOCOL_DEBUG] CIPHER_ENCRYPT_SUCCESS - Encryption successful, ciphertext length: 16
[1785280291] [NOISE_PROTOCOL_DEBUG] WRITE_MESSAGE_PATTERN - Processing pattern: S
[1785280291] [NOISE_PROTOCOL_DEBUG] WRITE_MESSAGE_ENCRYPT_DONE - Payload encrypted, total buffer size: 64
[1785280291] [NOISE_PROTOCOL_DEBUG] WRITE_MESSAGE_S - Sending static key
[1785280291] [NOISE_PROTOCOL_DEBUG] CIPHER_ENCRYPT_SUCCESS - Encryption successful, ciphertext length: 16
[1785280291] [NOISE_PROTOCOL_DEBUG] WRITE_MESSAGE_COMPLETE - Message written, pattern 2 complete
[1785280291] [NOISE_PROTOCOL_DEBUG] CIPHER_ENCRYPT - Encrypting with key, plaintext length: 32
[1785280291] [NOISE_PROTOCOL_DEBUG] WRITE_MESSAGE_ENCRYPT_DONE - Payload encrypted, total buffer size: 64
[1785280291] [NOISE_PROTOCOL_DEBUG] CIPHER_ENCRYPT_KEY - Key length: 32
[1785280291] [NOISE_PROTOCOL_DEBUG] WRITE_MESSAGE_COMPLETE - Message written, pattern 2 complete
[1785280291] [NOISE_PROTOCOL_DEBUG] CIPHER_ENCRYPT_NONCE - Current nonce: 1
[1785280291] [NOISE_PROTOCOL_DEBUG] CIPHER_ENCRYPT_ASSOCIATED_DATA - Associated data length: 32
[1785280291] [NOISE_PROTOCOL_DEBUG] CIPHER_ENCRYPT - Encrypting with key, plaintext length: 45
[1785280291] [NOISE_PROTOCOL_DEBUG] CIPHER_ENCRYPT_KEY - Key length: 32
[1785280291] [NOISE_PROTOCOL_DEBUG] CIPHER_ENCRYPT - Encrypting with key, plaintext length: 54
[1785280291] [NOISE_PROTOCOL_DEBUG] CIPHER_ENCRYPT_NONCE - Current nonce: 0
[1785280291] [NOISE_PROTOCOL_DEBUG] CIPHER_ENCRYPT_KEY - Key length: 32
[1785280291] [NOISE_PROTOCOL_DEBUG] CIPHER_ENCRYPT_ASSOCIATED_DATA - Associated data length: 0
[1785280291] [NOISE_PROTOCOL_DEBUG] CIPHER_ENCRYPT_NONCE - Current nonce: 0
[1785280291] [NOISE_PROTOCOL_DEBUG] CIPHER_ENCRYPT_ASSOCIATED_DATA - Associated data length: 0
[1785280291] [NOISE_PROTOCOL_DEBUG] CIPHER_ENCRYPT - Encrypting with key, plaintext length: 58
[1785280291] [NOISE_PROTOCOL_DEBUG] CIPHER_ENCRYPT_KEY - Key length: 32
[1785280291] [NOISE_PROTOCOL_DEBUG] CIPHER_ENCRYPT_NONCE - Current nonce: 0
[1785280291] [NOISE_PROTOCOL_DEBUG] CIPHER_ENCRYPT_SUCCESS - Encryption successful, ciphertext length: 48
[1785280291] [NOISE_PROTOCOL_DEBUG] CIPHER_ENCRYPT_ASSOCIATED_DATA - Associated data length: 0
[1785280291] [NOISE_PROTOCOL_DEBUG] CIPHER_ENCRYPT - Encrypting with key, plaintext length: 43
[1785280291] [NOISE_PROTOCOL_DEBUG] CIPHER_ENCRYPT_KEY - Key length: 32
[1785280291] [NOISE_PROTOCOL_DEBUG] WRITE_MESSAGE_S_DONE - Static key encrypted and sent, buffer size: 48
[1785280291] [NOISE_PROTOCOL_DEBUG] CIPHER_ENCRYPT_NONCE - Current nonce: 0
[1785280291] [NOISE_PROTOCOL_DEBUG] WRITE_MESSAGE_PATTERN - Processing pattern: SE
[1785280291] [NOISE_PROTOCOL_DEBUG] CIPHER_ENCRYPT_ASSOCIATED_DATA - Associated data length: 0
[1785280291] [NOISE_PROTOCOL_DEBUG] WRITE_MESSAGE_SE - Performing DH(static, ephemeral), role: Initiator
[1785280291] [NOISE_PROTOCOL_DEBUG] CIPHER_ENCRYPT_SUCCESS - Encryption successful, ciphertext length: 61
[1785280291] [NOISE_PROTOCOL_DEBUG] CIPHER_ENCRYPT_TRANSPORT - Transport message with nonce prefix, total length: 65
[1785280291] [NOISE_PROTOCOL_DEBUG] CIPHER_ENCRYPT_SUCCESS - Encryption successful, ciphertext length: 70
[1785280291] [NOISE_PROTOCOL_DEBUG] CIPHER_ENCRYPT_TRANSPORT - Transport message with nonce prefix, total length: 74
[1785280291] [NOISE_PROTOCOL_DEBUG] CIPHER_ENCRYPT_SUCCESS - Encryption successful, ciphertext length: 74
[1785280291] [NOISE_PROTOCOL_DEBUG] READ_MESSAGE_START - Pattern: XX, Current: 2/3
[1785280291] [NOISE_PROTOCOL_DEBUG] CIPHER_ENCRYPT_TRANSPORT - Transport message with nonce prefix, total length: 78
[1785280291] [NOISE_PROTOCOL_DEBUG] READ_MESSAGE_HASH_BEFORE - Hash before read: [85, 129, 189, 60, 0, 64, 179, 129]
[1785280291] [NOISE_PROTOCOL_DEBUG] READ_MESSAGE_START - Pattern: XX, Current: 2/3
[1785280291] [NOISE_PROTOCOL_DEBUG] READ_MESSAGE_PATTERNS - Processing patterns: [S, SE]
[1785280291] [NOISE_PROTOCOL_DEBUG] CIPHER_ENCRYPT_SUCCESS - Encryption successful, ciphertext length: 59
[1785280291] [NOISE_PROTOCOL_DEBUG] READ_MESSAGE_HASH_BEFORE - Hash before read: [14, 247, 26, 41, 93, 27, 127, 86]
[1785280291] [NOISE_PROTOCOL_DEBUG] READ_MESSAGE_PATTERN - Processing pattern: S
[1785280291] [NOISE_PROTOCOL_DEBUG] CIPHER_ENCRYPT_TRANSPORT - Transport message with nonce prefix, total length: 63
[1785280291] [NOISE_PROTOCOL_DEBUG] READ_MESSAGE_PATTERNS - Processing patterns: [S, SE]
[1785280291] [NOISE_PROTOCOL_DEBUG] READ_MESSAGE_HASH_BEFORE_PATTERN - Hash before pattern: [85, 129, 189, 60, 0, 64, 179, 129]
[1785280291] [NOISE_PROTOCOL_DEBUG] READ_MESSAGE_START - Pattern: XX, Current: 2/3
[1785280291] [NOISE_PROTOCOL_DEBUG] READ_MESSAGE_PATTERN - Processing pattern: S
[1785280291] [NOISE_PROTOCOL_DEBUG] READ_MESSAGE_S - Reading static key
[1785280291] [NOISE_PROTOCOL_DEBUG] READ_MESSAGE_HASH_BEFORE - Hash before read: [199, 90, 151, 168, 53, 186, 157, 107]
[1785280291] [NOISE_PROTOCOL_DEBUG] READ_MESSAGE_HASH_BEFORE_PATTERN - Hash before pattern: [14, 247, 26, 41, 93, 27, 127, 86]
[1785280291] [NOISE_PROTOCOL_DEBUG] READ_MESSAGE_S_CHECK - Checking static key length: need 48 bytes, available 64 bytes, has_cipher_key: true
[1785280291] [NOISE_PROTOCOL_DEBUG] READ_MESSAGE_PATTERNS - Processing patterns: [S, SE]
[1785280291] [NOISE_PROTOCOL_DEBUG] READ_MESSAGE_S - Reading static key
[1785280291] [NOISE_PROTOCOL_DEBUG] READ_MESSAGE_S_DATA - Static key data length: 48, has_cipher_key: true
[1785280291] [NOISE_PROTOCOL_DEBUG] READ_MESSAGE_START - Pattern: XX, Current: 2/3
[1785280291] [NOISE_PROTOCOL_DEBUG] READ_MESSAGE_PATTERN - Processing pattern: S
[1785280291] [NOISE_PROTOCOL_DEBUG] READ_MESSAGE_S_CHECK - Checking static key length: need 48 bytes, available 64 bytes, has_cipher_key: true
[1785280291] [NOISE_PROTOCOL_DEBUG] DECRYPT_AND_HASH - Decrypting with cipher key, ciphertext length: 48
[1785280291] [NOISE_PROTOCOL_DEBUG] READ_MESSAGE_HASH_BEFORE - Hash before read: [127, 251, 238, 27, 200, 84, 24, 27]
[1785280291] [NOISE_PROTOCOL_DEBUG] READ_MESSAGE_HASH_BEFORE_PATTERN - Hash before pattern: [199, 90, 151, 168, 53, 186, 157, 107]
[1785280291] [NOISE_PROTOCOL_DEBUG] READ_MESSAGE_S_DATA - Static key data length: 48, has_cipher_key: true
[1785280291] [NOISE_PROTOCOL_DEBUG] READ_MESSAGE_PATTERNS - Processing patterns: [S, SE]
[1785280291] [NOISE_PROTOCOL_DEBUG] DECRYPT_AND_HASH_HASH - Current hash length: 32
[1785280291] [NOISE_PROTOCOL_DEBUG] DECRYPT_AND_HASH - Decrypting with cipher key, ciphertext length: 48
[1785280291] [NOISE_PROTOCOL_DEBUG] READ_MESSAGE_S - Reading static key
[1785280291] [NOISE_PROTOCOL_DEBUG] READ_MESSAGE_PATTERN - Processing pattern: S
[1785280291] [NOISE_PROTOCOL_DEBUG] DECRYPT_AND_HASH_HASH_BYTES - Hash bytes: [85, 129, 189, 60, 0, 64, 179, 129]
[1785280291] [NOISE_PROTOCOL_DEBUG] READ_MESSAGE_S_CHECK - Checking static key length: need 48 bytes, available 64 bytes, has_cipher_key: true
[1785280291] [NOISE_PROTOCOL_DEBUG] DECRYPT_AND_HASH_HASH - Current hash length: 32
[1785280291] [NOISE_PROTOCOL_DEBUG] READ_MESSAGE_HASH_BEFORE_PATTERN - Hash before pattern: [127, 251, 238, 27, 200, 84, 24, 27]
[1785280291] [NOISE_PROTOCOL_DEBUG] CIPHER_DECRYPT - Decrypting with key, ciphertext length: 48
[1785280291] [NOISE_PROTOCOL_DEBUG] READ_MESSAGE_S_DATA - Static key data length: 48, has_cipher_key: true
[1785280291] [NOISE_PROTOCOL_DEBUG] DECRYPT_AND_HASH_HASH_BYTES - Hash bytes: [14, 247, 26, 41, 93, 27, 127, 86]
[1785280291] [NOISE_PROTOCOL_DEBUG] READ_MESSAGE_S - Reading static key
[1785280291] [NOISE_PROTOCOL_DEBUG] DECRYPT_AND_HASH - Decrypting with cipher key, ciphertext length: 48
[1785280291] [NOISE_PROTOCOL_DEBUG] CIPHER_DECRYPT - Decrypting with key, ciphertext length: 48
[1785280291] [NOISE_PROTOCOL_DEBUG] READ_MESSAGE_S_CHECK - Checking static key length: need 48 bytes, available 64 bytes, has_cipher_key: true
[1785280291] [NOISE_PROTOCOL_DEBUG] DECRYPT_AND_HASH_HASH - Current hash length: 32
[1785280291] [NOISE_PROTOCOL_DEBUG] READ_MESSAGE_S_DATA - Static key data length: 48, has_cipher_key: true
[1785280291] [NOISE_PROTOCOL_DEBUG] DECRYPT_AND_HASH_HASH_BYTES - Hash bytes: [199, 90, 151, 168, 53, 186, 157, 107]
[1785280291] [NOISE_PROTOCOL_DEBUG] DECRYPT_AND_HASH - Decrypting with cipher key, ciphertext length: 48
[1785280291] [NOISE_PROTOCOL_DEBUG] CIPHER_DECRYPT - Decrypting with key, ciphertext length: 48
[1785280291] [NOISE_PROTOCOL_DEBUG] DECRYPT_AND_HASH_HASH - Current hash length: 32
[1785280291] [NOISE_PROTOCOL_DEBUG] DECRYPT_AND_HASH_HASH_BYTES - Hash bytes: [127, 251, 238, 27, 200, 84, 24, 27]
[1785280291] [NOISE_PROTOCOL_DEBUG] CIPHER_DECRYPT - Decrypting with key, ciphertext length: 48
[1785280291] [NOISE_PROTOCOL_DEBUG] CIPHER_DECRYPT_SUCCESS - Decryption successful, plaintext length: 32
[1785280291] [NOISE_PROTOCOL_DEBUG] DECRYPT_AND_HASH_SUCCESS - Decryption successful, plaintext length: 32
[1785280291] [NOISE_PROTOCOL_DEBUG] CIPHER_DECRYPT_SUCCESS - Decryption successful, plaintext length: 32
[1785280291] [NOISE_PROTOCOL_DEBUG] DECRYPT_AND_HASH_SUCCESS - Decryption successful, plaintext length: 32
[1785280291] [NOISE_PROTOCOL_DEBUG] DECRYPT_AND_HASH_HASH_MIXED - Hash mixed with ciphertext
[1785280291] [NOISE_PROTOCOL_DEBUG] CIPHER_DECRYPT_SUCCESS - Decryption successful, plaintext length: 32
[1785280291] [NOISE_PROTOCOL_DEBUG] DECRYPT_AND_HASH_HASH_MIXED - Hash mixed with ciphertext
[1785280291] [NOISE_PROTOCOL_DEBUG] READ_MESSAGE_S_DONE - Static key read and validated successfully
[1785280291] [NOISE_PROTOCOL_DEBUG] DECRYPT_AND_HASH_SUCCESS - Decryption successful, plaintext length: 32
[1785280291] [NOISE_PROTOCOL_DEBUG] READ_MESSAGE_S_DONE - Static key read and validated successfully
[1785280291] [NOISE_PROTOCOL_DEBUG] READ_MESSAGE_HASH_AFTER_PATTERN - Hash after pattern S: [2, 225, 194, 196, 165, 217, 80, 75]
[1785280291] [NOISE_PROTOCOL_DEBUG] READ_MESSAGE_HASH_AFTER_PATTERN - Hash after pattern S: [80, 233, 252, 38, 126, 75, 115, 26]
[1785280291] [NOISE_PROTOCOL_DEBUG] READ_MESSAGE_PATTERN - Processing pattern: SE
[1785280291] [NOISE_PROTOCOL_DEBUG] DECRYPT_AND_HASH_HASH_MIXED - Hash mixed with ciphertext
[1785280291] [NOISE_PROTOCOL_DEBUG] READ_MESSAGE_PATTERN - Processing pattern: SE
[1785280291] [NOISE_PROTOCOL_DEBUG] CIPHER_DECRYPT_SUCCESS - Decryption successful, plaintext length: 32
[1785280291] [NOISE_PROTOCOL_DEBUG] READ_MESSAGE_HASH_BEFORE_PATTERN - Hash before pattern: [2, 225, 194, 196, 165, 217, 80, 75]
[1785280291] [NOISE_PROTOCOL_DEBUG] READ_MESSAGE_HASH_BEFORE_PATTERN - Hash before pattern: [80, 233, 252, 38, 126, 75, 115, 26]
[1785280291] [NOISE_PROTOCOL_DEBUG] READ_MESSAGE_S_DONE - Static key read and validated successfully
[1785280291] [NOISE_PROTOCOL_DEBUG] DECRYPT_AND_HASH_SUCCESS - Decryption successful, plaintext length: 32
[1785280291] [NOISE_PROTOCOL_DEBUG] READ_MESSAGE_SE - Performing DH(static, ephemeral)
[1785280291] [NOISE_PROTOCOL_DEBUG] READ_MESSAGE_SE - Performing DH(static, ephemeral)
[1785280291] [NOISE_PROTOCOL_DEBUG] READ_MESSAGE_HASH_AFTER_PATTERN - Hash after pattern S: [37, 33, 223, 190, 245, 48, 110, 73]
[1785280291] [NOISE_PROTOCOL_DEBUG] READ_MESSAGE_PATTERN - Processing pattern: SE
[1785280291] [NOISE_PROTOCOL_DEBUG] DECRYPT_AND_HASH_HASH_MIXED - Hash mixed with ciphertext
[1785280291] [NOISE_PROTOCOL_DEBUG] READ_MESSAGE_HASH_BEFORE_PATTERN - Hash before pattern: [37, 33, 223, 190, 245, 48, 110, 73]
[1785280291] [NOISE_PROTOCOL_DEBUG] READ_MESSAGE_S_DONE - Static key read and validated successfully
[1785280291] [NOISE_PROTOCOL_DEBUG] READ_MESSAGE_SE - Performing DH(static, ephemeral)
[1785280291] [NOISE_PROTOCOL_DEBUG] READ_MESSAGE_HASH_AFTER_PATTERN - Hash after pattern S: [126, 244, 74, 25, 166, 249, 30, 198]
[1785280291] [NOISE_PROTOCOL_DEBUG] READ_MESSAGE_PATTERN - Processing pattern: SE
[1785280291] [NOISE_PROTOCOL_DEBUG] READ_MESSAGE_HASH_BEFORE_PATTERN - Hash before pattern: [126, 244, 74, 25, 166, 249, 30, 198]
[1785280291] [NOISE_PROTOCOL_DEBUG] READ_MESSAGE_SE - Performing DH(static, ephemeral)
[1785280291] [NOISE_PROTOCOL_DEBUG] WRITE_MESSAGE_SE_DONE - DH(static, ephemeral) completed for initiator
[1785280291] [NOISE_PROTOCOL_DEBUG] WRITE_MESSAGE_ENCRYPT - Encrypting payload of 0 bytes
[1785280291] [NOISE_PROTOCOL_DEBUG] CIPHER_ENCRYPT - Encrypting with key, plaintext length: 0
[1785280291] [NOISE_PROTOCOL_DEBUG] CIPHER_ENCRYPT_KEY - Key length: 32
[1785280291] [NOISE_PROTOCOL_DEBUG] CIPHER_ENCRYPT_NONCE - Current nonce: 0
[1785280291] [NOISE_PROTOCOL_DEBUG] CIPHER_ENCRYPT_ASSOCIATED_DATA - Associated data length: 32
[1785280291] [NOISE_PROTOCOL_DEBUG] CIPHER_ENCRYPT_SUCCESS - Encryption successful, ciphertext length: 16
[1785280291] [NOISE_PROTOCOL_DEBUG] WRITE_MESSAGE_ENCRYPT_DONE - Payload encrypted, total buffer size: 64
[1785280291] [NOISE_PROTOCOL_DEBUG] WRITE_MESSAGE_COMPLETE - Message written, pattern 2 complete
[1785280291] [NOISE_PROTOCOL_DEBUG] READ_MESSAGE_SE_DONE - DH(static, ephemeral) completed
[1785280291] [NOISE_PROTOCOL_DEBUG] READ_MESSAGE_HASH_AFTER_PATTERN - Hash after pattern SE: [80, 233, 252, 38, 126, 75, 115, 26]
[1785280291] [NOISE_PROTOCOL_DEBUG] READ_MESSAGE_PAYLOAD - Decrypting payload, length: 16
[1785280291] [NOISE_PROTOCOL_DEBUG] DECRYPT_AND_HASH - Decrypting with cipher key, ciphertext length: 16
[1785280291] [NOISE_PROTOCOL_DEBUG] DECRYPT_AND_HASH_HASH - Current hash length: 32
[1785280291] [NOISE_PROTOCOL_DEBUG] DECRYPT_AND_HASH_HASH_BYTES - Hash bytes: [80, 233, 252, 38, 126, 75, 115, 26]
[1785280291] [NOISE_PROTOCOL_DEBUG] CIPHER_DECRYPT - Decrypting with key, ciphertext length: 16
[1785280291] [NOISE_PROTOCOL_DEBUG] CIPHER_DECRYPT_SUCCESS - Decryption successful, plaintext length: 0
[1785280291] [NOISE_PROTOCOL_DEBUG] CIPHER_ENCRYPT - Encrypting with key, plaintext length: 42
[1785280291] [NOISE_PROTOCOL_DEBUG] DECRYPT_AND_HASH_SUCCESS - Decryption successful, plaintext length: 0
[1785280291] [NOISE_PROTOCOL_DEBUG] READ_MESSAGE_SE_DONE - DH(static, ephemeral) completed
[1785280291] [NOISE_PROTOCOL_DEBUG] CIPHER_ENCRYPT_KEY - Key length: 32
[1785280291] [NOISE_PROTOCOL_DEBUG] DECRYPT_AND_HASH_HASH_MIXED - Hash mixed with ciphertext
[1785280291] [NOISE_PROTOCOL_DEBUG] READ_MESSAGE_HASH_AFTER_PATTERN - Hash after pattern SE: [2, 225, 194, 196, 165, 217, 80, 75]
[1785280291] [NOISE_PROTOCOL_DEBUG] CIPHER_ENCRYPT_NONCE - Current nonce: 0
[1785280291] [NOISE_PROTOCOL_DEBUG] READ_MESSAGE_PAYLOAD_SUCCESS - Payload decrypted successfully, length: 0
[1785280291] [NOISE_PROTOCOL_DEBUG] READ_MESSAGE_SE_DONE - DH(static, ephemeral) completed
[1785280291] [NOISE_PROTOCOL_DEBUG] READ_MESSAGE_PAYLOAD - Decrypting payload, length: 16
[1785280291] [NOISE_PROTOCOL_DEBUG] CIPHER_ENCRYPT_ASSOCIATED_DATA - Associated data length: 0
[1785280291] [NOISE_PROTOCOL_DEBUG] READ_MESSAGE_HASH_AFTER_PATTERN - Hash after pattern SE: [37, 33, 223, 190, 245, 48, 110, 73]
[1785280291] [NOISE_PROTOCOL_DEBUG] READ_MESSAGE_COMPLETE - Message read successfully, new pattern: 3/3
[1785280291] [NOISE_PROTOCOL_DEBUG] DECRYPT_AND_HASH - Decrypting with cipher key, ciphertext length: 16
[1785280291] [NOISE_PROTOCOL_DEBUG] READ_MESSAGE_PAYLOAD - Decrypting payload, length: 16
[1785280291] [NOISE_PROTOCOL_DEBUG] READ_MESSAGE_HASH_AFTER - Hash after read: [116, 218, 222, 198, 221, 172, 85, 108]
[1785280291] [NOISE_PROTOCOL_DEBUG] DECRYPT_AND_HASH_HASH - Current hash length: 32
[1785280291] [NOISE_PROTOCOL_DEBUG] DECRYPT_AND_HASH - Decrypting with cipher key, ciphertext length: 16
[1785280291] [NOISE_PROTOCOL_DEBUG] DECRYPT_AND_HASH_HASH_BYTES - Hash bytes: [2, 225, 194, 196, 165, 217, 80, 75]
[1785280291] [NOISE_PROTOCOL_DEBUG] DECRYPT_AND_HASH_HASH - Current hash length: 32
[1785280291] [NOISE_PROTOCOL_DEBUG] CIPHER_DECRYPT - Decrypting with key, ciphertext length: 16
[1785280291] [NOISE_PROTOCOL_DEBUG] DECRYPT_AND_HASH_HASH_BYTES - Hash bytes: [37, 33, 223, 190, 245, 48, 110, 73]
[1785280291] [NOISE_PROTOCOL_DEBUG] READ_MESSAGE_SE_DONE - DH(static, ephemeral) completed
[1785280291] [NOISE_PROTOCOL_DEBUG] CIPHER_DECRYPT - Decrypting with key, ciphertext length: 16
[1785280291] [NOISE_PROTOCOL_DEBUG] READ_MESSAGE_HASH_AFTER_PATTERN - Hash after pattern SE: [126, 244, 74, 25, 166, 249, 30, 198]
[1785280291] [NOISE_PROTOCOL_DEBUG] READ_MESSAGE_PAYLOAD - Decrypting payload, length: 16
[1785280291] [NOISE_PROTOCOL_DEBUG] DECRYPT_AND_HASH - Decrypting with cipher key, ciphertext length: 16
[1785280291] [NOISE_PROTOCOL_DEBUG] DECRYPT_AND_HASH_HASH - Current hash length: 32
[1785280291] [NOISE_PROTOCOL_DEBUG] DECRYPT_AND_HASH_HASH_BYTES - Hash bytes: [126, 244, 74, 25, 166, 249, 30, 198]
[1785280291] [NOISE_PROTOCOL_DEBUG] CIPHER_ENCRYPT_SUCCESS - Encryption successful, ciphertext length: 58
[1785280291] [NOISE_PROTOCOL_DEBUG] CIPHER_DECRYPT - Decrypting with key, ciphertext length: 16
[1785280291] [NOISE_PROTOCOL_DEBUG] CIPHER_DECRYPT_SUCCESS - Decryption successful, plaintext length: 0
[1785280291] [NOISE_PROTOCOL_DEBUG] CIPHER_DECRYPT - Decrypting with key, ciphertext length: 74
[1785280291] [NOISE_PROTOCOL_DEBUG] CIPHER_ENCRYPT_TRANSPORT - Transport message with nonce prefix, total length: 62
[1785280291] [NOISE_PROTOCOL_DEBUG] CIPHER_DECRYPT_SUCCESS - Decryption successful, plaintext length: 0
[1785280291] [NOISE_PROTOCOL_DEBUG] DECRYPT_AND_HASH_SUCCESS - Decryption successful, plaintext length: 0
[1785280291] [NOISE_PROTOCOL_DEBUG] DECRYPT_AND_HASH_SUCCESS - Decryption successful, plaintext length: 0
[1785280291] [NOISE_PROTOCOL_DEBUG] DECRYPT_AND_HASH_HASH_MIXED - Hash mixed with ciphertext
[1785280291] [NOISE_PROTOCOL_DEBUG] DECRYPT_AND_HASH_HASH_MIXED - Hash mixed with ciphertext
[1785280291] [NOISE_PROTOCOL_DEBUG] READ_MESSAGE_PAYLOAD_SUCCESS - Payload decrypted successfully, length: 0
[1785280291] [NOISE_PROTOCOL_DEBUG] READ_MESSAGE_START - Pattern: XX, Current: 2/3
[1785280291] [NOISE_PROTOCOL_DEBUG] READ_MESSAGE_PAYLOAD_SUCCESS - Payload decrypted successfully, length: 0
[1785280291] [NOISE_PROTOCOL_DEBUG] READ_MESSAGE_COMPLETE - Message read successfully, new pattern: 3/3
[1785280291] [NOISE_PROTOCOL_DEBUG] CIPHER_DECRYPT_SUCCESS - Decryption successful, plaintext length: 0
[1785280291] [NOISE_PROTOCOL_DEBUG] READ_MESSAGE_HASH_BEFORE - Hash before read: [87, 44, 121, 40, 215, 177, 73, 181]
[1785280291] [NOISE_PROTOCOL_DEBUG] READ_MESSAGE_COMPLETE - Message read successfully, new pattern: 3/3
[1785280291] [NOISE_PROTOCOL_DEBUG] READ_MESSAGE_HASH_AFTER - Hash after read: [57, 225, 178, 179, 237, 49, 3, 105]
[1785280291] [NOISE_PROTOCOL_DEBUG] DECRYPT_AND_HASH_SUCCESS - Decryption successful, plaintext length: 0
[1785280291] [NOISE_PROTOCOL_DEBUG] READ_MESSAGE_PATTERNS - Processing patterns: [S, SE]
[1785280291] [NOISE_PROTOCOL_DEBUG] READ_MESSAGE_HASH_AFTER - Hash after read: [182, 79, 159, 43, 91, 39, 74, 82]
[1785280291] [NOISE_PROTOCOL_DEBUG] DECRYPT_AND_HASH_HASH_MIXED - Hash mixed with ciphertext
[1785280291] [NOISE_PROTOCOL_DEBUG] READ_MESSAGE_PATTERN - Processing pattern: S
[1785280291] [NOISE_PROTOCOL_DEBUG] CIPHER_DECRYPT_SUCCESS - Decryption successful, plaintext length: 54
[1785280291] [NOISE_PROTOCOL_DEBUG] READ_MESSAGE_PAYLOAD_SUCCESS - Payload decrypted successfully, length: 0
[1785280291] [NOISE_PROTOCOL_DEBUG] READ_MESSAGE_HASH_BEFORE_PATTERN - Hash before pattern: [87, 44, 121, 40, 215, 177, 73, 181]
[1785280291] [NOISE_PROTOCOL_DEBUG] READ_MESSAGE_COMPLETE - Message read successfully, new pattern: 3/3
[1785280291] [NOISE_PROTOCOL_DEBUG] READ_MESSAGE_S - Reading static key
[1785280291] [NOISE_PROTOCOL_DEBUG] READ_MESSAGE_HASH_AFTER - Hash after read: [103, 227, 62, 55, 158, 253, 111, 219]
[1785280291] [NOISE_PROTOCOL_DEBUG] READ_MESSAGE_S_CHECK - Checking static key length: need 48 bytes, available 64 bytes, has_cipher_key: true
[1785280291] [NOISE_PROTOCOL_DEBUG] READ_MESSAGE_S_DATA - Static key data length: 48, has_cipher_key: true
[1785280291] [NOISE_PROTOCOL_DEBUG] DECRYPT_AND_HASH - Decrypting with cipher key, ciphertext length: 48
[1785280291] [NOISE_PROTOCOL_DEBUG] DECRYPT_AND_HASH_HASH - Current hash length: 32
[1785280291] [NOISE_PROTOCOL_DEBUG] DECRYPT_AND_HASH_HASH_BYTES - Hash bytes: [87, 44, 121, 40, 215, 177, 73, 181]
[1785280291] [NOISE_PROTOCOL_DEBUG] CIPHER_DECRYPT - Decrypting with key, ciphertext length: 65
[1785280291] [NOISE_PROTOCOL_DEBUG] CIPHER_DECRYPT - Decrypting with key, ciphertext length: 48
[1785280291] [NOISE_PROTOCOL_DEBUG] CIPHER_DECRYPT - Decrypting with key, ciphertext length: 78
[1785280291] [NOISE_PROTOCOL_DEBUG] CIPHER_DECRYPT - Decrypting with key, ciphertext length: 63
[1785280291] [NOISE_PROTOCOL_DEBUG] CIPHER_DECRYPT_SUCCESS - Decryption successful, plaintext length: 45
[1785280291] [NOISE_PROTOCOL_DEBUG] CIPHER_DECRYPT_SUCCESS - Decryption successful, plaintext length: 32
[1785280291] [NOISE_PROTOCOL_DEBUG] CIPHER_DECRYPT_SUCCESS - Decryption successful, plaintext length: 58
[1785280291] [NOISE_PROTOCOL_DEBUG] DECRYPT_AND_HASH_SUCCESS - Decryption successful, plaintext length: 32
[1785280291] [NOISE_PROTOCOL_DEBUG] CIPHER_ENCRYPT - Encrypting with key, plaintext length: 45
[1785280291] [NOISE_PROTOCOL_DEBUG] CIPHER_ENCRYPT_KEY - Key length: 32
[1785280291] [NOISE_PROTOCOL_DEBUG] CIPHER_DECRYPT_SUCCESS - Decryption successful, plaintext length: 43
[1785280291] [NOISE_PROTOCOL_DEBUG] DECRYPT_AND_HASH_HASH_MIXED - Hash mixed with ciphertext
[1785280291] [NOISE_PROTOCOL_DEBUG] CIPHER_ENCRYPT_NONCE - Current nonce: 0
[1785280291] [NOISE_PROTOCOL_DEBUG] READ_MESSAGE_S_DONE - Static key read and validated successfully
[1785280291] [NOISE_PROTOCOL_DEBUG] CIPHER_ENCRYPT_ASSOCIATED_DATA - Associated data length: 0
[1785280291] [NOISE_PROTOCOL_DEBUG] READ_MESSAGE_HASH_AFTER_PATTERN - Hash after pattern S: [189, 142, 225, 211, 136, 211, 134, 1]
[1785280291] [NOISE_PROTOCOL_DEBUG] READ_MESSAGE_PATTERN - Processing pattern: SE
[1785280291] [NOISE_PROTOCOL_DEBUG] READ_MESSAGE_HASH_BEFORE_PATTERN - Hash before pattern: [189, 142, 225, 211, 136, 211, 134, 1]
[1785280291] [NOISE_PROTOCOL_DEBUG] READ_MESSAGE_SE - Performing DH(static, ephemeral)
[1785280291] [NOISE_PROTOCOL_DEBUG] CIPHER_ENCRYPT_SUCCESS - Encryption successful, ciphertext length: 61
[1785280291] [NOISE_PROTOCOL_DEBUG] CIPHER_ENCRYPT_TRANSPORT - Transport message with nonce prefix, total length: 65
[1785280291] [NOISE_PROTOCOL_DEBUG] CIPHER_DECRYPT - Decrypting with key, ciphertext length: 65
[1785280291] [NOISE_PROTOCOL_DEBUG] CIPHER_DECRYPT_SUCCESS - Decryption successful, plaintext length: 45
[1785280291] [NOISE_PROTOCOL_DEBUG] READ_MESSAGE_SE_DONE - DH(static, ephemeral) completed
[1785280291] [NOISE_PROTOCOL_DEBUG] READ_MESSAGE_HASH_AFTER_PATTERN - Hash after pattern SE: [189, 142, 225, 211, 136, 211, 134, 1]
[1785280291] [NOISE_PROTOCOL_DEBUG] READ_MESSAGE_PAYLOAD - Decrypting payload, length: 16
[1785280291] [NOISE_PROTOCOL_DEBUG] DECRYPT_AND_HASH - Decrypting with cipher key, ciphertext length: 16
[1785280291] [NOISE_PROTOCOL_DEBUG] DECRYPT_AND_HASH_HASH - Current hash length: 32
[1785280291] [NOISE_PROTOCOL_DEBUG] DECRYPT_AND_HASH_HASH_BYTES - Hash bytes: [189, 142, 225, 211, 136, 211, 134, 1]
[1785280291] [NOISE_PROTOCOL_DEBUG] CIPHER_DECRYPT - Decrypting with key, ciphertext length: 16
[1785280291] [NOISE_PROTOCOL_DEBUG] CIPHER_DECRYPT_SUCCESS - Decryption successful, plaintext length: 0
[1785280291] [NOISE_PROTOCOL_DEBUG] DECRYPT_AND_HASH_SUCCESS - Decryption successful, plaintext length: 0
[1785280291] [NOISE_PROTOCOL_DEBUG] DECRYPT_AND_HASH_HASH_MIXED - Hash mixed with ciphertext
[1785280291] [NOISE_PROTOCOL_DEBUG] READ_MESSAGE_PAYLOAD_SUCCESS - Payload decrypted successfully, length: 0
[1785280291] [NOISE_PROTOCOL_DEBUG] READ_MESSAGE_COMPLETE - Message read successfully, new pattern: 3/3
[1785280291] [NOISE_PROTOCOL_DEBUG] READ_MESSAGE_HASH_AFTER - Hash after read: [244, 251, 48, 152, 58, 182, 238, 65]
[1785280291] [NOISE_PROTOCOL_DEBUG] CIPHER_DECRYPT - Decrypting with key, ciphertext length: 62
[1785280291] [NOISE_PROTOCOL_DEBUG] CIPHER_DECRYPT_SUCCESS - Decryption successful, plaintext length: 42
[1785280291] [NOISE_PROTOCOL_DEBUG] CIPHER_ENCRYPT - Encrypting with key, plaintext length: 295
[1785280291] [NOISE_PROTOCOL_DEBUG] CIPHER_ENCRYPT_KEY - Key length: 32
[1785280291] [NOISE_PROTOCOL_DEBUG] CIPHER_ENCRYPT_NONCE - Current nonce: 1
[1785280291] [NOISE_PROTOCOL_DEBUG] CIPHER_ENCRYPT_ASSOCIATED_DATA - Associated data length: 0
[1785280291] [NOISE_PROTOCOL_DEBUG] CIPHER_ENCRYPT_SUCCESS - Encryption successful, ciphertext length: 311
[1785280291] [NOISE_PROTOCOL_DEBUG] CIPHER_ENCRYPT_TRANSPORT - Transport message with nonce prefix, total length: 315
[1785280291] [NOISE_PROTOCOL_DEBUG] CIPHER_ENCRYPT - Encrypting with key, plaintext length: 295
[1785280291] [NOISE_PROTOCOL_DEBUG] CIPHER_ENCRYPT_KEY - Key length: 32
[1785280291] [NOISE_PROTOCOL_DEBUG] CIPHER_ENCRYPT_NONCE - Current nonce: 2
[1785280291] [NOISE_PROTOCOL_DEBUG] CIPHER_ENCRYPT_ASSOCIATED_DATA - Associated data length: 0
[1785280291] [NOISE_PROTOCOL_DEBUG] CIPHER_ENCRYPT_SUCCESS - Encryption successful, ciphertext length: 311
[1785280291] [NOISE_PROTOCOL_DEBUG] CIPHER_ENCRYPT_TRANSPORT - Transport message with nonce prefix, total length: 315
[1785280291] [NOISE_PROTOCOL_DEBUG] CIPHER_ENCRYPT - Encrypting with key, plaintext length: 295
[1785280291] [NOISE_PROTOCOL_DEBUG] CIPHER_ENCRYPT_KEY - Key length: 32
[1785280291] [NOISE_PROTOCOL_DEBUG] CIPHER_ENCRYPT_NONCE - Current nonce: 3
[1785280291] [NOISE_PROTOCOL_DEBUG] CIPHER_ENCRYPT_ASSOCIATED_DATA - Associated data length: 0
[1785280291] [NOISE_PROTOCOL_DEBUG] CIPHER_ENCRYPT_SUCCESS - Encryption successful, ciphertext length: 311
[1785280291] [NOISE_PROTOCOL_DEBUG] CIPHER_ENCRYPT_TRANSPORT - Transport message with nonce prefix, total length: 315
[1785280291] [NOISE_PROTOCOL_DEBUG] CIPHER_ENCRYPT - Encrypting with key, plaintext length: 275
[1785280291] [NOISE_PROTOCOL_DEBUG] CIPHER_ENCRYPT_KEY - Key length: 32
[1785280291] [NOISE_PROTOCOL_DEBUG] CIPHER_ENCRYPT_NONCE - Current nonce: 4
[1785280291] [NOISE_PROTOCOL_DEBUG] CIPHER_ENCRYPT_ASSOCIATED_DATA - Associated data length: 0
[1785280291] [NOISE_PROTOCOL_DEBUG] CIPHER_ENCRYPT_SUCCESS - Encryption successful, ciphertext length: 291
[1785280291] [NOISE_PROTOCOL_DEBUG] CIPHER_ENCRYPT_TRANSPORT - Transport message with nonce prefix, total length: 295
[1785280291] [NOISE_PROTOCOL_DEBUG] CIPHER_DECRYPT - Decrypting with key, ciphertext length: 315
[1785280291] [NOISE_PROTOCOL_DEBUG] CIPHER_DECRYPT_SUCCESS - Decryption successful, plaintext length: 295
[1785280291] [NOISE_PROTOCOL_DEBUG] CIPHER_DECRYPT - Decrypting with key, ciphertext length: 315
[1785280291] [NOISE_PROTOCOL_DEBUG] CIPHER_DECRYPT_SUCCESS - Decryption successful, plaintext length: 295
[1785280291] [NOISE_PROTOCOL_DEBUG] CIPHER_DECRYPT - Decrypting with key, ciphertext length: 315
[1785280291] [NOISE_PROTOCOL_DEBUG] CIPHER_DECRYPT_SUCCESS - Decryption successful, plaintext length: 295
[1785280291] [NOISE_PROTOCOL_DEBUG] CIPHER_DECRYPT - Decrypting with key, ciphertext length: 295
[1785280291] [NOISE_PROTOCOL_DEBUG] CIPHER_DECRYPT_SUCCESS - Decryption successful, plaintext length: 275
[1785281334] [NOISE_PROTOCOL_DEBUG] HANDSHAKE_INIT - Protocol name: Noise_XX_25519_ChaChaPoly_SHA256
[1785281334] [NOISE_PROTOCOL_DEBUG] HANDSHAKE_INIT - Protocol name: Noise_XX_25519_ChaChaPoly_SHA256
[1785281334] [NOISE_PROTOCOL_DEBUG] HANDSHAKE_INIT - Initial hash: [78, 111, 105, 115, 101, 95, 88, 88]
[1785281334] [NOISE_PROTOCOL_DEBUG] HANDSHAKE_INIT - Protocol name: Noise_XX_25519_ChaChaPoly_SHA256
[1785281334] [NOISE_PROTOCOL_DEBUG] HANDSHAKE_INIT - Initial hash: [78, 111, 105, 115, 101, 95, 88, 88]
[1785281334] [NOISE_PROTOCOL_DEBUG] HANDSHAKE_INIT - Initial chaining key: [78, 111, 105, 115, 101, 95, 88, 88]
[1785281334] [NOISE_PROTOCOL_DEBUG] HANDSHAKE_INIT - Initial chaining key: [78, 111, 105, 115, 101, 95, 88, 88]
[1785281334] [NOISE_PROTOCOL_DEBUG] HANDSHAKE_INIT - Initial hash: [78, 111, 105, 115, 101, 95, 88, 88]
[1785281334] [NOISE_PROTOCOL_DEBUG] HANDSHAKE_INIT - Initial chaining key: [78, 111, 105, 115, 101, 95, 88, 88]
[1785281334] [NOISE_PROTOCOL_DEBUG] WRITE_MESSAGE_START - Pattern: XX, Current: 0/3
[1785281334] [NOISE_PROTOCOL_DEBUG] WRITE_MESSAGE_PATTERNS - Processing patterns: [E]
[1785281334] [NOISE_PROTOCOL_DEBUG] WRITE_MESSAGE_PATTERN - Processing pattern: E
[1785281334] [NOISE_PROTOCOL_DEBUG] WRITE_MESSAGE_START - Pattern: XX, Current: 0/3
[1785281334] [NOISE_PROTOCOL_DEBUG] WRITE_MESSAGE_START - Pattern: XX, Current: 0/3
[1785281334] [NOISE_PROTOCOL_DEBUG] WRITE_MESSAGE_E - Generating ephemeral key
[1785281334] [NOISE_PROTOCOL_DEBUG] WRITE_MESSAGE_PATTERNS - Processing patterns: [E]
[1785281334] [NOISE_PROTOCOL_DEBUG] HANDSHAKE_INIT - Protocol name: Noise_XX_25519_ChaChaPoly_SHA256
[1785281334] [NOISE_PROTOCOL_DEBUG] WRITE_MESSAGE_PATTERNS - Processing patterns: [E]
[1785281334] [NOISE_PROTOCOL_DEBUG] WRITE_MESSAGE_PATTERN - Processing pattern: E
[1785281334] [NOISE_PROTOCOL_DEBUG] HANDSHAKE_INIT - Initial hash: [78, 111, 105, 115, 101, 95, 88, 88]
[1785281334] [NOISE_PROTOCOL_DEBUG] WRITE_MESSAGE_E - Generating ephemeral key
[1785281334] [NOISE_PROTOCOL_DEBUG] WRITE_MESSAGE_PATTERN - Processing pattern: E
[1785281334] [NOISE_PROTOCOL_DEBUG] HANDSHAKE_INIT - Initial chaining key: [78, 111, 105, 115, 101, 95, 88, 88]
[1785281334] [NOISE_PROTOCOL_DEBUG] WRITE_MESSAGE_E - Generating ephemeral key
[1785281334] [NOISE_PROTOCOL_DEBUG] HANDSHAKE_INIT - Protocol name: Noise_XX_25519_ChaChaPoly_SHA256
[1785281334] [NOISE_PROTOCOL_DEBUG] HANDSHAKE_INIT - Initial hash: [78, 111, 105, 115, 101, 95, 88, 88]
[1785281334] [NOISE_PROTOCOL_DEBUG] HANDSHAKE_INIT - Initial chaining key: [78, 111, 105, 115, 101, 95, 88, 88]
[1785281334] [NOISE_PROTOCOL_DEBUG] WRITE_MESSAGE_E_DONE - Ephemeral key generated, buffer size: 32
[1785281334] [NOISE_PROTOCOL_DEBUG] WRITE_MESSAGE_ENCRYPT - Encrypting payload of 0 bytes
[1785281334] [NOISE_PROTOCOL_DEBUG] WRITE_MESSAGE_START - Pattern: XX, Current: 0/3
[1785281334] [NOISE_PROTOCOL_DEBUG] WRITE_MESSAGE_ENCRYPT_DONE - Payload encrypted, total buffer size: 32
[1785281334] [NOISE_PROTOCOL_DEBUG] WRITE_MESSAGE_E_DONE - Ephemeral key generated, buffer size: 32
[1785281334] [NOISE_PROTOCOL_DEBUG] WRITE_MESSAGE_PATTERNS - Processing patterns: [E]
[1785281334] [NOISE_PROTOCOL_DEBUG] WRITE_MESSAGE_COMPLETE - Message written, pattern 0 complete
[1785281334] [NOISE_PROTOCOL_DEBUG] WRITE_MESSAGE_ENCRYPT - Encrypting payload of 0 bytes
[1785281334] [NOISE_PROTOCOL_DEBUG] WRITE_MESSAGE_PATTERN - Processing pattern: E
[1785281334] [NOISE_PROTOCOL_DEBUG] WRITE_MESSAGE_E - Generating ephemeral key
[1785281334] [NOISE_PROTOCOL_DEBUG] WRITE_MESSAGE_ENCRYPT_DONE - Payload encrypted, total buffer size: 32
[1785281334] [NOISE_PROTOCOL_DEBUG] WRITE_MESSAGE_E_DONE - Ephemeral key generated, buffer size: 32
[1785281334] [NOISE_PROTOCOL_DEBUG] WRITE_MESSAGE_COMPLETE - Message written, pattern 0 complete
[1785281334] [NOISE_PROTOCOL_DEBUG] HANDSHAKE_INIT - Protocol name: Noise_XX_25519_ChaChaPoly_SHA256
[1785281334] [NOISE_PROTOCOL_DEBUG] WRITE_MESSAGE_ENCRYPT - Encrypting payload of 0 bytes
[1785281334] [NOISE_PROTOCOL_DEBUG] HANDSHAKE_INIT - Initial hash: [78, 111, 105, 115, 101, 95, 88, 88]
[1785281334] [NOISE_PROTOCOL_DEBUG] HANDSHAKE_INIT - Initial chaining key: [78, 111, 105, 115, 101, 95, 88, 88]
[1785281334] [NOISE_PROTOCOL_DEBUG] WRITE_MESSAGE_ENCRYPT_DONE - Payload encrypted, total buffer size: 32
[1785281334] [NOISE_PROTOCOL_DEBUG] WRITE_MESSAGE_START - Pattern: XX, Current: 0/3
[1785281334] [NOISE_PROTOCOL_DEBUG] HANDSHAKE_INIT - Protocol name: Noise_XX_25519_ChaChaPoly_SHA256
[1785281334] [NOISE_PROTOCOL_DEBUG] WRITE_MESSAGE_COMPLETE - Message written, pattern 0 complete
[1785281334] [NOISE_PROTOCOL_DEBUG] WRITE_MESSAGE_PATTERNS - Processing patterns: [E]
[1785281334] [NOISE_PROTOCOL_DEBUG] HANDSHAKE_INIT - Initial hash: [78, 111, 105, 115, 101, 95, 88, 88]
[1785281334] [NOISE_PROTOCOL_DEBUG] WRITE_MESSAGE_PATTERN - Processing pattern: E
[1785281334] [NOISE_PROTOCOL_DEBUG] HANDSHAKE_INIT - Initial chaining key: [78, 111, 105, 115, 101, 95, 88, 88]
[1785281334] [NOISE_PROTOCOL_DEBUG] WRITE_MESSAGE_E - Generating ephemeral key
[1785281334] [NOISE_PROTOCOL_DEBUG] HANDSHAKE_INIT - Protocol name: Noise_XX_25519_ChaChaPoly_SHA256
[1785281334] [NOISE_PROTOCOL_DEBUG] HANDSHAKE_INIT - Initial hash: [78, 111, 105, 115, 101, 95, 88, 88]
[1785281334] [NOISE_PROTOCOL_DEBUG] HANDSHAKE_INIT - Initial chaining key: [78, 111, 105, 115, 101, 95, 88, 88]
[1785281334] [NOISE_PROTOCOL_DEBUG] READ_MESSAGE_START - Pattern: XX, Current: 0/3
[1785281334] [NOISE_PROTOCOL_DEBUG] READ_MESSAGE_HASH_BEFORE - Hash before read: [243, 209, 94, 97, 8, 237, 149, 86]
[1785281334] [NOISE_PROTOCOL_DEBUG] READ_MESSAGE_PATTERNS - Processing patterns: [E]
[1785281334] [NOISE_PROTOCOL_DEBUG] WRITE_MESSAGE_E_DONE - Ephemeral key generated, buffer size: 32
[1785281334] [NOISE_PROTOCOL_DEBUG] READ_MESSAGE_PATTERN - Processing pattern: E
[1785281334] [NOISE_PROTOCOL_DEBUG] WRITE_MESSAGE_ENCRYPT - Encrypting payload of 0 bytes
[1785281334] [NOISE_PROTOCOL_DEBUG] READ_MESSAGE_START - Pattern: XX, Current: 0/3
[1785281334] [NOISE_PROTOCOL_DEBUG] READ_MESSAGE_HASH_BEFORE_PATTERN - Hash before pattern: [243, 209, 94, 97, 8, 237, 149, 86]
[1785281334] [NOISE_PROTOCOL_DEBUG] READ_MESSAGE_E - Reading ephemeral key
[1785281334] [NOISE_PROTOCOL_DEBUG] READ_MESSAGE_HASH_BEFORE - Hash before read: [243, 209, 94, 97, 8, 237, 149, 86]
[1785281334] [NOISE_PROTOCOL_DEBUG] WRITE_MESSAGE_ENCRYPT_DONE - Payload encrypted, total buffer size: 32
[1785281334] [NOISE_PROTOCOL_DEBUG] READ_MESSAGE_E_BYTES - Ephemeral key bytes: [113, 195, 96, 148, 76, 199, 116, 135]
[1785281334] [NOISE_PROTOCOL_DEBUG] READ_MESSAGE_PATTERNS - Processing patterns: [E]
[1785281334] [NOISE_PROTOCOL_DEBUG] WRITE_MESSAGE_COMPLETE - Message written, pattern 0 complete
[1785281334] [NOISE_PROTOCOL_DEBUG] READ_MESSAGE_PATTERN - Processing pattern: E
[1785281334] [NOISE_PROTOCOL_DEBUG] READ_MESSAGE_E_DONE - Ephemeral key read, offset: 32
[1785281334] [NOISE_PROTOCOL_DEBUG] READ_MESSAGE_HASH_BEFORE_PATTERN - Hash before pattern: [243, 209, 94, 97, 8, 237, 149, 86]
[1785281334] [NOISE_PROTOCOL_DEBUG] READ_MESSAGE_E - Reading ephemeral key
[1785281334] [NOISE_PROTOCOL_DEBUG] READ_MESSAGE_HASH_AFTER_PATTERN - Hash after pattern E: [148, 140, 59, 25, 79, 109, 216, 232]
[1785281334] [NOISE_PROTOCOL_DEBUG] READ_MESSAGE_PAYLOAD - Decrypting payload, length: 0
[1785281334] [NOISE_PROTOCOL_DEBUG] READ_MESSAGE_E_BYTES - Ephemeral key bytes: [170, 53, 247, 4, 252, 226, 196, 232]
[1785281334] [NOISE_PROTOCOL_DEBUG] HANDSHAKE_INIT - Protocol name: Noise_XX_25519_ChaChaPoly_SHA256
[1785281334] [NOISE_PROTOCOL_DEBUG] DECRYPT_AND_HASH - No cipher key, treating as plaintext, length: 0
[1785281334] [NOISE_PROTOCOL_DEBUG] WRITE_MESSAGE_E_DONE - Ephemeral key generated, buffer size: 32
[1785281334] [NOISE_PROTOCOL_DEBUG] HANDSHAKE_INIT - Initial hash: [78, 111, 105, 115, 101, 95, 88, 88]
[1785281334] [NOISE_PROTOCOL_DEBUG] READ_MESSAGE_START - Pattern: XX, Current: 0/3
[1785281334] [NOISE_PROTOCOL_DEBUG] READ_MESSAGE_E_DONE - Ephemeral key read, offset: 32
[1785281334] [NOISE_PROTOCOL_DEBUG] DECRYPT_AND_HASH_PLAINTEXT - Hash mixed with plaintext
[1785281334] [NOISE_PROTOCOL_DEBUG] WRITE_MESSAGE_ENCRYPT - Encrypting payload of 0 bytes
[1785281334] [NOISE_PROTOCOL_DEBUG] HANDSHAKE_INIT - Initial chaining key: [78, 111, 105, 115, 101, 95, 88, 88]
[1785281334] [NOISE_PROTOCOL_DEBUG] READ_MESSAGE_HASH_BEFORE - Hash before read: [243, 209, 94, 97, 8, 237, 149, 86]
[1785281334] [NOISE_PROTOCOL_DEBUG] READ_MESSAGE_PAYLOAD_SUCCESS - Payload decrypted successfully, length: 0
[1785281334] [NOISE_PROTOCOL_DEBUG] READ_MESSAGE_HASH_AFTER_PATTERN - Hash after pattern E: [208, 252, 12, 193, 105, 167, 193, 236]
[1785281334] [NOISE_PROTOCOL_DEBUG] WRITE_MESSAGE_ENCRYPT_DONE - Payload encrypted, total buffer size: 32
[1785281334] [NOISE_PROTOCOL_DEBUG] READ_MESSAGE_PATTERNS - Processing patterns: [E]
[1785281334] [NOISE_PROTOCOL_DEBUG] READ_MESSAGE_COMPLETE - Message read successfully, new pattern: 1/3
[1785281334] [NOISE_PROTOCOL_DEBUG] READ_MESSAGE_PAYLOAD - Decrypting payload, length: 0
[1785281334] [NOISE_PROTOCOL_DEBUG] WRITE_MESSAGE_COMPLETE - Message written, pattern 0 complete
[1785281334] [NOISE_PROTOCOL_DEBUG] READ_MESSAGE_PATTERN - Processing pattern: E
[1785281334] [NOISE_PROTOCOL_DEBUG] READ_MESSAGE_HASH_AFTER - Hash after read: [52, 245, 63, 170, 25, 113, 159, 158]
[1785281334] [NOISE_PROTOCOL_DEBUG] DECRYPT_AND_HASH - No cipher key, treating as plaintext, length: 0
[1785281334] [NOISE_PROTOCOL_DEBUG] READ_MESSAGE_HASH_BEFORE_PATTERN - Hash before pattern: [243, 209, 94, 97, 8, 237, 149, 86]
[1785281334] [NOISE_PROTOCOL_DEBUG] WRITE_MESSAGE_START - Pattern: XX, Current: 1/3
[1785281334] [NOISE_PROTOCOL_DEBUG] DECRYPT_AND_HASH_PLAINTEXT - Hash mixed with plaintext
[1785281334] [NOISE_PROTOCOL_DEBUG] READ_MESSAGE_E - Reading ephemeral key
[1785281334] [NOISE_PROTOCOL_DEBUG] READ_MESSAGE_PAYLOAD_SUCCESS - Payload decrypted successfully, length: 0
[1785281334] [NOISE_PROTOCOL_DEBUG] WRITE_MESSAGE_PATTERNS - Processing patterns: [E, EE, S, ES]
[1785281334] [NOISE_PROTOCOL_DEBUG] READ_MESSAGE_E_BYTES - Ephemeral key bytes: [100, 139, 160, 195, 154, 225, 25, 56]
[1785281334] [NOISE_PROTOCOL_DEBUG] HANDSHAKE_INIT - Protocol name: Noise_XX_25519_ChaChaPoly_SHA256
[1785281334] [NOISE_PROTOCOL_DEBUG] READ_MESSAGE_COMPLETE - Message read successfully, new pattern: 1/3
[1785281334] [NOISE_PROTOCOL_DEBUG] WRITE_MESSAGE_PATTERN - Processing pattern: E
[1785281334] [NOISE_PROTOCOL_DEBUG] HANDSHAKE_INIT - Initial hash: [78, 111, 105, 115, 101, 95, 88, 88]
[1785281334] [NOISE_PROTOCOL_DEBUG] READ_MESSAGE_HASH_AFTER - Hash after read: [124, 236, 241, 193, 155, 120, 91, 181]
[1785281334] [NOISE_PROTOCOL_DEBUG] WRITE_MESSAGE_E - Generating ephemeral key
[1785281334] [NOISE_PROTOCOL_DEBUG] READ_MESSAGE_E_DONE - Ephemeral key read, offset: 32
[1785281334] [NOISE_PROTOCOL_DEBUG] WRITE_MESSAGE_START - Pattern: XX, Current: 1/3
[1785281334] [NOISE_PROTOCOL_DEBUG] HANDSHAKE_INIT - Initial chaining key: [78, 111, 105, 115, 101, 95, 88, 88]
[1785281334] [NOISE_PROTOCOL_DEBUG] READ_MESSAGE_HASH_AFTER_PATTERN - Hash after pattern E: [101, 240, 165, 78, 8, 252, 243, 54]
[1785281334] [NOISE_PROTOCOL_DEBUG] WRITE_MESSAGE_PATTERNS - Processing patterns: [E, EE, S, ES]
[1785281334] [NOISE_PROTOCOL_DEBUG] READ_MESSAGE_PAYLOAD - Decrypting payload, length: 0
[1785281334] [NOISE_PROTOCOL_DEBUG] WRITE_MESSAGE_PATTERN - Processing pattern: E
[1785281334] [NOISE_PROTOCOL_DEBUG] DECRYPT_AND_HASH - No cipher key, treating as plaintext, length: 0
[1785281334] [NOISE_PROTOCOL_DEBUG] READ_MESSAGE_START - Pattern: XX, Current: 0/3
[1785281334] [NOISE_PROTOCOL_DEBUG] WRITE_MESSAGE_E - Generating ephemeral key
[1785281334] [NOISE_PROTOCOL_DEBUG] READ_MESSAGE_HASH_BEFORE - Hash before read: [243, 209, 94, 97, 8, 237, 149, 86]
[1785281334] [NOISE_PROTOCOL_DEBUG] DECRYPT_AND_HASH_PLAINTEXT - Hash mixed with plaintext
[1785281334] [NOISE_PROTOCOL_DEBUG] READ_MESSAGE_PATTERNS - Processing patterns: [E]
[1785281334] [NOISE_PROTOCOL_DEBUG] READ_MESSAGE_PAYLOAD_SUCCESS - Payload decrypted successfully, length: 0
[1785281334] [NOISE_PROTOCOL_DEBUG] READ_MESSAGE_PATTERN - Processing pattern: E
[1785281334] [NOISE_PROTOCOL_DEBUG] READ_MESSAGE_COMPLETE - Message read successfully, new pattern: 1/3
[1785281334] [NOISE_PROTOCOL_DEBUG] READ_MESSAGE_HASH_BEFORE_PATTERN - Hash before pattern: [243, 209, 94, 97, 8, 237, 149, 86]
[1785281334] [NOISE_PROTOCOL_DEBUG] READ_MESSAGE_HASH_AFTER - Hash after read: [134, 58, 98, 242, 149, 197, 48, 160]
[1785281334] [NOISE_PROTOCOL_DEBUG] READ_MESSAGE_E - Reading ephemeral key
[1785281334] [NOISE_PROTOCOL_DEBUG] WRITE_MESSAGE_START - Pattern: XX, Current: 1/3
[1785281334] [NOISE_PROTOCOL_DEBUG] READ_MESSAGE_E_BYTES - Ephemeral key bytes: [119, 94, 142, 48, 83, 254, 251, 96]
[1785281334] [NOISE_PROTOCOL_DEBUG] WRITE_MESSAGE_PATTERNS - Processing patterns: [E, EE, S, ES]
[1785281334] [NOISE_PROTOCOL_DEBUG] WRITE_MESSAGE_PATTERN - Processing pattern: E
[1785281334] [NOISE_PROTOCOL_DEBUG] READ_MESSAGE_E_DONE - Ephemeral key read, offset: 32
[1785281334] [NOISE_PROTOCOL_DEBUG] WRITE_MESSAGE_E_DONE - Ephemeral key generated, buffer size: 32
[1785281334] [NOISE_PROTOCOL_DEBUG] WRITE_MESSAGE_E - Generating ephemeral key
[1785281334] [NOISE_PROTOCOL_DEBUG] WRITE_MESSAGE_PATTERN - Processing pattern: EE
[1785281334] [NOISE_PROTOCOL_DEBUG] READ_MESSAGE_HASH_AFTER_PATTERN - Hash after pattern E: [75, 208, 51, 114, 104, 82, 195, 43]
[1785281334] [NOISE_PROTOCOL_DEBUG] WRITE_MESSAGE_EE - Performing DH(ephemeral, ephemeral)
[1785281334] [NOISE_PROTOCOL_DEBUG] READ_MESSAGE_PAYLOAD - Decrypting payload, length: 0
[1785281334] [NOISE_PROTOCOL_DEBUG] DECRYPT_AND_HASH - No cipher key, treating as plaintext, length: 0
[1785281334] [NOISE_PROTOCOL_DEBUG] READ_MESSAGE_START - Pattern: XX, Current: 0/3
[1785281334] [NOISE_PROTOCOL_DEBUG] READ_MESSAGE_HASH_BEFORE - Hash before read: [243, 209, 94, 97, 8, 237, 149, 86]
[1785281334] [NOISE_PROTOCOL_DEBUG] DECRYPT_AND_HASH_PLAINTEXT - Hash mixed with plaintext
[1785281334] [NOISE_PROTOCOL_DEBUG] READ_MESSAGE_PATTERNS - Processing patterns: [E]
[1785281334] [NOISE_PROTOCOL_DEBUG] READ_MESSAGE_PAYLOAD_SUCCESS - Payload decrypted successfully, length: 0
[1785281334] [NOISE_PROTOCOL_DEBUG] READ_MESSAGE_PATTERN - Processing pattern: E
[1785281334] [NOISE_PROTOCOL_DEBUG] READ_MESSAGE_COMPLETE - Message read successfully, new pattern: 1/3
[1785281334] [NOISE_PROTOCOL_DEBUG] READ_MESSAGE_HASH_BEFORE_PATTERN - Hash before pattern: [243, 209, 94, 97, 8, 237, 149, 86]
[1785281334] [NOISE_PROTOCOL_DEBUG] READ_MESSAGE_HASH_AFTER - Hash after read: [111, 173, 146, 58, 102, 247, 75, 34]
[1785281334] [NOISE_PROTOCOL_DEBUG] READ_MESSAGE_E - Reading ephemeral key
[1785281334] [NOISE_PROTOCOL_DEBUG] WRITE_MESSAGE_START - Pattern: XX, Current: 1/3
[1785281334] [NOISE_PROTOCOL_DEBUG] READ_MESSAGE_E_BYTES - Ephemeral key bytes: [83, 139, 122, 73, 205, 154, 125, 108]
[1785281334] [NOISE_PROTOCOL_DEBUG] WRITE_MESSAGE_PATTERNS - Processing patterns: [E, EE, S, ES]
[1785281334] [NOISE_PROTOCOL_DEBUG] WRITE_MESSAGE_E_DONE - Ephemeral key generated, buffer size: 32
[1785281334] [NOISE_PROTOCOL_DEBUG] WRITE_MESSAGE_PATTERN - Processing pattern: E
[1785281334] [NOISE_PROTOCOL_DEBUG] WRITE_MESSAGE_PATTERN - Processing pattern: EE
[1785281334] [NOISE_PROTOCOL_DEBUG] READ_MESSAGE_E_DONE - Ephemeral key read, offset: 32
[1785281334] [NOISE_PROTOCOL_DEBUG] WRITE_MESSAGE_E - Generating ephemeral key
[1785281334] [NOISE_PROTOCOL_DEBUG] WRITE_MESSAGE_EE - Performing DH(ephemeral, ephemeral)
[1785281334] [NOISE_PROTOCOL_DEBUG] READ_MESSAGE_HASH_AFTER_PATTERN - Hash after pattern E: [198, 221, 171, 81, 34, 91, 20, 242]
[1785281334] [NOISE_PROTOCOL_DEBUG] READ_MESSAGE_PAYLOAD - Decrypting payload, length: 0
[1785281334] [NOISE_PROTOCOL_DEBUG] DECRYPT_AND_HASH - No cipher key, treating as plaintext, length: 0
[1785281334] [NOISE_PROTOCOL_DEBUG] WRITE_MESSAGE_E_DONE - Ephemeral key generated, buffer size: 32
[1785281334] [NOISE_PROTOCOL_DEBUG] DECRYPT_AND_HASH_PLAINTEXT - Hash mixed with plaintext
[1785281334] [NOISE_PROTOCOL_DEBUG] WRITE_MESSAGE_PATTERN - Processing pattern: EE
[1785281334] [NOISE_PROTOCOL_DEBUG] READ_MESSAGE_PAYLOAD_SUCCESS - Payload decrypted successfully, length: 0
[1785281334] [NOISE_PROTOCOL_DEBUG] WRITE_MESSAGE_EE - Performing DH(ephemeral, ephemeral)
[1785281334] [NOISE_PROTOCOL_DEBUG] READ_MESSAGE_COMPLETE - Message read successfully, new pattern: 1/3
[1785281334] [NOISE_PROTOCOL_DEBUG] READ_MESSAGE_HASH_AFTER - Hash after read: [246, 209, 219, 70, 111, 3, 0, 238]
[1785281334] [NOISE_PROTOCOL_DEBUG] WRITE_MESSAGE_START - Pattern: XX, Current: 1/3
[1785281334] [NOISE_PROTOCOL_DEBUG] WRITE_MESSAGE_PATTERNS - Processing patterns: [E, EE, S, ES]
[1785281334] [NOISE_PROTOCOL_DEBUG] WRITE_MESSAGE_PATTERN - Processing pattern: E
[1785281334] [NOISE_PROTOCOL_DEBUG] WRITE_MESSAGE_E - Generating ephemeral key
[1785281334] [NOISE_PROTOCOL_DEBUG] WRITE_MESSAGE_E_DONE - Ephemeral key generated, buffer size: 32
[1785281334] [NOISE_PROTOCOL_DEBUG] WRITE_MESSAGE_PATTERN - Processing pattern: EE
[1785281334] [NOISE_PROTOCOL_DEBUG] WRITE_MESSAGE_EE - Performing DH(ephemeral, ephemeral)
[1785281334] [NOISE_PROTOCOL_DEBUG] WRITE_MESSAGE_E_DONE - Ephemeral key generated, buffer size: 32
[1785281334] [NOISE_PROTOCOL_DEBUG] WRITE_MESSAGE_EE_DONE - DH(ephemeral, ephemeral) completed
[1785281334] [NOISE_PROTOCOL_DEBUG] WRITE_MESSAGE_PATTERN - Processing pattern: EE
[1785281334] [NOISE_PROTOCOL_DEBUG] WRITE_MESSAGE_PATTERN - Processing pattern: S
[1785281334] [NOISE_PROTOCOL_DEBUG] WRITE_MESSAGE_EE - Performing DH(ephemeral, ephemeral)
[1785281334] [NOISE_PROTOCOL_DEBUG] WRITE_MESSAGE_S - Sending static key
[1785281334] [NOISE_PROTOCOL_DEBUG] CIPHER_ENCRYPT - Encrypting with key, plaintext length: 32
[1785281334] [NOISE_PROTOCOL_DEBUG] CIPHER_ENCRYPT_KEY - Key length: 32
[1785281334] [NOISE_PROTOCOL_DEBUG] CIPHER_ENCRYPT_NONCE - Current nonce: 0
[1785281334] [NOISE_PROTOCOL_DEBUG] CIPHER_ENCRYPT_ASSOCIATED_DATA - Associated data length: 32
[1785281334] [NOISE_PROTOCOL_DEBUG] WRITE_MESSAGE_EE_DONE - DH(ephemeral, ephemeral) completed
[1785281334] [NOISE_PROTOCOL_DEBUG] WRITE_MESSAGE_PATTERN - Processing pattern: S
[1785281334] [NOISE_PROTOCOL_DEBUG] WRITE_MESSAGE_S - Sending static key
[1785281334] [NOISE_PROTOCOL_DEBUG] CIPHER_ENCRYPT - Encrypting with key, plaintext length: 32
[1785281334] [NOISE_PROTOCOL_DEBUG] CIPHER_ENCRYPT_KEY - Key length: 32
[1785281334] [NOISE_PROTOCOL_DEBUG] CIPHER_ENCRYPT_NONCE - Current nonce: 0
[1785281334] [NOISE_PROTOCOL_DEBUG] CIPHER_ENCRYPT_ASSOCIATED_DATA - Associated data length: 32
[1785281334] [NOISE_PROTOCOL_DEBUG] WRITE_MESSAGE_EE_DONE - DH(ephemeral, ephemeral) completed
[1785281334] [NOISE_PROTOCOL_DEBUG] WRITE_MESSAGE_PATTERN - Processing pattern: S
[1785281334] [NOISE_PROTOCOL_DEBUG] WRITE_MESSAGE_S - Sending static key
[1785281334] [NOISE_PROTOCOL_DEBUG] CIPHER_ENCRYPT_SUCCESS - Encryption successful, ciphertext length: 48
[1785281334] [NOISE_PROTOCOL_DEBUG] CIPHER_ENCRYPT - Encrypting with key, plaintext length: 32
[1785281334] [NOISE_PROTOCOL_DEBUG] CIPHER_ENCRYPT_KEY - Key length: 32
[1785281334] [NOISE_PROTOCOL_DEBUG] WRITE_MESSAGE_S_DONE - Static key encrypted and sent, buffer size: 80
[1785281334] [NOISE_PROTOCOL_DEBUG] CIPHER_ENCRYPT_NONCE - Current nonce: 0
[1785281334] [NOISE_PROTOCOL_DEBUG] WRITE_MESSAGE_PATTERN - Processing pattern: ES
[1785281334] [NOISE_PROTOCOL_DEBUG] CIPHER_ENCRYPT_ASSOCIATED_DATA - Associated data length: 32
[1785281334] [NOISE_PROTOCOL_DEBUG] WRITE_MESSAGE_ES - Performing DH(ephemeral, static), role: Responder
[1785281334] [NOISE_PROTOCOL_DEBUG] CIPHER_ENCRYPT_SUCCESS - Encryption successful, ciphertext length: 48
[1785281334] [NOISE_PROTOCOL_DEBUG] WRITE_MESSAGE_EE_DONE - DH(ephemeral, ephemeral) completed
[1785281334] [NOISE_PROTOCOL_DEBUG] WRITE_MESSAGE_PATTERN - Processing pattern: S
[1785281334] [NOISE_PROTOCOL_DEBUG] WRITE_MESSAGE_S_DONE - Static key encrypted and sent, buffer size: 80
[1785281334] [NOISE_PROTOCOL_DEBUG] WRITE_MESSAGE_S - Sending static key
[1785281334] [NOISE_PROTOCOL_DEBUG] WRITE_MESSAGE_PATTERN - Processing pattern: ES
[1785281334] [NOISE_PROTOCOL_DEBUG] CIPHER_ENCRYPT - Encrypting with key, plaintext length: 32
[1785281334] [NOISE_PROTOCOL_DEBUG] WRITE_MESSAGE_ES - Performing DH(ephemeral, static), role: Responder
[1785281334] [NOISE_PROTOCOL_DEBUG] CIPHER_ENCRYPT_KEY - Key length: 32
[1785281334] [NOISE_PROTOCOL_DEBUG] CIPHER_ENCRYPT_NONCE - Current nonce: 0
[1785281334] [NOISE_PROTOCOL_DEBUG] CIPHER_ENCRYPT_ASSOCIATED_DATA - Associated data length: 32
[1785281334] [NOISE_PROTOCOL_DEBUG] CIPHER_ENCRYPT_SUCCESS - Encryption successful, ciphertext length: 48
[1785281334] [NOISE_PROTOCOL_DEBUG] WRITE_MESSAGE_S_DONE - Static key encrypted and sent, buffer size: 80
[1785281334] [NOISE_PROTOCOL_DEBUG] WRITE_MESSAGE_EE_DONE - DH(ephemeral, ephemeral) completed
[1785281334] [NOISE_PROTOCOL_DEBUG] WRITE_MESSAGE_PATTERN - Processing pattern: ES
[1785281334] [NOISE_PROTOCOL_DEBUG] WRITE_MESSAGE_PATTERN - Processing pattern: S
[1785281334] [NOISE_PROTOCOL_DEBUG] WRITE_MESSAGE_ES - Performing DH(ephemeral, static), role: Responder
[1785281334] [NOISE_PROTOCOL_DEBUG] WRITE_MESSAGE_S - Sending static key
[1785281334] [NOISE_PROTOCOL_DEBUG] CIPHER_ENCRYPT - Encrypting with key, plaintext length: 32
[1785281334] [NOISE_PROTOCOL_DEBUG] CIPHER_ENCRYPT_KEY - Key length: 32
[1785281334] [NOISE_PROTOCOL_DEBUG] CIPHER_ENCRYPT_SUCCESS - Encryption successful, ciphertext length: 48
[1785281334] [NOISE_PROTOCOL_DEBUG] CIPHER_ENCRYPT_NONCE - Current nonce: 0
[1785281334] [NOISE_PROTOCOL_DEBUG] CIPHER_ENCRYPT_ASSOCIATED_DATA - Associated data length: 32
[1785281334] [NOISE_PROTOCOL_DEBUG] WRITE_MESSAGE_S_DONE - Static key encrypted and sent, buffer size: 80
[1785281334] [NOISE_PROTOCOL_DEBUG] WRITE_MESSAGE_PATTERN - Processing pattern: ES
[1785281334] [NOISE_PROTOCOL_DEBUG] WRITE_MESSAGE_ES - Performing DH(ephemeral, static), role: Responder
[1785281334] [NOISE_PROTOCOL_DEBUG] CIPHER_ENCRYPT_SUCCESS - Encryption successful, ciphertext length: 48
[1785281334] [NOISE_PROTOCOL_DEBUG] WRITE_MESSAGE_S_DONE - Static key encrypted and sent, buffer size: 80
[1785281334] [NOISE_PROTOCOL_DEBUG] WRITE_MESSAGE_PATTERN - Processing pattern: ES
[1785281334] [NOISE_PROTOCOL_DEBUG] WRITE_MESSAGE_ES - Performing DH(ephemeral, static), role: Responder
[1785281334] [NOISE_PROTOCOL_DEBUG] WRITE_MESSAGE_ES_DONE - DH(ephemeral, static) completed for responder
[1785281334] [NOISE_PROTOCOL_DEBUG] WRITE_MESSAGE_ENCRYPT - Encrypting payload of 0 bytes
[1785281334] [NOISE_PROTOCOL_DEBUG] CIPHER_ENCRYPT - Encrypting with key, plaintext length: 0
[1785281334] [NOISE_PROTOCOL_DEBUG] CIPHER_ENCRYPT_KEY - Key length: 32
[1785281334] [NOISE_PROTOCOL_DEBUG] CIPHER_ENCRYPT_NONCE - Current nonce: 0
[1785281334] [NOISE_PROTOCOL_DEBUG] CIPHER_ENCRYPT_ASSOCIATED_DATA - Associated data length: 32
[1785281334] [NOISE_PROTOCOL_DEBUG] WRITE_MESSAGE_ES_DONE - DH(ephemeral, static) completed for responder
[1785281334] [NOISE_PROTOCOL_DEBUG] WRITE_MESSAGE_ENCRYPT - Encrypting payload of 0 bytes
[1785281334] [NOISE_PROTOCOL_DEBUG] CIPHER_ENCRYPT - Encrypting with key, plaintext length: 0
[1785281334] [NOISE_PROTOCOL_DEBUG] CIPHER_ENCRYPT_SUCCESS - Encryption successful, ciphertext length: 16
[1785281334] [NOISE_PROTOCOL_DEBUG] CIPHER_ENCRYPT_KEY - Key length: 32
[1785281334] [NOISE_PROTOCOL_DEBUG] CIPHER_ENCRYPT_NONCE - Current nonce: 0
[1785281334] [NOISE_PROTOCOL_DEBUG] WRITE_MESSAGE_ENCRYPT_DONE - Payload encrypted, total buffer size: 96
[1785281334] [NOISE_PROTOCOL_DEBUG] CIPHER_ENCRYPT_ASSOCIATED_DATA - Associated data length: 32
[1785281334] [NOISE_PROTOCOL_DEBUG] WRITE_MESSAGE_COMPLETE - Message written, pattern 1 complete
[1785281334] [NOISE_PROTOCOL_DEBUG] WRITE_MESSAGE_ES_DONE - DH(ephemeral, static) completed for responder
[1785281334] [NOISE_PROTOCOL_DEBUG] WRITE_MESSAGE_ENCRYPT - Encrypting payload of 0 bytes
[1785281334] [NOISE_PROTOCOL_DEBUG] CIPHER_ENCRYPT - Encrypting with key, plaintext length: 0
[1785281334] [NOISE_PROTOCOL_DEBUG] READ_MESSAGE_START - Pattern: XX, Current: 1/3
[1785281334] [NOISE_PROTOCOL_DEBUG] CIPHER_ENCRYPT_KEY - Key length: 32
[1785281334] [NOISE_PROTOCOL_DEBUG] CIPHER_ENCRYPT_SUCCESS - Encryption successful, ciphertext length: 16
[1785281334] [NOISE_PROTOCOL_DEBUG] READ_MESSAGE_HASH_BEFORE - Hash before read: [52, 245, 63, 170, 25, 113, 159, 158]
[1785281334] [NOISE_PROTOCOL_DEBUG] CIPHER_ENCRYPT_NONCE - Current nonce: 0
[1785281334] [NOISE_PROTOCOL_DEBUG] WRITE_MESSAGE_ES_DONE - DH(ephemeral, static) completed for responder
[1785281334] [NOISE_PROTOCOL_DEBUG] READ_MESSAGE_PATTERNS - Processing patterns: [E, EE, S, ES]
[1785281334] [NOISE_PROTOCOL_DEBUG] WRITE_MESSAGE_ENCRYPT_DONE - Payload encrypted, total buffer size: 96
[1785281334] [NOISE_PROTOCOL_DEBUG] WRITE_MESSAGE_ES_DONE - DH(ephemeral, static) completed for responder
[1785281334] [NOISE_PROTOCOL_DEBUG] CIPHER_ENCRYPT_ASSOCIATED_DATA - Associated data length: 32
[1785281334] [NOISE_PROTOCOL_DEBUG] WRITE_MESSAGE_ENCRYPT - Encrypting payload of 0 bytes
[1785281334] [NOISE_PROTOCOL_DEBUG] READ_MESSAGE_PATTERN - Processing pattern: E
[1785281334] [NOISE_PROTOCOL_DEBUG] WRITE_MESSAGE_COMPLETE - Message written, pattern 1 complete
[1785281334] [NOISE_PROTOCOL_DEBUG] WRITE_MESSAGE_ENCRYPT - Encrypting payload of 0 bytes
[1785281334] [NOISE_PROTOCOL_DEBUG] CIPHER_ENCRYPT - Encrypting with key, plaintext length: 0
[1785281334] [NOISE_PROTOCOL_DEBUG] READ_MESSAGE_HASH_BEFORE_PATTERN - Hash before pattern: [52, 245, 63, 170, 25, 113, 159, 158]
[1785281334] [NOISE_PROTOCOL_DEBUG] CIPHER_ENCRYPT - Encrypting with key, plaintext length: 0
[1785281334] [NOISE_PROTOCOL_DEBUG] CIPHER_ENCRYPT_KEY - Key length: 32
[1785281334] [NOISE_PROTOCOL_DEBUG] READ_MESSAGE_E - Reading ephemeral key
[1785281334] [NOISE_PROTOCOL_DEBUG] CIPHER_ENCRYPT_NONCE - Current nonce: 0
[1785281334] [NOISE_PROTOCOL_DEBUG] CIPHER_ENCRYPT_KEY - Key length: 32
[1785281334] [NOISE_PROTOCOL_DEBUG] READ_MESSAGE_E_BYTES - Ephemeral key bytes: [237, 166, 229, 36, 182, 203, 222, 74]
[1785281334] [NOISE_PROTOCOL_DEBUG] CIPHER_ENCRYPT_ASSOCIATED_DATA - Associated data length: 32
[1785281334] [NOISE_PROTOCOL_DEBUG] CIPHER_ENCRYPT_NONCE - Current nonce: 0
[1785281334] [NOISE_PROTOCOL_DEBUG] READ_MESSAGE_START - Pattern: XX, Current: 1/3
[1785281334] [NOISE_PROTOCOL_DEBUG] CIPHER_ENCRYPT_ASSOCIATED_DATA - Associated data length: 32
[1785281334] [NOISE_PROTOCOL_DEBUG] READ_MESSAGE_HASH_BEFORE - Hash before read: [124, 236, 241, 193, 155, 120, 91, 181]
[1785281334] [NOISE_PROTOCOL_DEBUG] READ_MESSAGE_E_DONE - Ephemeral key read, offset: 32
[1785281334] [NOISE_PROTOCOL_DEBUG] READ_MESSAGE_PATTERNS - Processing patterns: [E, EE, S, ES]
[1785281334] [NOISE_PROTOCOL_DEBUG] READ_MESSAGE_HASH_AFTER_PATTERN - Hash after pattern E: [131, 18, 195, 33, 33, 84, 106, 177]
[1785281334] [NOISE_PROTOCOL_DEBUG] CIPHER_ENCRYPT_SUCCESS - Encryption successful, ciphertext length: 16
[1785281334] [NOISE_PROTOCOL_DEBUG] READ_MESSAGE_PATTERN - Processing pattern: E
[1785281334] [NOISE_PROTOCOL_DEBUG] READ_MESSAGE_PATTERN - Processing pattern: EE
[1785281334] [NOISE_PROTOCOL_DEBUG] READ_MESSAGE_HASH_BEFORE_PATTERN - Hash before pattern: [124, 236, 241, 193, 155, 120, 91, 181]
[1785281334] [NOISE_PROTOCOL_DEBUG] READ_MESSAGE_HASH_BEFORE_PATTERN - Hash before pattern: [131, 18, 195, 33, 33, 84, 106, 177]
[1785281334] [NOISE_PROTOCOL_DEBUG] WRITE_MESSAGE_ENCRYPT_DONE - Payload encrypted, total buffer size: 96
[1785281334] [NOISE_PROTOCOL_DEBUG] READ_MESSAGE_E - Reading ephemeral key
[1785281334] [NOISE_PROTOCOL_DEBUG] CIPHER_ENCRYPT_SUCCESS - Encryption successful, ciphertext length: 16
[1785281334] [NOISE_PROTOCOL_DEBUG] READ_MESSAGE_EE - Performing DH(ephemeral, ephemeral)
[1785281334] [NOISE_PROTOCOL_DEBUG] WRITE_MESSAGE_COMPLETE - Message written, pattern 1 complete
[1785281334] [NOISE_PROTOCOL_DEBUG] READ_MESSAGE_E_BYTES - Ephemeral key bytes: [228, 249, 132, 75, 116, 9, 157, 216]
[1785281334] [NOISE_PROTOCOL_DEBUG] WRITE_MESSAGE_ENCRYPT_DONE - Payload encrypted, total buffer size: 96
[1785281334] [NOISE_PROTOCOL_DEBUG] CIPHER_ENCRYPT_SUCCESS - Encryption successful, ciphertext length: 16
[1785281334] [NOISE_PROTOCOL_DEBUG] WRITE_MESSAGE_COMPLETE - Message written, pattern 1 complete
[1785281334] [NOISE_PROTOCOL_DEBUG] READ_MESSAGE_E_DONE - Ephemeral key read, offset: 32
[1785281334] [NOISE_PROTOCOL_DEBUG] WRITE_MESSAGE_ENCRYPT_DONE - Payload encrypted, total buffer size: 96
[1785281334] [NOISE_PROTOCOL_DEBUG] READ_MESSAGE_HASH_AFTER_PATTERN - Hash after pattern E: [0, 196, 123, 94, 83, 205, 140, 38]
[1785281334] [NOISE_PROTOCOL_DEBUG] WRITE_MESSAGE_COMPLETE - Message written, pattern 1 complete
[1785281334] [NOISE_PROTOCOL_DEBUG] READ_MESSAGE_PATTERN - Processing pattern: EE
[1785281334] [NOISE_PROTOCOL_DEBUG] READ_MESSAGE_START - Pattern: XX, Current: 1/3
[1785281334] [NOISE_PROTOCOL_DEBUG] READ_MESSAGE_START - Pattern: XX, Current: 1/3
[1785281334] [NOISE_PROTOCOL_DEBUG] READ_MESSAGE_HASH_BEFORE_PATTERN - Hash before pattern: [0, 196, 123, 94, 83, 205, 140, 38]
[1785281334] [NOISE_PROTOCOL_DEBUG] READ_MESSAGE_HASH_BEFORE - Hash before read: [134, 58, 98, 242, 149, 197, 48, 160]
[1785281334] [NOISE_PROTOCOL_DEBUG] READ_MESSAGE_HASH_BEFORE - Hash before read: [246, 209, 219, 70, 111, 3, 0, 238]
[1785281334] [NOISE_PROTOCOL_DEBUG] READ_MESSAGE_EE - Performing DH(ephemeral, ephemeral)
[1785281334] [NOISE_PROTOCOL_DEBUG] READ_MESSAGE_PATTERNS - Processing patterns: [E, EE, S, ES]
[1785281334] [NOISE_PROTOCOL_DEBUG] READ_MESSAGE_PATTERNS - Processing patterns: [E, EE, S, ES]
[1785281334] [NOISE_PROTOCOL_DEBUG] READ_MESSAGE_START - Pattern: XX, Current: 1/3
[1785281334] [NOISE_PROTOCOL_DEBUG] READ_MESSAGE_PATTERN - Processing pattern: E
[1785281334] [NOISE_PROTOCOL_DEBUG] READ_MESSAGE_PATTERN - Processing pattern: E
[1785281334] [NOISE_PROTOCOL_DEBUG] READ_MESSAGE_HASH_BEFORE - Hash before read: [111, 173, 146, 58, 102, 247, 75, 34]
[1785281334] [NOISE_PROTOCOL_DEBUG] READ_MESSAGE_HASH_BEFORE_PATTERN - Hash before pattern: [134, 58, 98, 242, 149, 197, 48, 160]
[1785281334] [NOISE_PROTOCOL_DEBUG] READ_MESSAGE_HASH_BEFORE_PATTERN - Hash before pattern: [246, 209, 219, 70, 111, 3, 0, 238]
[1785281334] [NOISE_PROTOCOL_DEBUG] READ_MESSAGE_PATTERNS - Processing patterns: [E, EE, S, ES]
[1785281334] [NOISE_PROTOCOL_DEBUG] READ_MESSAGE_E - Reading ephemeral key
[1785281334] [NOISE_PROTOCOL_DEBUG] READ_MESSAGE_E - Reading ephemeral key
[1785281334] [NOISE_PROTOCOL_DEBUG] READ_MESSAGE_PATTERN - Processing pattern: E
[1785281334] [NOISE_PROTOCOL_DEBUG] READ_MESSAGE_E_BYTES - Ephemeral key bytes: [110, 9, 56, 118, 62, 7, 0, 105]
[1785281334] [NOISE_PROTOCOL_DEBUG] READ_MESSAGE_E_BYTES - Ephemeral key bytes: [192, 201, 176, 53, 118, 45, 105, 62]
[1785281334] [NOISE_PROTOCOL_DEBUG] READ_MESSAGE_HASH_BEFORE_PATTERN - Hash before pattern: [111, 173, 146, 58, 102, 247, 75, 34]
[1785281334] [NOISE_PROTOCOL_DEBUG] READ_MESSAGE_E - Reading ephemeral key
[1785281334] [NOISE_PROTOCOL_DEBUG] READ_MESSAGE_E_DONE - Ephemeral key read, offset: 32
[1785281334] [NOISE_PROTOCOL_DEBUG] READ_MESSAGE_E_DONE - Ephemeral key read, offset: 32
[1785281334] [NOISE_PROTOCOL_DEBUG] READ_MESSAGE_E_BYTES - Ephemeral key bytes: [240, 117, 166, 137, 165, 104, 85, 252]
[1785281334] [NOISE_PROTOCOL_DEBUG] READ_MESSAGE_HASH_AFTER_PATTERN - Hash after pattern E: [147, 248, 237, 204, 96, 226, 154, 243]
[1785281334] [NOISE_PROTOCOL_DEBUG] READ_MESSAGE_HASH_AFTER_PATTERN - Hash after pattern E: [42, 14, 84, 245, 42, 65, 103, 144]
[1785281334] [NOISE_PROTOCOL_DEBUG] READ_MESSAGE_PATTERN - Processing pattern: EE
[1785281334] [NOISE_PROTOCOL_DEBUG] READ_MESSAGE_E_DONE - Ephemeral key read, offset: 32
[1785281334] [NOISE_PROTOCOL_DEBUG] READ_MESSAGE_PATTERN - Processing pattern: EE
[1785281334] [NOISE_PROTOCOL_DEBUG] READ_MESSAGE_HASH_BEFORE_PATTERN - Hash before pattern: [147, 248, 237, 204, 96, 226, 154, 243]
[1785281334] [NOISE_PROTOCOL_DEBUG] READ_MESSAGE_HASH_AFTER_PATTERN - Hash after pattern E: [161, 139, 225, 49, 153, 204, 97, 115]
[1785281334] [NOISE_PROTOCOL_DEBUG] READ_MESSAGE_HASH_BEFORE_PATTERN - Hash before pattern: [42, 14, 84, 245, 42, 65, 103, 144]
[1785281334] [NOISE_PROTOCOL_DEBUG] READ_MESSAGE_EE - Performing DH(ephemeral, ephemeral)
[1785281334] [NOISE_PROTOCOL_DEBUG] READ_MESSAGE_PATTERN - Processing pattern: EE
[1785281334] [NOISE_PROTOCOL_DEBUG] READ_MESSAGE_EE - Performing DH(ephemeral, ephemeral)
[1785281334] [NOISE_PROTOCOL_DEBUG] READ_MESSAGE_HASH_BEFORE_PATTERN - Hash before pattern: [161, 139, 225, 49, 153, 204, 97, 115]
[1785281334] [NOISE_PROTOCOL_DEBUG] READ_MESSAGE_EE - Performing DH(ephemeral, ephemeral)
[1785281334] [NOISE_PROTOCOL_DEBUG] READ_MESSAGE_EE_DONE - DH(ephemeral, ephemeral) completed
[1785281334] [NOISE_PROTOCOL_DEBUG] READ_MESSAGE_HASH_AFTER_PATTERN - Hash after pattern EE: [0, 196, 123, 94, 83, 205, 140, 38]
[1785281334] [NOISE_PROTOCOL_DEBUG] READ_MESSAGE_PATTERN - Processing pattern: S
[1785281334] [NOISE_PROTOCOL_DEBUG] READ_MESSAGE_EE_DONE - DH(ephemeral, ephemeral) completed
[1785281334] [NOISE_PROTOCOL_DEBUG] READ_MESSAGE_HASH_BEFORE_PATTERN - Hash before pattern: [0, 196, 123, 94, 83, 205, 140, 38]
[1785281334] [NOISE_PROTOCOL_DEBUG] READ_MESSAGE_HASH_AFTER_PATTERN - Hash after pattern EE: [131, 18, 195, 33, 33, 84, 106, 177]
[1785281334] [NOISE_PROTOCOL_DEBUG] READ_MESSAGE_S - Reading static key
[1785281334] [NOISE_PROTOCOL_DEBUG] READ_MESSAGE_PATTERN - Processing pattern: S
[1785281334] [NOISE_PROTOCOL_DEBUG] READ_MESSAGE_S_CHECK - Checking static key length: need 48 bytes, available 64 bytes, has_cipher_key: true
[1785281334] [NOISE_PROTOCOL_DEBUG] READ_MESSAGE_HASH_BEFORE_PATTERN - Hash before pattern: [131, 18, 195, 33, 33, 84, 106, 177]
[1785281334] [NOISE_PROTOCOL_DEBUG] READ_MESSAGE_S_DATA - Static key data length: 48, has_cipher_key: true
[1785281334] [NOISE_PROTOCOL_DEBUG] READ_MESSAGE_S - Reading static key
[1785281334] [NOISE_PROTOCOL_DEBUG] DECRYPT_AND_HASH - Decrypting with cipher key, ciphertext length: 48
[1785281334] [NOISE_PROTOCOL_DEBUG] READ_MESSAGE_S_CHECK - Checking static key length: need 48 bytes, available 64 bytes, has_cipher_key: true
[1785281334] [NOISE_PROTOCOL_DEBUG] DECRYPT_AND_HASH_HASH - Current hash length: 32
[1785281334] [NOISE_PROTOCOL_DEBUG] READ_MESSAGE_S_DATA - Static key data length: 48, has_cipher_key: true
[1785281334] [NOISE_PROTOCOL_DEBUG] DECRYPT_AND_HASH_HASH_BYTES - Hash bytes: [0, 196, 123, 94, 83, 205, 140, 38]
[1785281334] [NOISE_PROTOCOL_DEBUG] DECRYPT_AND_HASH - Decrypting with cipher key, ciphertext length: 48
[1785281334] [NOISE_PROTOCOL_DEBUG] CIPHER_DECRYPT - Decrypting with key, ciphertext length: 48
[1785281334] [NOISE_PROTOCOL_DEBUG] DECRYPT_AND_HASH_HASH - Current hash length: 32
[1785281334] [NOISE_PROTOCOL_DEBUG] DECRYPT_AND_HASH_HASH_BYTES - Hash bytes: [131, 18, 195, 33, 33, 84, 106, 177]
[1785281334] [NOISE_PROTOCOL_DEBUG] CIPHER_DECRYPT - Decrypting with key, ciphertext length: 48
[1785281334] [NOISE_PROTOCOL_DEBUG] READ_MESSAGE_EE_DONE - DH(ephemeral, ephemeral) completed
[1785281334] [NOISE_PROTOCOL_DEBUG] READ_MESSAGE_HASH_AFTER_PATTERN - Hash after pattern EE: [147, 248, 237, 204, 96, 226, 154, 243]
[1785281334] [NOISE_PROTOCOL_DEBUG] READ_MESSAGE_PATTERN - Processing pattern: S
[1785281334] [NOISE_PROTOCOL_DEBUG] READ_MESSAGE_HASH_BEFORE_PATTERN - Hash before pattern: [147, 248, 237, 204, 96, 226, 154, 243]
[1785281334] [NOISE_PROTOCOL_DEBUG] READ_MESSAGE_S - Reading static key
[1785281334] [NOISE_PROTOCOL_DEBUG] READ_MESSAGE_S_CHECK - Checking static key length: need 48 bytes, available 64 bytes, has_cipher_key: true
[1785281334] [NOISE_PROTOCOL_DEBUG] READ_MESSAGE_S_DATA - Static key data length: 48, has_cipher_key: true
[1785281334] [NOISE_PROTOCOL_DEBUG] DECRYPT_AND_HASH - Decrypting with cipher key, ciphertext length: 48
[1785281334] [NOISE_PROTOCOL_DEBUG] DECRYPT_AND_HASH_HASH - Current hash length: 32
[1785281334] [NOISE_PROTOCOL_DEBUG] DECRYPT_AND_HASH_HASH_BYTES - Hash bytes: [147, 248, 237, 204, 96, 226, 154, 243]
[1785281334] [NOISE_PROTOCOL_DEBUG] CIPHER_DECRYPT - Decrypting with key, ciphertext length: 48
[1785281334] [NOISE_PROTOCOL_DEBUG] CIPHER_DECRYPT_SUCCESS - Decryption successful, plaintext length: 32
[1785281334] [NOISE_PROTOCOL_DEBUG] DECRYPT_AND_HASH_SUCCESS - Decryption successful, plaintext length: 32
[1785281334] [NOISE_PROTOCOL_DEBUG] CIPHER_DECRYPT_SUCCESS - Decryption successful, plaintext length: 32
[1785281334] [NOISE_PROTOCOL_DEBUG] DECRYPT_AND_HASH_SUCCESS - Decryption successful, plaintext length: 32
[1785281334] [NOISE_PROTOCOL_DEBUG] DECRYPT_AND_HASH_HASH_MIXED - Hash mixed with ciphertext
[1785281334] [NOISE_PROTOCOL_DEBUG] READ_MESSAGE_EE_DONE - DH(ephemeral, ephemeral) completed
[1785281334] [NOISE_PROTOCOL_DEBUG] DECRYPT_AND_HASH_HASH_MIXED - Hash mixed with ciphertext
[1785281334] [NOISE_PROTOCOL_DEBUG] READ_MESSAGE_S_DONE - Static key read and validated successfully
[1785281334] [NOISE_PROTOCOL_DEBUG] READ_MESSAGE_EE_DONE - DH(ephemeral, ephemeral) completed
[1785281334] [NOISE_PROTOCOL_DEBUG] READ_MESSAGE_HASH_AFTER_PATTERN - Hash after pattern EE: [42, 14, 84, 245, 42, 65, 103, 144]
[1785281334] [NOISE_PROTOCOL_DEBUG] READ_MESSAGE_S_DONE - Static key read and validated successfully
[1785281334] [NOISE_PROTOCOL_DEBUG] READ_MESSAGE_HASH_AFTER_PATTERN - Hash after pattern S: [18, 124, 108, 240, 122, 62, 79, 15]
[1785281334] [NOISE_PROTOCOL_DEBUG] READ_MESSAGE_HASH_AFTER_PATTERN - Hash after pattern EE: [161, 139, 225, 49, 153, 204, 97, 115]
[1785281334] [NOISE_PROTOCOL_DEBUG] READ_MESSAGE_PATTERN - Processing pattern: S
[1785281334] [NOISE_PROTOCOL_DEBUG] READ_MESSAGE_HASH_AFTER_PATTERN - Hash after pattern S: [206, 106, 16, 216, 18, 189, 156, 250]
[1785281334] [NOISE_PROTOCOL_DEBUG] READ_MESSAGE_PATTERN - Processing pattern: ES
[1785281334] [NOISE_PROTOCOL_DEBUG] CIPHER_DECRYPT_SUCCESS - Decryption successful, plaintext length: 32
[1785281334] [NOISE_PROTOCOL_DEBUG] READ_MESSAGE_PATTERN - Processing pattern: S
[1785281334] [NOISE_PROTOCOL_DEBUG] READ_MESSAGE_HASH_BEFORE_PATTERN - Hash before pattern: [42, 14, 84, 245, 42, 65, 103, 144]
[1785281334] [NOISE_PROTOCOL_DEBUG] READ_MESSAGE_PATTERN - Processing pattern: ES
[1785281334] [NOISE_PROTOCOL_DEBUG] DECRYPT_AND_HASH_SUCCESS - Decryption successful, plaintext length: 32
[1785281334] [NOISE_PROTOCOL_DEBUG] READ_MESSAGE_HASH_BEFORE_PATTERN - Hash before pattern: [18, 124, 108, 240, 122, 62, 79, 15]
[1785281334] [NOISE_PROTOCOL_DEBUG] READ_MESSAGE_HASH_BEFORE_PATTERN - Hash before pattern: [161, 139, 225, 49, 153, 204, 97, 115]
[1785281334] [NOISE_PROTOCOL_DEBUG] READ_MESSAGE_S - Reading static key
[1785281334] [NOISE_PROTOCOL_DEBUG] READ_MESSAGE_HASH_BEFORE_PATTERN - Hash before pattern: [206, 106, 16, 216, 18, 189, 156, 250]
[1785281334] [NOISE_PROTOCOL_DEBUG] READ_MESSAGE_ES - Performing DH(ephemeral, static)
[1785281334] [NOISE_PROTOCOL_DEBUG] READ_MESSAGE_S - Reading static key
[1785281334] [NOISE_PROTOCOL_DEBUG] DECRYPT_AND_HASH_HASH_MIXED - Hash mixed with ciphertext
[1785281334] [NOISE_PROTOCOL_DEBUG] READ_MESSAGE_S_CHECK - Checking static key length: need 48 bytes, available 64 bytes, has_cipher_key: true
[1785281334] [NOISE_PROTOCOL_DEBUG] READ_MESSAGE_ES - Performing DH(ephemeral, static)
[1785281334] [NOISE_PROTOCOL_DEBUG] READ_MESSAGE_S_CHECK - Checking static key length: need 48 bytes, available 64 bytes, has_cipher_key: true
[1785281334] [NOISE_PROTOCOL_DEBUG] READ_MESSAGE_S_DONE - Static key read and validated successfully
[1785281334] [NOISE_PROTOCOL_DEBUG] READ_MESSAGE_S_DATA - Static key data length: 48, has_cipher_key: true
[1785281334] [NOISE_PROTOCOL_DEBUG] READ_MESSAGE_S_DATA - Static key data length: 48, has_cipher_key: true
[1785281334] [NOISE_PROTOCOL_DEBUG] READ_MESSAGE_HASH_AFTER_PATTERN - Hash after pattern S: [59, 94, 0, 148, 173, 197, 251, 131]
[1785281334] [NOISE_PROTOCOL_DEBUG] DECRYPT_AND_HASH - Decrypting with cipher key, ciphertext length: 48
[1785281334] [NOISE_PROTOCOL_DEBUG] DECRYPT_AND_HASH - Decrypting with cipher key, ciphertext length: 48
[1785281334] [NOISE_PROTOCOL_DEBUG] READ_MESSAGE_PATTERN - Processing pattern: ES
[1785281334] [NOISE_PROTOCOL_DEBUG] DECRYPT_AND_HASH_HASH - Current hash length: 32
[1785281334] [NOISE_PROTOCOL_DEBUG] DECRYPT_AND_HASH_HASH - Current hash length: 32
[1785281334] [NOISE_PROTOCOL_DEBUG] READ_MESSAGE_HASH_BEFORE_PATTERN - Hash before pattern: [59, 94, 0, 148, 173, 197, 251, 131]
[1785281334] [NOISE_PROTOCOL_DEBUG] DECRYPT_AND_HASH_HASH_BYTES - Hash bytes: [42, 14, 84, 245, 42, 65, 103, 144]
[1785281334] [NOISE_PROTOCOL_DEBUG] READ_MESSAGE_ES - Performing DH(ephemeral, static)
[1785281334] [NOISE_PROTOCOL_DEBUG] DECRYPT_AND_HASH_HASH_BYTES - Hash bytes: [161, 139, 225, 49, 153, 204, 97, 115]
[1785281334] [NOISE_PROTOCOL_DEBUG] CIPHER_DECRYPT - Decrypting with key, ciphertext length: 48
[1785281334] [NOISE_PROTOCOL_DEBUG] CIPHER_DECRYPT - Decrypting with key, ciphertext length: 48
[1785281334] [NOISE_PROTOCOL_DEBUG] CIPHER_DECRYPT_SUCCESS - Decryption successful, plaintext length: 32
[1785281334] [NOISE_PROTOCOL_DEBUG] CIPHER_DECRYPT_SUCCESS - Decryption successful, plaintext length: 32
[1785281334] [NOISE_PROTOCOL_DEBUG] DECRYPT_AND_HASH_SUCCESS - Decryption successful, plaintext length: 32
[1785281334] [NOISE_PROTOCOL_DEBUG] DECRYPT_AND_HASH_SUCCESS - Decryption successful, plaintext length: 32
[1785281334] [NOISE_PROTOCOL_DEBUG] DECRYPT_AND_HASH_HASH_MIXED - Hash mixed with ciphertext
[1785281334] [NOISE_PROTOCOL_DEBUG] DECRYPT_AND_HASH_HASH_MIXED - Hash mixed with ciphertext
[1785281334] [NOISE_PROTOCOL_DEBUG] READ_MESSAGE_S_DONE - Static key read and validated successfully
[1785281334] [NOISE_PROTOCOL_DEBUG] READ_MESSAGE_S_DONE - Static key read and validated successfully
[1785281334] [NOISE_PROTOCOL_DEBUG] READ_MESSAGE_HASH_AFTER_PATTERN - Hash after pattern S: [31, 74, 113, 222, 195, 48, 109, 110]
[1785281334] [NOISE_PROTOCOL_DEBUG] READ_MESSAGE_HASH_AFTER_PATTERN - Hash after pattern S: [129, 150, 120, 195, 1, 241, 180, 135]
[1785281334] [NOISE_PROTOCOL_DEBUG] READ_MESSAGE_PATTERN - Processing pattern: ES
[1785281334] [NOISE_PROTOCOL_DEBUG] READ_MESSAGE_PATTERN - Processing pattern: ES
[1785281334] [NOISE_PROTOCOL_DEBUG] READ_MESSAGE_HASH_BEFORE_PATTERN - Hash before pattern: [31, 74, 113, 222, 195, 48, 109, 110]
[1785281334] [NOISE_PROTOCOL_DEBUG] READ_MESSAGE_HASH_BEFORE_PATTERN - Hash before pattern: [129, 150, 120, 195, 1, 241, 180, 135]
[1785281334] [NOISE_PROTOCOL_DEBUG] READ_MESSAGE_ES - Performing DH(ephemeral, static)
[1785281334] [NOISE_PROTOCOL_DEBUG] READ_MESSAGE_ES - Performing DH(ephemeral, static)
[1785281334] [NOISE_PROTOCOL_DEBUG] READ_MESSAGE_ES_DONE - DH(ephemeral, static) completed
[1785281334] [NOISE_PROTOCOL_DEBUG] READ_MESSAGE_HASH_AFTER_PATTERN - Hash after pattern ES: [59, 94, 0, 148, 173, 197, 251, 131]
[1785281334] [NOISE_PROTOCOL_DEBUG] READ_MESSAGE_PAYLOAD - Decrypting payload, length: 16
[1785281334] [NOISE_PROTOCOL_DEBUG] DECRYPT_AND_HASH - Decrypting with cipher key, ciphertext length: 16
[1785281334] [NOISE_PROTOCOL_DEBUG] DECRYPT_AND_HASH_HASH - Current hash length: 32
[1785281334] [NOISE_PROTOCOL_DEBUG] DECRYPT_AND_HASH_HASH_BYTES - Hash bytes: [59, 94, 0, 148, 173, 197, 251, 131]
[1785281334] [NOISE_PROTOCOL_DEBUG] CIPHER_DECRYPT - Decrypting with key, ciphertext length: 16
[1785281334] [NOISE_PROTOCOL_DEBUG] READ_MESSAGE_ES_DONE - DH(ephemeral, static) completed
[1785281334] [NOISE_PROTOCOL_DEBUG] READ_MESSAGE_HASH_AFTER_PATTERN - Hash after pattern ES: [206, 106, 16, 216, 18, 189, 156, 250]
[1785281334] [NOISE_PROTOCOL_DEBUG] READ_MESSAGE_PAYLOAD - Decrypting payload, length: 16
[1785281334] [NOISE_PROTOCOL_DEBUG] READ_MESSAGE_ES_DONE - DH(ephemeral, static) completed
[1785281334] [NOISE_PROTOCOL_DEBUG] DECRYPT_AND_HASH - Decrypting with cipher key, ciphertext length: 16
[1785281334] [NOISE_PROTOCOL_DEBUG] CIPHER_DECRYPT_SUCCESS - Decryption successful, plaintext length: 0
[1785281334] [NOISE_PROTOCOL_DEBUG] READ_MESSAGE_HASH_AFTER_PATTERN - Hash after pattern ES: [18, 124, 108, 240, 122, 62, 79, 15]
[1785281334] [NOISE_PROTOCOL_DEBUG] DECRYPT_AND_HASH_HASH - Current hash length: 32
[1785281334] [NOISE_PROTOCOL_DEBUG] DECRYPT_AND_HASH_SUCCESS - Decryption successful, plaintext length: 0
[1785281334] [NOISE_PROTOCOL_DEBUG] READ_MESSAGE_PAYLOAD - Decrypting payload, length: 16
[1785281334] [NOISE_PROTOCOL_DEBUG] DECRYPT_AND_HASH_HASH_BYTES - Hash bytes: [206, 106, 16, 216, 18, 189, 156, 250]
[1785281334] [NOISE_PROTOCOL_DEBUG] DECRYPT_AND_HASH - Decrypting with cipher key, ciphertext length: 16
[1785281334] [NOISE_PROTOCOL_DEBUG] DECRYPT_AND_HASH_HASH_MIXED - Hash mixed with ciphertext
[1785281334] [NOISE_PROTOCOL_DEBUG] CIPHER_DECRYPT - Decrypting with key, ciphertext length: 16
[1785281334] [NOISE_PROTOCOL_DEBUG] DECRYPT_AND_HASH_HASH - Current hash length: 32
[1785281334] [NOISE_PROTOCOL_DEBUG] READ_MESSAGE_PAYLOAD_SUCCESS - Payload decrypted successfully, length: 0
[1785281334] [NOISE_PROTOCOL_DEBUG] DECRYPT_AND_HASH_HASH_BYTES - Hash bytes: [18, 124, 108, 240, 122, 62, 79, 15]
[1785281334] [NOISE_PROTOCOL_DEBUG] READ_MESSAGE_COMPLETE - Message read successfully, new pattern: 2/3
[1785281334] [NOISE_PROTOCOL_DEBUG] CIPHER_DECRYPT - Decrypting with key, ciphertext length: 16
[1785281334] [NOISE_PROTOCOL_DEBUG] READ_MESSAGE_HASH_AFTER - Hash after read: [199, 234, 210, 102, 238, 119, 224, 215]
[1785281334] [NOISE_PROTOCOL_DEBUG] WRITE_MESSAGE_START - Pattern: XX, Current: 2/3
[1785281334] [NOISE_PROTOCOL_DEBUG] WRITE_MESSAGE_PATTERNS - Processing patterns: [S, SE]
[1785281334] [NOISE_PROTOCOL_DEBUG] WRITE_MESSAGE_PATTERN - Processing pattern: S
[1785281334] [NOISE_PROTOCOL_DEBUG] WRITE_MESSAGE_S - Sending static key
[1785281334] [NOISE_PROTOCOL_DEBUG] CIPHER_ENCRYPT - Encrypting with key, plaintext length: 32
[1785281334] [NOISE_PROTOCOL_DEBUG] CIPHER_ENCRYPT_KEY - Key length: 32
[1785281334] [NOISE_PROTOCOL_DEBUG] CIPHER_DECRYPT_SUCCESS - Decryption successful, plaintext length: 0
[1785281334] [NOISE_PROTOCOL_DEBUG] CIPHER_ENCRYPT_NONCE - Current nonce: 1
[1785281334] [NOISE_PROTOCOL_DEBUG] DECRYPT_AND_HASH_SUCCESS - Decryption successful, plaintext length: 0
[1785281334] [NOISE_PROTOCOL_DEBUG] CIPHER_ENCRYPT_ASSOCIATED_DATA - Associated data length: 32
[1785281334] [NOISE_PROTOCOL_DEBUG] CIPHER_DECRYPT_SUCCESS - Decryption successful, plaintext length: 0
[1785281334] [NOISE_PROTOCOL_DEBUG] DECRYPT_AND_HASH_SUCCESS - Decryption successful, plaintext length: 0
[1785281334] [NOISE_PROTOCOL_DEBUG] DECRYPT_AND_HASH_HASH_MIXED - Hash mixed with ciphertext
[1785281334] [NOISE_PROTOCOL_DEBUG] READ_MESSAGE_PAYLOAD_SUCCESS - Payload decrypted successfully, length: 0
[1785281334] [NOISE_PROTOCOL_DEBUG] DECRYPT_AND_HASH_HASH_MIXED - Hash mixed with ciphertext
[1785281334] [NOISE_PROTOCOL_DEBUG] READ_MESSAGE_COMPLETE - Message read successfully, new pattern: 2/3
[1785281334] [NOISE_PROTOCOL_DEBUG] READ_MESSAGE_PAYLOAD_SUCCESS - Payload decrypted successfully, length: 0
[1785281334] [NOISE_PROTOCOL_DEBUG] READ_MESSAGE_HASH_AFTER - Hash after read: [195, 2, 75, 72, 137, 18, 94, 4]
[1785281334] [NOISE_PROTOCOL_DEBUG] READ_MESSAGE_COMPLETE - Message read successfully, new pattern: 2/3
[1785281334] [NOISE_PROTOCOL_DEBUG] WRITE_MESSAGE_START - Pattern: XX, Current: 2/3
[1785281334] [NOISE_PROTOCOL_DEBUG] READ_MESSAGE_HASH_AFTER - Hash after read: [49, 84, 15, 221, 140, 197, 108, 42]
[1785281334] [NOISE_PROTOCOL_DEBUG] WRITE_MESSAGE_PATTERNS - Processing patterns: [S, SE]
[1785281334] [NOISE_PROTOCOL_DEBUG] WRITE_MESSAGE_START - Pattern: XX, Current: 2/3
[1785281334] [NOISE_PROTOCOL_DEBUG] WRITE_MESSAGE_PATTERN - Processing pattern: S
[1785281334] [NOISE_PROTOCOL_DEBUG] WRITE_MESSAGE_PATTERNS - Processing patterns: [S, SE]
[1785281334] [NOISE_PROTOCOL_DEBUG] WRITE_MESSAGE_S - Sending static key
[1785281334] [NOISE_PROTOCOL_DEBUG] CIPHER_ENCRYPT_SUCCESS - Encryption successful, ciphertext length: 48
[1785281334] [NOISE_PROTOCOL_DEBUG] WRITE_MESSAGE_PATTERN - Processing pattern: S
[1785281334] [NOISE_PROTOCOL_DEBUG] CIPHER_ENCRYPT - Encrypting with key, plaintext length: 32
[1785281334] [NOISE_PROTOCOL_DEBUG] WRITE_MESSAGE_S - Sending static key
[1785281334] [NOISE_PROTOCOL_DEBUG] CIPHER_ENCRYPT_KEY - Key length: 32
[1785281334] [NOISE_PROTOCOL_DEBUG] WRITE_MESSAGE_S_DONE - Static key encrypted and sent, buffer size: 48
[1785281334] [NOISE_PROTOCOL_DEBUG] CIPHER_ENCRYPT - Encrypting with key, plaintext length: 32
[1785281334] [NOISE_PROTOCOL_DEBUG] CIPHER_ENCRYPT_NONCE - Current nonce: 1
[1785281334] [NOISE_PROTOCOL_DEBUG] WRITE_MESSAGE_PATTERN - Processing pattern: SE
[1785281334] [NOISE_PROTOCOL_DEBUG] CIPHER_ENCRYPT_KEY - Key length: 32
[1785281334] [NOISE_PROTOCOL_DEBUG] CIPHER_ENCRYPT_ASSOCIATED_DATA - Associated data length: 32
[1785281334] [NOISE_PROTOCOL_DEBUG] WRITE_MESSAGE_SE - Performing DH(static, ephemeral), role: Initiator
[1785281334] [NOISE_PROTOCOL_DEBUG] CIPHER_ENCRYPT_NONCE - Current nonce: 1
[1785281334] [NOISE_PROTOCOL_DEBUG] READ_MESSAGE_ES_DONE - DH(ephemeral, static) completed
[1785281334] [NOISE_PROTOCOL_DEBUG] READ_MESSAGE_ES_DONE - DH(ephemeral, static) completed
[1785281334] [NOISE_PROTOCOL_DEBUG] CIPHER_ENCRYPT_ASSOCIATED_DATA - Associated data length: 32
[1785281334] [NOISE_PROTOCOL_DEBUG] READ_MESSAGE_HASH_AFTER_PATTERN - Hash after pattern ES: [129, 150, 120, 195, 1, 241, 180, 135]
[1785281334] [NOISE_PROTOCOL_DEBUG] READ_MESSAGE_HASH_AFTER_PATTERN - Hash after pattern ES: [31, 74, 113, 222, 195, 48, 109, 110]
[1785281334] [NOISE_PROTOCOL_DEBUG] READ_MESSAGE_PAYLOAD - Decrypting payload, length: 16
[1785281334] [NOISE_PROTOCOL_DEBUG] READ_MESSAGE_PAYLOAD - Decrypting payload, length: 16
[1785281334] [NOISE_PROTOCOL_DEBUG] DECRYPT_AND_HASH - Decrypting with cipher key, ciphertext length: 16
[1785281334] [NOISE_PROTOCOL_DEBUG] DECRYPT_AND_HASH - Decrypting with cipher key, ciphertext length: 16
[1785281334] [NOISE_PROTOCOL_DEBUG] DECRYPT_AND_HASH_HASH - Current hash length: 32
[1785281334] [NOISE_PROTOCOL_DEBUG] DECRYPT_AND_HASH_HASH - Current hash length: 32
[1785281334] [NOISE_PROTOCOL_DEBUG] DECRYPT_AND_HASH_HASH_BYTES - Hash bytes: [129, 150, 120, 195, 1, 241, 180, 135]
[1785281334] [NOISE_PROTOCOL_DEBUG] DECRYPT_AND_HASH_HASH_BYTES - Hash bytes: [31, 74, 113, 222, 195, 48, 109, 110]
[1785281334] [NOISE_PROTOCOL_DEBUG] CIPHER_DECRYPT - Decrypting with key, ciphertext length: 16
[1785281334] [NOISE_PROTOCOL_DEBUG] CIPHER_ENCRYPT_SUCCESS - Encryption successful, ciphertext length: 48
[1785281334] [NOISE_PROTOCOL_DEBUG] CIPHER_DECRYPT - Decrypting with key, ciphertext length: 16
[1785281334] [NOISE_PROTOCOL_DEBUG] WRITE_MESSAGE_S_DONE - Static key encrypted and sent, buffer size: 48
[1785281334] [NOISE_PROTOCOL_DEBUG] CIPHER_ENCRYPT_SUCCESS - Encryption successful, ciphertext length: 48
[1785281334] [NOISE_PROTOCOL_DEBUG] WRITE_MESSAGE_PATTERN - Processing pattern: SE
[1785281334] [NOISE_PROTOCOL_DEBUG] WRITE_MESSAGE_SE - Performing DH(static, ephemeral), role: Initiator
[1785281334] [NOISE_PROTOCOL_DEBUG] WRITE_MESSAGE_S_DONE - Static key encrypted and sent, buffer size: 48
[1785281334] [NOISE_PROTOCOL_DEBUG] CIPHER_DECRYPT_SUCCESS - Decryption successful, plaintext length: 0
[1785281334] [NOISE_PROTOCOL_DEBUG] WRITE_MESSAGE_PATTERN - Processing pattern: SE
[1785281334] [NOISE_PROTOCOL_DEBUG] CIPHER_DECRYPT_SUCCESS - Decryption successful, plaintext length: 0
[1785281334] [NOISE_PROTOCOL_DEBUG] DECRYPT_AND_HASH_SUCCESS - Decryption successful, plaintext length: 0
[1785281334] [NOISE_PROTOCOL_DEBUG] WRITE_MESSAGE_SE - Performing DH(static, ephemeral), role: Initiator
[1785281334] [NOISE_PROTOCOL_DEBUG] DECRYPT_AND_HASH_SUCCESS - Decryption successful, plaintext length: 0
[1785281334] [NOISE_PROTOCOL_DEBUG] DECRYPT_AND_HASH_HASH_MIXED - Hash mixed with ciphertext
[1785281334] [NOISE_PROTOCOL_DEBUG] DECRYPT_AND_HASH_HASH_MIXED - Hash mixed with ciphertext
[1785281334] [NOISE_PROTOCOL_DEBUG] READ_MESSAGE_PAYLOAD_SUCCESS - Payload decrypted successfully, length: 0
[1785281334] [NOISE_PROTOCOL_DEBUG] READ_MESSAGE_PAYLOAD_SUCCESS - Payload decrypted successfully, length: 0
[1785281334] [NOISE_PROTOCOL_DEBUG] READ_MESSAGE_COMPLETE - Message read successfully, new pattern: 2/3
[1785281334] [NOISE_PROTOCOL_DEBUG] READ_MESSAGE_COMPLETE - Message read successfully, new pattern: 2/3
[1785281334] [NOISE_PROTOCOL_DEBUG] READ_MESSAGE_HASH_AFTER - Hash after read: [54, 153, 173, 155, 51, 226, 32, 176]
[1785281334] [NOISE_PROTOCOL_DEBUG] READ_MESSAGE_HASH_AFTER - Hash after read: [76, 166, 135, 95, 193, 18, 69, 210]
[1785281334] [NOISE_PROTOCOL_DEBUG] WRITE_MESSAGE_START - Pattern: XX, Current: 2/3
[1785281334] [NOISE_PROTOCOL_DEBUG] WRITE_MESSAGE_START - Pattern: XX, Current: 2/3
[1785281334] [NOISE_PROTOCOL_DEBUG] WRITE_MESSAGE_PATTERNS - Processing patterns: [S, SE]
[1785281334] [NOISE_PROTOCOL_DEBUG] WRITE_MESSAGE_PATTERNS - Processing patterns: [S, SE]
[1785281334] [NOISE_PROTOCOL_DEBUG] WRITE_MESSAGE_PATTERN - Processing pattern: S
[1785281334] [NOISE_PROTOCOL_DEBUG] WRITE_MESSAGE_PATTERN - Processing pattern: S
[1785281334] [NOISE_PROTOCOL_DEBUG] WRITE_MESSAGE_S - Sending static key
[1785281334] [NOISE_PROTOCOL_DEBUG] WRITE_MESSAGE_S - Sending static key
[1785281334] [NOISE_PROTOCOL_DEBUG] CIPHER_ENCRYPT - Encrypting with key, plaintext length: 32
[1785281334] [NOISE_PROTOCOL_DEBUG] CIPHER_ENCRYPT - Encrypting with key, plaintext length: 32
[1785281334] [NOISE_PROTOCOL_DEBUG] CIPHER_ENCRYPT_KEY - Key length: 32
[1785281334] [NOISE_PROTOCOL_DEBUG] CIPHER_ENCRYPT_KEY - Key length: 32
[1785281334] [NOISE_PROTOCOL_DEBUG] CIPHER_ENCRYPT_NONCE - Current nonce: 1
[1785281334] [NOISE_PROTOCOL_DEBUG] CIPHER_ENCRYPT_NONCE - Current nonce: 1
[1785281334] [NOISE_PROTOCOL_DEBUG] CIPHER_ENCRYPT_ASSOCIATED_DATA - Associated data length: 32
[1785281334] [NOISE_PROTOCOL_DEBUG] CIPHER_ENCRYPT_ASSOCIATED_DATA - Associated data length: 32
[1785281334] [NOISE_PROTOCOL_DEBUG] WRITE_MESSAGE_SE_DONE - DH(static, ephemeral) completed for initiator
[1785281334] [NOISE_PROTOCOL_DEBUG] WRITE_MESSAGE_ENCRYPT - Encrypting payload of 0 bytes
[1785281334] [NOISE_PROTOCOL_DEBUG] CIPHER_ENCRYPT - Encrypting with key, plaintext length: 0
[1785281334] [NOISE_PROTOCOL_DEBUG] CIPHER_ENCRYPT_KEY - Key length: 32
[1785281334] [NOISE_PROTOCOL_DEBUG] CIPHER_ENCRYPT_NONCE - Current nonce: 0
[1785281334] [NOISE_PROTOCOL_DEBUG] CIPHER_ENCRYPT_ASSOCIATED_DATA - Associated data length: 32
[1785281334] [NOISE_PROTOCOL_DEBUG] CIPHER_ENCRYPT_SUCCESS - Encryption successful, ciphertext length: 48
[1785281334] [NOISE_PROTOCOL_DEBUG] CIPHER_ENCRYPT_SUCCESS - Encryption successful, ciphertext length: 48
[1785281334] [NOISE_PROTOCOL_DEBUG] WRITE_MESSAGE_S_DONE - Static key encrypted and sent, buffer size: 48
[1785281334] [NOISE_PROTOCOL_DEBUG] CIPHER_ENCRYPT_SUCCESS - Encryption successful, ciphertext length: 16
[1785281334] [NOISE_PROTOCOL_DEBUG] WRITE_MESSAGE_S_DONE - Static key encrypted and sent, buffer size: 48
[1785281334] [NOISE_PROTOCOL_DEBUG] WRITE_MESSAGE_PATTERN - Processing pattern: SE
[1785281334] [NOISE_PROTOCOL_DEBUG] WRITE_MESSAGE_PATTERN - Processing pattern: SE
[1785281334] [NOISE_PROTOCOL_DEBUG] WRITE_MESSAGE_ENCRYPT_DONE - Payload encrypted, total buffer size: 64
[1785281334] [NOISE_PROTOCOL_DEBUG] WRITE_MESSAGE_SE - Performing DH(static, ephemeral), role: Initiator
[1785281334] [NOISE_PROTOCOL_DEBUG] WRITE_MESSAGE_COMPLETE - Message written, pattern 2 complete
[1785281334] [NOISE_PROTOCOL_DEBUG] WRITE_MESSAGE_SE - Performing DH(static, ephemeral), role: Initiator
[1785281334] [NOISE_PROTOCOL_DEBUG] WRITE_MESSAGE_SE_DONE - DH(static, ephemeral) completed for initiator
[1785281334] [NOISE_PROTOCOL_DEBUG] WRITE_MESSAGE_ENCRYPT - Encrypting payload of 0 bytes
[1785281334] [NOISE_PROTOCOL_DEBUG] CIPHER_ENCRYPT - Encrypting with key, plaintext length: 0
[1785281334] [NOISE_PROTOCOL_DEBUG] CIPHER_ENCRYPT_KEY - Key length: 32
[1785281334] [NOISE_PROTOCOL_DEBUG] CIPHER_ENCRYPT_NONCE - Current nonce: 0
[1785281334] [NOISE_PROTOCOL_DEBUG] CIPHER_ENCRYPT - Encrypting with key, plaintext length: 54
[1785281334] [NOISE_PROTOCOL_DEBUG] CIPHER_ENCRYPT_ASSOCIATED_DATA - Associated data length: 32
[1785281334] [NOISE_PROTOCOL_DEBUG] CIPHER_ENCRYPT_KEY - Key length: 32
[1785281334] [NOISE_PROTOCOL_DEBUG] WRITE_MESSAGE_SE_DONE - DH(static, ephemeral) completed for initiator
[1785281334] [NOISE_PROTOCOL_DEBUG] CIPHER_ENCRYPT_NONCE - Current nonce: 0
[1785281334] [NOISE_PROTOCOL_DEBUG] WRITE_MESSAGE_ENCRYPT - Encrypting payload of 0 bytes
[1785281334] [NOISE_PROTOCOL_DEBUG] CIPHER_ENCRYPT_ASSOCIATED_DATA - Associated data length: 0
[1785281334] [NOISE_PROTOCOL_DEBUG] CIPHER_ENCRYPT - Encrypting with key, plaintext length: 0
[1785281334] [NOISE_PROTOCOL_DEBUG] CIPHER_ENCRYPT_KEY - Key length: 32
[1785281334] [NOISE_PROTOCOL_DEBUG] CIPHER_ENCRYPT_NONCE - Current nonce: 0
[1785281334] [NOISE_PROTOCOL_DEBUG] CIPHER_ENCRYPT_ASSOCIATED_DATA - Associated data length: 32
[1785281334] [NOISE_PROTOCOL_DEBUG] CIPHER_ENCRYPT_SUCCESS - Encryption successful, ciphertext length: 16
[1785281334] [NOISE_PROTOCOL_DEBUG] WRITE_MESSAGE_ENCRYPT_DONE - Payload encrypted, total buffer size: 64
[1785281334] [NOISE_PROTOCOL_DEBUG] WRITE_MESSAGE_COMPLETE - Message written, pattern 2 complete
[1785281334] [NOISE_PROTOCOL_DEBUG] CIPHER_ENCRYPT_SUCCESS - Encryption successful, ciphertext length: 16
[1785281334] [NOISE_PROTOCOL_DEBUG] CIPHER_ENCRYPT_SUCCESS - Encryption successful, ciphertext length: 70
[1785281334] [NOISE_PROTOCOL_DEBUG] CIPHER_ENCRYPT_TRANSPORT - Transport message with nonce prefix, total length: 74
[1785281334] [NOISE_PROTOCOL_DEBUG] WRITE_MESSAGE_ENCRYPT_DONE - Payload encrypted, total buffer size: 64
[1785281334] [NOISE_PROTOCOL_DEBUG] WRITE_MESSAGE_COMPLETE - Message written, pattern 2 complete
[1785281334] [NOISE_PROTOCOL_DEBUG] READ_MESSAGE_START - Pattern: XX, Current: 2/3
[1785281334] [NOISE_PROTOCOL_DEBUG] READ_MESSAGE_HASH_BEFORE - Hash before read: [199, 234, 210, 102, 238, 119, 224, 215]
[1785281334] [NOISE_PROTOCOL_DEBUG] READ_MESSAGE_PATTERNS - Processing patterns: [S, SE]
[1785281334] [NOISE_PROTOCOL_DEBUG] READ_MESSAGE_PATTERN - Processing pattern: S
[1785281334] [NOISE_PROTOCOL_DEBUG] READ_MESSAGE_HASH_BEFORE_PATTERN - Hash before pattern: [199, 234, 210, 102, 238, 119, 224, 215]
[1785281334] [NOISE_PROTOCOL_DEBUG] READ_MESSAGE_S - Reading static key
[1785281334] [NOISE_PROTOCOL_DEBUG] READ_MESSAGE_S_CHECK - Checking static key length: need 48 bytes, available 64 bytes, has_cipher_key: true
[1785281334] [NOISE_PROTOCOL_DEBUG] CIPHER_ENCRYPT - Encrypting with key, plaintext length: 58
[1785281334] [NOISE_PROTOCOL_DEBUG] READ_MESSAGE_S_DATA - Static key data length: 48, has_cipher_key: true
[1785281334] [NOISE_PROTOCOL_DEBUG] CIPHER_ENCRYPT_KEY - Key length: 32
[1785281334] [NOISE_PROTOCOL_DEBUG] DECRYPT_AND_HASH - Decrypting with cipher key, ciphertext length: 48
[1785281334] [NOISE_PROTOCOL_DEBUG] CIPHER_ENCRYPT_NONCE - Current nonce: 0
[1785281334] [NOISE_PROTOCOL_DEBUG] DECRYPT_AND_HASH_HASH - Current hash length: 32
[1785281334] [NOISE_PROTOCOL_DEBUG] CIPHER_ENCRYPT_ASSOCIATED_DATA - Associated data length: 0
[1785281334] [NOISE_PROTOCOL_DEBUG] DECRYPT_AND_HASH_HASH_BYTES - Hash bytes: [199, 234, 210, 102, 238, 119, 224, 215]
[1785281334] [NOISE_PROTOCOL_DEBUG] CIPHER_ENCRYPT - Encrypting with key, plaintext length: 43
[1785281334] [NOISE_PROTOCOL_DEBUG] CIPHER_DECRYPT - Decrypting with key, ciphertext length: 48
[1785281334] [NOISE_PROTOCOL_DEBUG] CIPHER_ENCRYPT_KEY - Key length: 32
[1785281334] [NOISE_PROTOCOL_DEBUG] CIPHER_ENCRYPT_NONCE - Current nonce: 0
[1785281334] [NOISE_PROTOCOL_DEBUG] CIPHER_ENCRYPT_ASSOCIATED_DATA - Associated data length: 0
[1785281334] [NOISE_PROTOCOL_DEBUG] WRITE_MESSAGE_SE_DONE - DH(static, ephemeral) completed for initiator
[1785281334] [NOISE_PROTOCOL_DEBUG] WRITE_MESSAGE_SE_DONE - DH(static, ephemeral) completed for initiator
[1785281334] [NOISE_PROTOCOL_DEBUG] CIPHER_ENCRYPT_SUCCESS - Encryption successful, ciphertext length: 74
[1785281334] [NOISE_PROTOCOL_DEBUG] CIPHER_DECRYPT_SUCCESS - Decryption successful, plaintext length: 32
[1785281334] [NOISE_PROTOCOL_DEBUG] WRITE_MESSAGE_ENCRYPT - Encrypting payload of 0 bytes
[1785281334] [NOISE_PROTOCOL_DEBUG] WRITE_MESSAGE_ENCRYPT - Encrypting payload of 0 bytes
[1785281334] [NOISE_PROTOCOL_DEBUG] CIPHER_ENCRYPT_TRANSPORT - Transport message with nonce prefix, total length: 78
[1785281334] [NOISE_PROTOCOL_DEBUG] DECRYPT_AND_HASH_SUCCESS - Decryption successful, plaintext length: 32
[1785281334] [NOISE_PROTOCOL_DEBUG] CIPHER_ENCRYPT_SUCCESS - Encryption successful, ciphertext length: 59
[1785281334] [NOISE_PROTOCOL_DEBUG] CIPHER_ENCRYPT - Encrypting with key, plaintext length: 0
[1785281334] [NOISE_PROTOCOL_DEBUG] CIPHER_ENCRYPT - Encrypting with key, plaintext length: 0
[1785281334] [NOISE_PROTOCOL_DEBUG] CIPHER_ENCRYPT_TRANSPORT - Transport message with nonce prefix, total length: 63
[1785281334] [NOISE_PROTOCOL_DEBUG] DECRYPT_AND_HASH_HASH_MIXED - Hash mixed with ciphertext
[1785281334] [NOISE_PROTOCOL_DEBUG] CIPHER_ENCRYPT_KEY - Key length: 32
[1785281334] [NOISE_PROTOCOL_DEBUG] CIPHER_ENCRYPT_KEY - Key length: 32
[1785281334] [NOISE_PROTOCOL_DEBUG] READ_MESSAGE_S_DONE - Static key read and validated successfully
[1785281334] [NOISE_PROTOCOL_DEBUG] CIPHER_ENCRYPT_NONCE - Current nonce: 0
[1785281334] [NOISE_PROTOCOL_DEBUG] READ_MESSAGE_START - Pattern: XX, Current: 2/3
[1785281334] [NOISE_PROTOCOL_DEBUG] CIPHER_ENCRYPT_NONCE - Current nonce: 0
[1785281334] [NOISE_PROTOCOL_DEBUG] READ_MESSAGE_HASH_AFTER_PATTERN - Hash after pattern S: [143, 52, 27, 241, 153, 109, 205, 39]
[1785281334] [NOISE_PROTOCOL_DEBUG] CIPHER_ENCRYPT_ASSOCIATED_DATA - Associated data length: 32
[1785281334] [NOISE_PROTOCOL_DEBUG] READ_MESSAGE_START - Pattern: XX, Current: 2/3
[1785281334] [NOISE_PROTOCOL_DEBUG] READ_MESSAGE_HASH_BEFORE - Hash before read: [195, 2, 75, 72, 137, 18, 94, 4]
[1785281334] [NOISE_PROTOCOL_DEBUG] CIPHER_ENCRYPT_ASSOCIATED_DATA - Associated data length: 32
[1785281334] [NOISE_PROTOCOL_DEBUG] READ_MESSAGE_PATTERN - Processing pattern: SE
[1785281334] [NOISE_PROTOCOL_DEBUG] READ_MESSAGE_HASH_BEFORE - Hash before read: [49, 84, 15, 221, 140, 197, 108, 42]
[1785281334] [NOISE_PROTOCOL_DEBUG] READ_MESSAGE_PATTERNS - Processing patterns: [S, SE]
[1785281334] [NOISE_PROTOCOL_DEBUG] READ_MESSAGE_HASH_BEFORE_PATTERN - Hash before pattern: [143, 52, 27, 241, 153, 109, 205, 39]
[1785281334] [NOISE_PROTOCOL_DEBUG] READ_MESSAGE_PATTERNS - Processing patterns: [S, SE]
[1785281334] [NOISE_PROTOCOL_DEBUG] READ_MESSAGE_PATTERN - Processing pattern: S
[1785281334] [NOISE_PROTOCOL_DEBUG] READ_MESSAGE_SE - Performing DH(static, ephemeral)
[1785281334] [NOISE_PROTOCOL_DEBUG] READ_MESSAGE_PATTERN - Processing pattern: S
[1785281334] [NOISE_PROTOCOL_DEBUG] READ_MESSAGE_HASH_BEFORE_PATTERN - Hash before pattern: [195, 2, 75, 72, 137, 18, 94, 4]
[1785281334] [NOISE_PROTOCOL_DEBUG] READ_MESSAGE_HASH_BEFORE_PATTERN - Hash before pattern: [49, 84, 15, 221, 140, 197, 108, 42]
[1785281334] [NOISE_PROTOCOL_DEBUG] READ_MESSAGE_S - Reading static key
[1785281334] [NOISE_PROTOCOL_DEBUG] READ_MESSAGE_S - Reading static key
[1785281334] [NOISE_PROTOCOL_DEBUG] READ_MESSAGE_S_CHECK - Checking static key length: need 48 bytes, available 64 bytes, has_cipher_key: true
[1785281334] [NOISE_PROTOCOL_DEBUG] READ_MESSAGE_S_CHECK - Checking static key length: need 48 bytes, available 64 bytes, has_cipher_key: true
[1785281334] [NOISE_PROTOCOL_DEBUG] READ_MESSAGE_S_DATA - Static key data length: 48, has_cipher_key: true
[1785281334] [NOISE_PROTOCOL_DEBUG] READ_MESSAGE_S_DATA - Static key data length: 48, has_cipher_key: true
[1785281334] [NOISE_PROTOCOL_DEBUG] CIPHER_ENCRYPT_SUCCESS - Encryption successful, ciphertext length: 16
[1785281334] [NOISE_PROTOCOL_DEBUG] DECRYPT_AND_HASH - Decrypting with cipher key, ciphertext length: 48
[1785281334] [NOISE_PROTOCOL_DEBUG] DECRYPT_AND_HASH - Decrypting with cipher key, ciphertext length: 48
[1785281334] [NOISE_PROTOCOL_DEBUG] CIPHER_ENCRYPT_SUCCESS - Encryption successful, ciphertext length: 16
[1785281334] [NOISE_PROTOCOL_DEBUG] DECRYPT_AND_HASH_HASH - Current hash length: 32
[1785281334] [NOISE_PROTOCOL_DEBUG] DECRYPT_AND_HASH_HASH - Current hash length: 32
[1785281334] [NOISE_PROTOCOL_DEBUG] WRITE_MESSAGE_ENCRYPT_DONE - Payload encrypted, total buffer size: 64
[1785281334] [NOISE_PROTOCOL_DEBUG] DECRYPT_AND_HASH_HASH_BYTES - Hash bytes: [49, 84, 15, 221, 140, 197, 108, 42]
[1785281334] [NOISE_PROTOCOL_DEBUG] DECRYPT_AND_HASH_HASH_BYTES - Hash bytes: [195, 2, 75, 72, 137, 18, 94, 4]
[1785281334] [NOISE_PROTOCOL_DEBUG] WRITE_MESSAGE_COMPLETE - Message written, pattern 2 complete
[1785281334] [NOISE_PROTOCOL_DEBUG] WRITE_MESSAGE_ENCRYPT_DONE - Payload encrypted, total buffer size: 64
[1785281334] [NOISE_PROTOCOL_DEBUG] CIPHER_DECRYPT - Decrypting with key, ciphertext length: 48
[1785281334] [NOISE_PROTOCOL_DEBUG] CIPHER_DECRYPT - Decrypting with key, ciphertext length: 48
[1785281334] [NOISE_PROTOCOL_DEBUG] WRITE_MESSAGE_COMPLETE - Message written, pattern 2 complete
[1785281334] [NOISE_PROTOCOL_DEBUG] CIPHER_DECRYPT_SUCCESS - Decryption successful, plaintext length: 32
[1785281334] [NOISE_PROTOCOL_DEBUG] CIPHER_DECRYPT_SUCCESS - Decryption successful, plaintext length: 32
[1785281334] [NOISE_PROTOCOL_DEBUG] DECRYPT_AND_HASH_SUCCESS - Decryption successful, plaintext length: 32
[1785281334] [NOISE_PROTOCOL_DEBUG] DECRYPT_AND_HASH_SUCCESS - Decryption successful, plaintext length: 32
[1785281334] [NOISE_PROTOCOL_DEBUG] CIPHER_ENCRYPT - Encrypting with key, plaintext length: 45
[1785281334] [NOISE_PROTOCOL_DEBUG] DECRYPT_AND_HASH_HASH_MIXED - Hash mixed with ciphertext
[1785281334] [NOISE_PROTOCOL_DEBUG] CIPHER_ENCRYPT_KEY - Key length: 32
[1785281334] [NOISE_PROTOCOL_DEBUG] READ_MESSAGE_S_DONE - Static key read and validated successfully
[1785281334] [NOISE_PROTOCOL_DEBUG] DECRYPT_AND_HASH_HASH_MIXED - Hash mixed with ciphertext
[1785281334] [NOISE_PROTOCOL_DEBUG] CIPHER_ENCRYPT - Encrypting with key, plaintext length: 42
[1785281334] [NOISE_PROTOCOL_DEBUG] READ_MESSAGE_HASH_AFTER_PATTERN - Hash after pattern S: [58, 141, 49, 30, 75, 231, 68, 220]
[1785281334] [NOISE_PROTOCOL_DEBUG] CIPHER_ENCRYPT_NONCE - Current nonce: 0
[1785281334] [NOISE_PROTOCOL_DEBUG] READ_MESSAGE_S_DONE - Static key read and validated successfully
[1785281334] [NOISE_PROTOCOL_DEBUG] CIPHER_ENCRYPT_KEY - Key length: 32
[1785281334] [NOISE_PROTOCOL_DEBUG] CIPHER_ENCRYPT_ASSOCIATED_DATA - Associated data length: 0
[1785281334] [NOISE_PROTOCOL_DEBUG] READ_MESSAGE_PATTERN - Processing pattern: SE
[1785281334] [NOISE_PROTOCOL_DEBUG] READ_MESSAGE_HASH_AFTER_PATTERN - Hash after pattern S: [13, 234, 117, 255, 47, 108, 199, 46]
[1785281334] [NOISE_PROTOCOL_DEBUG] CIPHER_ENCRYPT_NONCE - Current nonce: 0
[1785281334] [NOISE_PROTOCOL_DEBUG] READ_MESSAGE_HASH_BEFORE_PATTERN - Hash before pattern: [58, 141, 49, 30, 75, 231, 68, 220]
[1785281334] [NOISE_PROTOCOL_DEBUG] READ_MESSAGE_PATTERN - Processing pattern: SE
[1785281334] [NOISE_PROTOCOL_DEBUG] CIPHER_ENCRYPT_ASSOCIATED_DATA - Associated data length: 0
[1785281334] [NOISE_PROTOCOL_DEBUG] READ_MESSAGE_SE - Performing DH(static, ephemeral)
[1785281334] [NOISE_PROTOCOL_DEBUG] READ_MESSAGE_HASH_BEFORE_PATTERN - Hash before pattern: [13, 234, 117, 255, 47, 108, 199, 46]
[1785281334] [NOISE_PROTOCOL_DEBUG] READ_MESSAGE_SE - Performing DH(static, ephemeral)
[1785281334] [NOISE_PROTOCOL_DEBUG] READ_MESSAGE_SE_DONE - DH(static, ephemeral) completed
[1785281334] [NOISE_PROTOCOL_DEBUG] READ_MESSAGE_HASH_AFTER_PATTERN - Hash after pattern SE: [143, 52, 27, 241, 153, 109, 205, 39]
[1785281334] [NOISE_PROTOCOL_DEBUG] READ_MESSAGE_PAYLOAD - Decrypting payload, length: 16
[1785281334] [NOISE_PROTOCOL_DEBUG] DECRYPT_AND_HASH - Decrypting with cipher key, ciphertext length: 16
[1785281334] [NOISE_PROTOCOL_DEBUG] DECRYPT_AND_HASH_HASH - Current hash length: 32
[1785281334] [NOISE_PROTOCOL_DEBUG] CIPHER_ENCRYPT_SUCCESS - Encryption successful, ciphertext length: 61
[1785281334] [NOISE_PROTOCOL_DEBUG] DECRYPT_AND_HASH_HASH_BYTES - Hash bytes: [143, 52, 27, 241, 153, 109, 205, 39]
[1785281334] [NOISE_PROTOCOL_DEBUG] CIPHER_DECRYPT - Decrypting with key, ciphertext length: 16
[1785281334] [NOISE_PROTOCOL_DEBUG] CIPHER_ENCRYPT_TRANSPORT - Transport message with nonce prefix, total length: 65
[1785281334] [NOISE_PROTOCOL_DEBUG] CIPHER_ENCRYPT_SUCCESS - Encryption successful, ciphertext length: 58
[1785281334] [NOISE_PROTOCOL_DEBUG] CIPHER_ENCRYPT_TRANSPORT - Transport message with nonce prefix, total length: 62
[1785281334] [NOISE_PROTOCOL_DEBUG] READ_MESSAGE_START - Pattern: XX, Current: 2/3
[1785281334] [NOISE_PROTOCOL_DEBUG] READ_MESSAGE_HASH_BEFORE - Hash before read: [76, 166, 135, 95, 193, 18, 69, 210]
[1785281334] [NOISE_PROTOCOL_DEBUG] CIPHER_DECRYPT_SUCCESS - Decryption successful, plaintext length: 0
[1785281334] [NOISE_PROTOCOL_DEBUG] READ_MESSAGE_PATTERNS - Processing patterns: [S, SE]
[1785281334] [NOISE_PROTOCOL_DEBUG] READ_MESSAGE_START - Pattern: XX, Current: 2/3
[1785281334] [NOISE_PROTOCOL_DEBUG] DECRYPT_AND_HASH_SUCCESS - Decryption successful, plaintext length: 0
[1785281334] [NOISE_PROTOCOL_DEBUG] READ_MESSAGE_PATTERN - Processing pattern: S
[1785281334] [NOISE_PROTOCOL_DEBUG] READ_MESSAGE_HASH_BEFORE - Hash before read: [54, 153, 173, 155, 51, 226, 32, 176]
[1785281334] [NOISE_PROTOCOL_DEBUG] READ_MESSAGE_HASH_BEFORE_PATTERN - Hash before pattern: [76, 166, 135, 95, 193, 18, 69, 210]
[1785281334] [NOISE_PROTOCOL_DEBUG] DECRYPT_AND_HASH_HASH_MIXED - Hash mixed with ciphertext
[1785281334] [NOISE_PROTOCOL_DEBUG] READ_MESSAGE_PATTERNS - Processing patterns: [S, SE]
[1785281334] [NOISE_PROTOCOL_DEBUG] READ_MESSAGE_PAYLOAD_SUCCESS - Payload decrypted successfully, length: 0
[1785281334] [NOISE_PROTOCOL_DEBUG] READ_MESSAGE_S - Reading static key
[1785281334] [NOISE_PROTOCOL_DEBUG] READ_MESSAGE_PATTERN - Processing pattern: S
[1785281334] [NOISE_PROTOCOL_DEBUG] READ_MESSAGE_COMPLETE - Message read successfully, new pattern: 3/3
[1785281334] [NOISE_PROTOCOL_DEBUG] READ_MESSAGE_S_CHECK - Checking static key length: need 48 bytes, available 64 bytes, has_cipher_key: true
[1785281334] [NOISE_PROTOCOL_DEBUG] READ_MESSAGE_HASH_BEFORE_PATTERN - Hash before pattern: [54, 153, 173, 155, 51, 226, 32, 176]
[1785281334] [NOISE_PROTOCOL_DEBUG] READ_MESSAGE_HASH_AFTER - Hash after read: [220, 198, 146, 229, 129, 25, 65, 113]
[1785281334] [NOISE_PROTOCOL_DEBUG] READ_MESSAGE_S_DATA - Static key data length: 48, has_cipher_key: true
[1785281334] [NOISE_PROTOCOL_DEBUG] READ_MESSAGE_S - Reading static key
[1785281334] [NOISE_PROTOCOL_DEBUG] DECRYPT_AND_HASH - Decrypting with cipher key, ciphertext length: 48
[1785281334] [NOISE_PROTOCOL_DEBUG] READ_MESSAGE_S_CHECK - Checking static key length: need 48 bytes, available 64 bytes, has_cipher_key: true
[1785281334] [NOISE_PROTOCOL_DEBUG] DECRYPT_AND_HASH_HASH - Current hash length: 32
[1785281334] [NOISE_PROTOCOL_DEBUG] READ_MESSAGE_S_DATA - Static key data length: 48, has_cipher_key: true
[1785281334] [NOISE_PROTOCOL_DEBUG] DECRYPT_AND_HASH_HASH_BYTES - Hash bytes: [76, 166, 135, 95, 193, 18, 69, 210]
[1785281334] [NOISE_PROTOCOL_DEBUG] DECRYPT_AND_HASH - Decrypting with cipher key, ciphertext length: 48
[1785281334] [NOISE_PROTOCOL_DEBUG] CIPHER_DECRYPT - Decrypting with key, ciphertext length: 48
[1785281334] [NOISE_PROTOCOL_DEBUG] DECRYPT_AND_HASH_HASH - Current hash length: 32
[1785281334] [NOISE_PROTOCOL_DEBUG] DECRYPT_AND_HASH_HASH_BYTES - Hash bytes: [54, 153, 173, 155, 51, 226, 32, 176]
[1785281334] [NOISE_PROTOCOL_DEBUG] CIPHER_DECRYPT - Decrypting with key, ciphertext length: 48
[1785281334] [NOISE_PROTOCOL_DEBUG] CIPHER_DECRYPT - Decrypting with key, ciphertext length: 74
[1785281334] [NOISE_PROTOCOL_DEBUG] READ_MESSAGE_SE_DONE - DH(static, ephemeral) completed
[1785281334] [NOISE_PROTOCOL_DEBUG] READ_MESSAGE_HASH_AFTER_PATTERN - Hash after pattern SE: [58, 141, 49, 30, 75, 231, 68, 220]
[1785281334] [NOISE_PROTOCOL_DEBUG] READ_MESSAGE_PAYLOAD - Decrypting payload, length: 16
[1785281334] [NOISE_PROTOCOL_DEBUG] DECRYPT_AND_HASH - Decrypting with cipher key, ciphertext length: 16
[1785281334] [NOISE_PROTOCOL_DEBUG] DECRYPT_AND_HASH_HASH - Current hash length: 32
[1785281334] [NOISE_PROTOCOL_DEBUG] DECRYPT_AND_HASH_HASH_BYTES - Hash bytes: [58, 141, 49, 30, 75, 231, 68, 220]
[1785281334] [NOISE_PROTOCOL_DEBUG] CIPHER_DECRYPT - Decrypting with key, ciphertext length: 16
[1785281334] [NOISE_PROTOCOL_DEBUG] CIPHER_DECRYPT_SUCCESS - Decryption successful, plaintext length: 32
[1785281334] [NOISE_PROTOCOL_DEBUG] DECRYPT_AND_HASH_SUCCESS - Decryption successful, plaintext length: 32
[1785281334] [NOISE_PROTOCOL_DEBUG] CIPHER_DECRYPT_SUCCESS - Decryption successful, plaintext length: 32
[1785281334] [NOISE_PROTOCOL_DEBUG] CIPHER_DECRYPT_SUCCESS - Decryption successful, plaintext length: 54
[1785281334] [NOISE_PROTOCOL_DEBUG] DECRYPT_AND_HASH_HASH_MIXED - Hash mixed with ciphertext
[1785281334] [NOISE_PROTOCOL_DEBUG] CIPHER_DECRYPT_SUCCESS - Decryption successful, plaintext length: 0
[1785281334] [NOISE_PROTOCOL_DEBUG] DECRYPT_AND_HASH_SUCCESS - Decryption successful, plaintext length: 32
[1785281334] [NOISE_PROTOCOL_DEBUG] READ_MESSAGE_S_DONE - Static key read and validated successfully
[1785281334] [NOISE_PROTOCOL_DEBUG] DECRYPT_AND_HASH_SUCCESS - Decryption successful, plaintext length: 0
[1785281334] [NOISE_PROTOCOL_DEBUG] READ_MESSAGE_HASH_AFTER_PATTERN - Hash after pattern S: [133, 110, 76, 228, 213, 247, 28, 249]
[1785281334] [NOISE_PROTOCOL_DEBUG] DECRYPT_AND_HASH_HASH_MIXED - Hash mixed with ciphertext
[1785281334] [NOISE_PROTOCOL_DEBUG] DECRYPT_AND_HASH_HASH_MIXED - Hash mixed with ciphertext
[1785281334] [NOISE_PROTOCOL_DEBUG] READ_MESSAGE_SE_DONE - DH(static, ephemeral) completed
[1785281334] [NOISE_PROTOCOL_DEBUG] READ_MESSAGE_PATTERN - Processing pattern: SE
[1785281334] [NOISE_PROTOCOL_DEBUG] READ_MESSAGE_PAYLOAD_SUCCESS - Payload decrypted successfully, length: 0
[1785281334] [NOISE_PROTOCOL_DEBUG] READ_MESSAGE_S_DONE - Static key read and validated successfully
[1785281334] [NOISE_PROTOCOL_DEBUG] READ_MESSAGE_HASH_AFTER_PATTERN - Hash after pattern SE: [13, 234, 117, 255, 47, 108, 199, 46]
[1785281334] [NOISE_PROTOCOL_DEBUG] READ_MESSAGE_COMPLETE - Message read successfully, new pattern: 3/3
[1785281334] [NOISE_PROTOCOL_DEBUG] READ_MESSAGE_HASH_BEFORE_PATTERN - Hash before pattern: [133, 110, 76, 228, 213, 247, 28, 249]
[1785281334] [NOISE_PROTOCOL_DEBUG] READ_MESSAGE_HASH_AFTER_PATTERN - Hash after pattern S: [109, 254, 183, 29, 90, 38, 117, 104]
[1785281334] [NOISE_PROTOCOL_DEBUG] READ_MESSAGE_PAYLOAD - Decrypting payload, length: 16
[1785281334] [NOISE_PROTOCOL_DEBUG] READ_MESSAGE_HASH_AFTER - Hash after read: [131, 18, 48, 118, 201, 14, 72, 120]
[1785281334] [NOISE_PROTOCOL_DEBUG] READ_MESSAGE_SE - Performing DH(static, ephemeral)
[1785281334] [NOISE_PROTOCOL_DEBUG] READ_MESSAGE_PATTERN - Processing pattern: SE
[1785281334] [NOISE_PROTOCOL_DEBUG] DECRYPT_AND_HASH - Decrypting with cipher key, ciphertext length: 16
[1785281334] [NOISE_PROTOCOL_DEBUG] READ_MESSAGE_HASH_BEFORE_PATTERN - Hash before pattern: [109, 254, 183, 29, 90, 38, 117, 104]
[1785281334] [NOISE_PROTOCOL_DEBUG] DECRYPT_AND_HASH_HASH - Current hash length: 32
[1785281334] [NOISE_PROTOCOL_DEBUG] READ_MESSAGE_SE - Performing DH(static, ephemeral)
[1785281334] [NOISE_PROTOCOL_DEBUG] DECRYPT_AND_HASH_HASH_BYTES - Hash bytes: [13, 234, 117, 255, 47, 108, 199, 46]
[1785281334] [NOISE_PROTOCOL_DEBUG] CIPHER_DECRYPT - Decrypting with key, ciphertext length: 16
[1785281334] [NOISE_PROTOCOL_DEBUG] CIPHER_DECRYPT - Decrypting with key, ciphertext length: 63
[1785281334] [NOISE_PROTOCOL_DEBUG] CIPHER_DECRYPT_SUCCESS - Decryption successful, plaintext length: 0
[1785281334] [NOISE_PROTOCOL_DEBUG] DECRYPT_AND_HASH_SUCCESS - Decryption successful, plaintext length: 0
[1785281334] [NOISE_PROTOCOL_DEBUG] DECRYPT_AND_HASH_HASH_MIXED - Hash mixed with ciphertext
[1785281334] [NOISE_PROTOCOL_DEBUG] READ_MESSAGE_PAYLOAD_SUCCESS - Payload decrypted successfully, length: 0
[1785281334] [NOISE_PROTOCOL_DEBUG] READ_MESSAGE_COMPLETE - Message read successfully, new pattern: 3/3
[1785281334] [NOISE_PROTOCOL_DEBUG] CIPHER_DECRYPT_SUCCESS - Decryption successful, plaintext length: 43
[1785281334] [NOISE_PROTOCOL_DEBUG] READ_MESSAGE_HASH_AFTER - Hash after read: [163, 41, 237, 171, 11, 240, 86, 71]
[1785281334] [NOISE_PROTOCOL_DEBUG] CIPHER_DECRYPT - Decrypting with key, ciphertext length: 78
[1785281334] [NOISE_PROTOCOL_DEBUG] CIPHER_DECRYPT_SUCCESS - Decryption successful, plaintext length: 58
[1785281334] [NOISE_PROTOCOL_DEBUG] READ_MESSAGE_SE_DONE - DH(static, ephemeral) completed
[1785281334] [NOISE_PROTOCOL_DEBUG] READ_MESSAGE_HASH_AFTER_PATTERN - Hash after pattern SE: [133, 110, 76, 228, 213, 247, 28, 249]
[1785281334] [NOISE_PROTOCOL_DEBUG] READ_MESSAGE_PAYLOAD - Decrypting payload, length: 16
[1785281334] [NOISE_PROTOCOL_DEBUG] DECRYPT_AND_HASH - Decrypting with cipher key, ciphertext length: 16
[1785281334] [NOISE_PROTOCOL_DEBUG] READ_MESSAGE_SE_DONE - DH(static, ephemeral) completed
[1785281334] [NOISE_PROTOCOL_DEBUG] DECRYPT_AND_HASH_HASH - Current hash length: 32
[1785281334] [NOISE_PROTOCOL_DEBUG] READ_MESSAGE_HASH_AFTER_PATTERN - Hash after pattern SE: [109, 254, 183, 29, 90, 38, 117, 104]
[1785281334] [NOISE_PROTOCOL_DEBUG] DECRYPT_AND_HASH_HASH_BYTES - Hash bytes: [133, 110, 76, 228, 213, 247, 28, 249]
[1785281334] [NOISE_PROTOCOL_DEBUG] READ_MESSAGE_PAYLOAD - Decrypting payload, length: 16
[1785281334] [NOISE_PROTOCOL_DEBUG] CIPHER_DECRYPT - Decrypting with key, ciphertext length: 16
[1785281334] [NOISE_PROTOCOL_DEBUG] DECRYPT_AND_HASH - Decrypting with cipher key, ciphertext length: 16
[1785281334] [NOISE_PROTOCOL_DEBUG] DECRYPT_AND_HASH_HASH - Current hash length: 32
[1785281334] [NOISE_PROTOCOL_DEBUG] DECRYPT_AND_HASH_HASH_BYTES - Hash bytes: [109, 254, 183, 29, 90, 38, 117, 104]
[1785281334] [NOISE_PROTOCOL_DEBUG] CIPHER_DECRYPT - Decrypting with key, ciphertext length: 16
[1785281334] [NOISE_PROTOCOL_DEBUG] CIPHER_DECRYPT_SUCCESS - Decryption successful, plaintext length: 0
[1785281334] [NOISE_PROTOCOL_DEBUG] DECRYPT_AND_HASH_SUCCESS - Decryption successful, plaintext length: 0
[1785281334] [NOISE_PROTOCOL_DEBUG] DECRYPT_AND_HASH_HASH_MIXED - Hash mixed with ciphertext
[1785281334] [NOISE_PROTOCOL_DEBUG] CIPHER_DECRYPT_SUCCESS - Decryption successful, plaintext length: 0
[1785281334] [NOISE_PROTOCOL_DEBUG] READ_MESSAGE_PAYLOAD_SUCCESS - Payload decrypted successfully, length: 0
[1785281334] [NOISE_PROTOCOL_DEBUG] DECRYPT_AND_HASH_SUCCESS - Decryption successful, plaintext length: 0
[1785281334] [NOISE_PROTOCOL_DEBUG] READ_MESSAGE_COMPLETE - Message read successfully, new pattern: 3/3
[1785281334] [NOISE_PROTOCOL_DEBUG] READ_MESSAGE_HASH_AFTER - Hash after read: [211, 98, 19, 161, 8, 229, 209, 204]
[1785281334] [NOISE_PROTOCOL_DEBUG] DECRYPT_AND_HASH_HASH_MIXED - Hash mixed with ciphertext
[1785281334] [NOISE_PROTOCOL_DEBUG] READ_MESSAGE_PAYLOAD_SUCCESS - Payload decrypted successfully, length: 0
[1785281334] [NOISE_PROTOCOL_DEBUG] READ_MESSAGE_COMPLETE - Message read successfully, new pattern: 3/3
[1785281334] [NOISE_PROTOCOL_DEBUG] READ_MESSAGE_HASH_AFTER - Hash after read: [113, 68, 183, 48, 126, 6, 10, 236]
[1785281334] [NOISE_PROTOCOL_DEBUG] CIPHER_DECRYPT - Decrypting with key, ciphertext length: 65
[1785281334] [NOISE_PROTOCOL_DEBUG] CIPHER_DECRYPT - Decrypting with key, ciphertext length: 62
[1785281334] [NOISE_PROTOCOL_DEBUG] CIPHER_DECRYPT_SUCCESS - Decryption successful, plaintext length: 45
[1785281334] [NOISE_PROTOCOL_DEBUG] CIPHER_ENCRYPT - Encrypting with key, plaintext length: 45
[1785281334] [NOISE_PROTOCOL_DEBUG] CIPHER_DECRYPT_SUCCESS - Decryption successful, plaintext length: 42
[1785281334] [NOISE_PROTOCOL_DEBUG] CIPHER_ENCRYPT_KEY - Key length: 32
[1785281334] [NOISE_PROTOCOL_DEBUG] CIPHER_ENCRYPT_NONCE - Current nonce: 0
[1785281334] [NOISE_PROTOCOL_DEBUG] CIPHER_ENCRYPT_ASSOCIATED_DATA - Associated data length: 0
[1785281334] [NOISE_PROTOCOL_DEBUG] CIPHER_ENCRYPT - Encrypting with key, plaintext length: 295
[1785281334] [NOISE_PROTOCOL_DEBUG] CIPHER_ENCRYPT_KEY - Key length: 32
[1785281334] [NOISE_PROTOCOL_DEBUG] CIPHER_ENCRYPT_SUCCESS - Encryption successful, ciphertext length: 61
[1785281334] [NOISE_PROTOCOL_DEBUG] CIPHER_ENCRYPT_NONCE - Current nonce: 1
[1785281334] [NOISE_PROTOCOL_DEBUG] CIPHER_ENCRYPT_TRANSPORT - Transport message with nonce prefix, total length: 65
[1785281334] [NOISE_PROTOCOL_DEBUG] CIPHER_ENCRYPT_ASSOCIATED_DATA - Associated data length: 0
[1785281334] [NOISE_PROTOCOL_DEBUG] CIPHER_DECRYPT - Decrypting with key, ciphertext length: 65
[1785281334] [NOISE_PROTOCOL_DEBUG] CIPHER_DECRYPT_SUCCESS - Decryption successful, plaintext length: 45
[1785281334] [NOISE_PROTOCOL_DEBUG] CIPHER_ENCRYPT_SUCCESS - Encryption successful, ciphertext length: 311
[1785281334] [NOISE_PROTOCOL_DEBUG] CIPHER_ENCRYPT_TRANSPORT - Transport message with nonce prefix, total length: 315
[1785281334] [NOISE_PROTOCOL_DEBUG] CIPHER_ENCRYPT - Encrypting with key, plaintext length: 295
[1785281334] [NOISE_PROTOCOL_DEBUG] CIPHER_ENCRYPT_KEY - Key length: 32
[1785281334] [NOISE_PROTOCOL_DEBUG] CIPHER_ENCRYPT_NONCE - Current nonce: 2
[1785281334] [NOISE_PROTOCOL_DEBUG] CIPHER_ENCRYPT_ASSOCIATED_DATA - Associated data length: 0
[1785281334] [NOISE_PROTOCOL_DEBUG] CIPHER_ENCRYPT_SUCCESS - Encryption successful, ciphertext length: 311
[1785281334] [NOISE_PROTOCOL_DEBUG] CIPHER_ENCRYPT_TRANSPORT - Transport message with nonce prefix, total length: 315
[1785281334] [NOISE_PROTOCOL_DEBUG] CIPHER_ENCRYPT - Encrypting with key, plaintext length: 295
[1785281334] [NOISE_PROTOCOL_DEBUG] CIPHER_ENCRYPT_KEY - Key length: 32
[1785281334] [NOISE_PROTOCOL_DEBUG] CIPHER_ENCRYPT_NONCE - Current nonce: 3
[1785281334] [NOISE_PROTOCOL_DEBUG] CIPHER_ENCRYPT_ASSOCIATED_DATA - Associated data length: 0
[1785281334] [NOISE_PROTOCOL_DEBUG] CIPHER_ENCRYPT_SUCCESS - Encryption successful, ciphertext length: 311
[1785281334] [NOISE_PROTOCOL_DEBUG] CIPHER_ENCRYPT_TRANSPORT - Transport message with nonce prefix, total length: 315
[1785281334] [NOISE_PROTOCOL_DEBUG] CIPHER_ENCRYPT - Encrypting with key, plaintext length: 275
[1785281334] [NOISE_PROTOCOL_DEBUG] CIPHER_ENCRYPT_KEY - Key length: 32
[1785281334] [NOISE_PROTOCOL_DEBUG] CIPHER_ENCRYPT_NONCE - Current nonce: 4
[1785281334] [NOISE_PROTOCOL_DEBUG] CIPHER_ENCRYPT_ASSOCIATED_DATA - Associated data length: 0
[1785281334] [NOISE_PROTOCOL_DEBUG] CIPHER_ENCRYPT_SUCCESS - Encryption successful, ciphertext length: 291
[1785281334] [NOISE_PROTOCOL_DEBUG] CIPHER_ENCRYPT_TRANSPORT - Transport message with nonce prefix, total length: 295
[1785281334] [NOISE_PROTOCOL_DEBUG] CIPHER_DECRYPT - Decrypting with key, ciphertext length: 315
[1785281334] [NOISE_PROTOCOL_DEBUG] CIPHER_DECRYPT_SUCCESS - Decryption successful, plaintext length: 295
[1785281334] [NOISE_PROTOCOL_DEBUG] CIPHER_DECRYPT - Decrypting with key, ciphertext length: 315
[1785281334] [NOISE_PROTOCOL_DEBUG] CIPHER_DECRYPT_SUCCESS - Decryption successful, plaintext length: 295
[1785281334] [NOISE_PROTOCOL_DEBUG] CIPHER_DECRYPT - Decrypting with key, ciphertext length: 315
[1785281334] [NOISE_PROTOCOL_DEBUG] CIPHER_DECRYPT_SUCCESS - Decryption successful, plaintext length: 295
[1785281334] [NOISE_PROTOCOL_DEBUG] CIPHER_DECRYPT - Decrypting with key, ciphertext length: 295
[1785281334] [NOISE_PROTOCOL_DEBUG] CIPHER_DECRYPT_SUCCESS - Decryption successful, plaintext length: 275
